volcano_number,volcano_name,eruption_number,eruption_category,area_of_activity,vei,start_year,start_month,start_day,evidence_method_dating,end_year,end_month,end_day,latitude,longitude
266030,Soputan,22354,Confirmed Eruption,,,2020.0,3.0,23.0,Historical Observations,2020.0,4.0,2.0,1.112,124.737
343100,San Miguel,22355,Confirmed Eruption,,,2020.0,2.0,22.0,Historical Observations,2020.0,2.0,22.0,13.434,-88.269
233020,"Fournaise, Piton de la",22343,Confirmed Eruption,,,2020.0,2.0,10.0,Historical Observations,2020.0,4.0,6.0,-21.244,55.708
345020,Rincon de la Vieja,22346,Confirmed Eruption,,,2020.0,1.0,31.0,Historical Observations,2020.0,4.0,17.0,10.83,-85.324
353010,Fernandina,22347,Confirmed Eruption,,,2020.0,1.0,12.0,Historical Observations,2020.0,1.0,12.0,-0.37,-91.55
273070,Taal,22344,Confirmed Eruption,,,2020.0,1.0,12.0,Historical Observations,2020.0,1.0,22.0,14.002,120.993
282050,Kuchinoerabujima,22345,Confirmed Eruption,,,2020.0,1.0,11.0,Historical Observations,2020.0,4.0,17.0,30.443,130.217
241040,Whakaari/White Island,22338,Confirmed Eruption,1978/90 Crater Complex,2.0,2019.0,12.0,9.0,Historical Observations,2019.0,12.0,9.0,-37.52,177.18
311060,Semisopochnoi,22341,Confirmed Eruption,,,2019.0,12.0,7.0,Historical Observations,2020.0,3.0,15.0,51.93,179.58
284096,Nishinoshima,22340,Confirmed Eruption,,1.0,2019.0,12.0,5.0,Historical Observations,2020.0,4.0,17.0,27.247,140.874
311240,Cleveland,22342,Uncertain Eruption,,,2019.0,11.0,7.0,Historical Observations,2019.0,12.0,7.0,52.825,-169.944
282060,Kikai,22339,Confirmed Eruption,,,2019.0,11.0,2.0,Historical Observations,2020.0,4.0,16.0,30.793,130.305
300260,Klyuchevskoy,22335,Confirmed Eruption,,,2019.0,10.0,24.0,Historical Observations,2020.0,4.0,17.0,56.056,160.642
243070,Lateiki,22334,Confirmed Eruption,,1.0,2019.0,10.0,13.0,Historical Observations,2019.0,10.0,22.0,-19.18,-174.87
283110,Asamayama,22326,Confirmed Eruption,,,2019.0,8.0,7.0,Historical Observations,2019.0,8.0,25.0,36.406,138.523
357090,Copahue,22336,Confirmed Eruption,,,2019.0,8.0,2.0,Historical Observations,2019.0,11.0,12.0,-37.856,-71.183
263090,Tangkuban Parahu,22325,Confirmed Eruption,,,2019.0,7.0,26.0,Historical Observations,2019.0,9.0,17.0,-6.77,107.6
311360,Shishaldin,22330,Confirmed Eruption,Summit crater,,2019.0,7.0,23.0,Historical Observations,2020.0,4.0,9.0,54.756,-163.97
351020,"Ruiz, Nevado del",22329,Confirmed Eruption,,,2019.0,7.0,23.0,Historical Observations,2020.0,4.0,13.0,4.892,-75.324
311060,Semisopochnoi,22328,Confirmed Eruption,,,2019.0,7.0,16.0,Historical Observations,2019.0,8.0,24.0,51.93,179.58
252120,Ulawun,22319,Confirmed Eruption,,,2019.0,6.0,26.0,Historical Observations,2019.0,10.0,5.0,-5.05,151.33
354020,Ubinas,22324,Confirmed Eruption,,,2019.0,6.0,24.0,Historical Observations,2019.0,12.0,24.0,-16.355,-70.903
290250,Raikoke,22321,Confirmed Eruption,,,2019.0,6.0,22.0,Historical Observations,2019.0,7.0,1.0,48.292,153.25
233020,"Fournaise, Piton de la",22318,Confirmed Eruption,,,2019.0,6.0,11.0,Historical Observations,2019.0,10.0,27.0,-21.244,55.708
311120,Great Sitkin,22322,Confirmed Eruption,,,2019.0,6.0,1.0,Historical Observations,2019.0,6.0,7.0,52.076,-176.13
290240,Sarychev Peak,22320,Confirmed Eruption,,2.0,2019.0,5.0,16.0,Historical Observations,2019.0,10.0,7.0,48.092,153.2
341040,Colima,22323,Confirmed Eruption,,,2019.0,5.0,11.0,Historical Observations,2019.0,7.0,12.0,19.514,-103.62
282110,Asosan,22317,Confirmed Eruption,,,2019.0,4.0,16.0,Historical Observations,2020.0,4.0,17.0,32.884,131.104
300260,Klyuchevskoy,22310,Confirmed Eruption,,,2019.0,4.0,9.0,Historical Observations,2019.0,7.0,2.0,56.056,160.642
352090,Sangay,22312,Confirmed Eruption,,,2019.0,3.0,26.0,Historical Observations,2020.0,4.0,17.0,-2.005,-78.341
344020,San Cristobal,22311,Confirmed Eruption,,,2019.0,3.0,4.0,Historical Observations,2019.0,3.0,4.0,12.702,-87.004
233020,"Fournaise, Piton de la",22307,Confirmed Eruption,,,2019.0,2.0,18.0,Historical Observations,2019.0,3.0,10.0,-21.244,55.708
263310,Tengger Caldera,22306,Confirmed Eruption,Bromo,2.0,2019.0,2.0,18.0,Historical Observations,2019.0,7.0,28.0,-7.942,112.95
300130,Karymsky,22309,Confirmed Eruption,,,2019.0,2.0,16.0,Historical Observations,2019.0,9.0,24.0,54.049,159.443
345040,Poas,22303,Confirmed Eruption,,,2019.0,2.0,7.0,Historical Observations,2019.0,9.0,30.0,10.2,-84.233
261080,Sinabung,22316,Confirmed Eruption,,,2019.0,2.0,6.0,Historical Observations,2019.0,6.0,9.0,3.17,98.392
256010,Tinakula,22313,Confirmed Eruption,,2.0,2018.0,12.0,8.0,Historical Observations,2020.0,4.0,11.0,-10.386,165.804
267020,Karangetang,22294,Confirmed Eruption,,2.0,2018.0,11.0,25.0,Historical Observations,2020.0,4.0,17.0,2.781,125.407
357040,Planchon-Peteroa,22297,Confirmed Eruption,,1.0,2018.0,11.0,7.0,Historical Observations,2019.0,5.0,7.0,-35.223,-70.568
351020,"Ruiz, Nevado del",22298,Uncertain Eruption,,,2018.0,10.0,26.0,Historical Observations,2018.0,10.0,26.0,4.892,-75.324
282050,Kuchinoerabujima,22296,Confirmed Eruption,,3.0,2018.0,10.0,21.0,Historical Observations,2019.0,2.0,3.0,30.443,130.217
268060,Gamalama,22295,Confirmed Eruption,,1.0,2018.0,10.0,4.0,Historical Observations,2018.0,10.0,6.0,0.8,127.33
266030,Soputan,22293,Confirmed Eruption,,3.0,2018.0,10.0,2.0,Historical Observations,2018.0,12.0,16.0,1.112,124.737
260010,Barren Island,22292,Confirmed Eruption,,1.0,2018.0,9.0,25.0,Historical Observations,2020.0,4.0,16.0,12.278,93.858
252120,Ulawun,22286,Confirmed Eruption,,2.0,2018.0,9.0,21.0,Historical Observations,2018.0,10.0,12.0,-5.05,151.33
290200,Ketoi,22287,Uncertain Eruption,,1.0,2018.0,9.0,21.0,Historical Observations,2018.0,9.0,21.0,47.35,152.475
290240,Sarychev Peak,22288,Confirmed Eruption,,2.0,2018.0,9.0,8.0,Historical Observations,2018.0,10.0,15.0,48.092,153.2
311060,Semisopochnoi,22289,Confirmed Eruption,,1.0,2018.0,9.0,8.0,Historical Observations,2018.0,10.0,31.0,51.93,179.58
312070,Veniaminof,22290,Confirmed Eruption,,1.0,2018.0,9.0,4.0,Historical Observations,2018.0,12.0,23.0,56.17,-159.38
290390,Alaid,22281,Confirmed Eruption,,1.0,2018.0,8.0,20.0,Historical Observations,2018.0,8.0,21.0,50.861,155.565
352090,Sangay,22283,Confirmed Eruption,,2.0,2018.0,8.0,8.0,Historical Observations,2018.0,12.0,7.0,-2.005,-78.341
345020,Rincon de la Vieja,22282,Confirmed Eruption,,1.0,2018.0,7.0,28.0,Historical Observations,2019.0,6.0,11.0,10.83,-85.324
284096,Nishinoshima,22280,Confirmed Eruption,,1.0,2018.0,7.0,12.0,Historical Observations,2018.0,7.0,21.0,27.247,140.874
233005,Mayotte,22337,Confirmed Eruption,About 50 km E of the eastern tip of Mayotte Island,0.0,2018.0,7.0,3.0,Seismicity,2019.0,8.0,20.0,-12.83,45.17
353050,"Negra, Sierra",22279,Confirmed Eruption,Summit crater and NNW flank,2.0,2018.0,6.0,26.0,Historical Observations,2018.0,8.0,23.0,-0.83,-91.17
344040,Telica,22277,Confirmed Eruption,,1.0,2018.0,6.0,21.0,Historical Observations,2018.0,8.0,15.0,12.606,-86.84
262000,Krakatau,22275,Confirmed Eruption,,3.0,2018.0,6.0,18.0,Historical Observations,2020.0,4.0,17.0,-6.102,105.423
353010,Fernandina,22278,Confirmed Eruption,,1.0,2018.0,6.0,16.0,Historical Observations,2018.0,6.0,21.0,-0.37,-91.55
311120,Great Sitkin,22276,Confirmed Eruption,,1.0,2018.0,6.0,10.0,Historical Observations,2018.0,8.0,11.0,52.076,-176.13
252120,Ulawun,22285,Confirmed Eruption,,1.0,2018.0,6.0,8.0,Historical Observations,2018.0,6.0,8.0,-5.05,151.33
263250,Merapi,22264,Confirmed Eruption,,3.0,2018.0,5.0,11.0,Historical Observations,2020.0,4.0,17.0,-7.54,110.446
300130,Karymsky,22265,Confirmed Eruption,,3.0,2018.0,4.0,28.0,Historical Observations,2018.0,9.0,30.0,54.049,159.443
261140,Marapi,22262,Confirmed Eruption,Verbeek Crater,2.0,2018.0,4.0,27.0,Historical Observations,2018.0,5.0,2.0,-0.38,100.474
344020,San Cristobal,22266,Confirmed Eruption,,1.0,2018.0,4.0,22.0,Historical Observations,2018.0,4.0,22.0,12.702,-87.004
261170,Kerinci,22274,Confirmed Eruption,,1.0,2018.0,4.0,21.0,Historical Observations,2020.0,4.0,17.0,-1.697,101.264
223020,Nyamuragira,22315,Confirmed Eruption,Summit caldera,0.0,2018.0,4.0,18.0,Historical Observations,2020.0,4.0,7.0,-1.408,29.2
233020,"Fournaise, Piton de la",22261,Confirmed Eruption,,0.0,2018.0,4.0,3.0,Historical Observations,2018.0,11.0,1.0,-21.244,55.708
263200,Dieng Volcanic Complex,22263,Confirmed Eruption,Sileri Crater,1.0,2018.0,4.0,1.0,Historical Observations,2018.0,4.0,1.0,-7.2,109.879
282090,Kirishimayama,22257,Confirmed Eruption,Shinmoedake,3.0,2018.0,3.0,1.0,Historical Observations,2018.0,6.0,27.0,31.934,130.862
352090,Sangay,22259,Confirmed Eruption,Summit crater,1.0,2018.0,2.0,25.0,Historical Observations,2018.0,2.0,25.0,-2.005,-78.341
267020,Karangetang,22256,Confirmed Eruption,,1.0,2018.0,2.0,2.0,Historical Observations,2018.0,2.0,2.0,2.781,125.407
283120,Kusatsu-Shiranesan,22258,Confirmed Eruption,Motoshiranesan,1.0,2018.0,1.0,23.0,Historical Observations,2018.0,1.0,23.0,36.618,138.528
343100,San Miguel,22251,Confirmed Eruption,,1.0,2018.0,1.0,14.0,Historical Observations,2018.0,5.0,30.0,13.434,-88.269
273030,Mayon,22250,Confirmed Eruption,,2.0,2018.0,1.0,13.0,Historical Observations,2019.0,10.0,12.0,13.257,123.685
251002,Kadovar,22246,Confirmed Eruption,,2.0,2018.0,1.0,5.0,Historical Observations,2020.0,4.0,17.0,-3.608,144.588
351020,"Ruiz, Nevado del",22348,Uncertain Eruption,,,2017.0,12.0,18.0,Historical Observations,2017.0,12.0,18.0,4.892,-75.324
272020,Kanlaon,22249,Confirmed Eruption,,2.0,2017.0,12.0,9.0,Historical Observations,2017.0,12.0,9.0,10.412,123.132
264020,Agung,22241,Confirmed Eruption,Summit crater,3.0,2017.0,11.0,21.0,Historical Observations,2019.0,6.0,13.0,-8.343,115.508
261230,Dempo,22248,Confirmed Eruption,,1.0,2017.0,11.0,9.0,Historical Observations,2017.0,11.0,9.0,-4.016,103.121
256010,Tinakula,22239,Confirmed Eruption,,3.0,2017.0,10.0,21.0,Historical Observations,2017.0,10.0,26.0,-10.386,165.804
290240,Sarychev Peak,22308,Confirmed Eruption,,2.0,2017.0,10.0,12.0,Historical Observations,2017.0,11.0,13.0,48.092,153.2
282090,Kirishimayama,22242,Confirmed Eruption,Shinmoedake,2.0,2017.0,10.0,11.0,Historical Observations,2017.0,10.0,17.0,31.934,130.862
257030,Ambae,22240,Confirmed Eruption,,3.0,2017.0,9.0,6.0,Historical Observations,2018.0,10.0,30.0,-15.389,167.835
353010,Fernandina,22245,Confirmed Eruption,SSW caldera rim,2.0,2017.0,9.0,4.0,Historical Observations,2017.0,9.0,7.0,-0.37,-91.55
344020,San Cristobal,22252,Confirmed Eruption,,3.0,2017.0,8.0,18.0,Historical Observations,2017.0,11.0,11.0,12.702,-87.004
261170,Kerinci,22273,Confirmed Eruption,,1.0,2017.0,8.0,13.0,Historical Observations,2017.0,8.0,13.0,-1.697,101.264
352090,Sangay,22231,Confirmed Eruption,Summit crater,2.0,2017.0,7.0,20.0,Historical Observations,2017.0,10.0,26.0,-2.005,-78.341
264050,Sangeang Api,22228,Confirmed Eruption,Summit crater,2.0,2017.0,7.0,15.0,Historical Observations,2020.0,3.0,30.0,-8.2,119.07
233020,"Fournaise, Piton de la",22224,Confirmed Eruption,,0.0,2017.0,7.0,14.0,Historical Observations,2017.0,8.0,28.0,-21.244,55.708
252120,Ulawun,22225,Confirmed Eruption,,1.0,2017.0,6.0,11.0,Historical Observations,2017.0,11.0,3.0,-5.05,151.33
273010,Bulusan,22229,Confirmed Eruption,,1.0,2017.0,6.0,5.0,Historical Observations,2017.0,6.0,5.0,12.769,124.056
261140,Marapi,22226,Confirmed Eruption,Verbeek Crater,1.0,2017.0,6.0,4.0,Historical Observations,2017.0,6.0,4.0,-0.38,100.474
300130,Karymsky,22230,Confirmed Eruption,,3.0,2017.0,6.0,4.0,Historical Observations,2018.0,1.0,27.0,54.049,159.443
357090,Copahue,22232,Confirmed Eruption,Agrio Crater,1.0,2017.0,6.0,4.0,Historical Observations,2018.0,12.0,7.0,-37.856,-71.183
345020,Rincon de la Vieja,22208,Confirmed Eruption,Crater lake,2.0,2017.0,5.0,23.0,Historical Observations,2018.0,3.0,15.0,10.83,-85.324
267020,Karangetang,22212,Uncertain Eruption,,,2017.0,5.0,10.0,Historical Observations,2017.0,5.0,10.0,2.781,125.407
263200,Dieng Volcanic Complex,22227,Confirmed Eruption,Sileri Crater,1.0,2017.0,4.0,30.0,Historical Observations,2017.0,7.0,2.0,-7.2,109.879
284096,Nishinoshima,22207,Confirmed Eruption,,2.0,2017.0,4.0,18.0,Historical Observations,2017.0,8.0,17.0,27.247,140.874
345040,Poas,22209,Confirmed Eruption,,1.0,2017.0,4.0,12.0,Historical Observations,2017.0,11.0,6.0,10.2,-84.233
222120,"Lengai, Ol Doinyo",22284,Confirmed Eruption,North Crater,0.0,2017.0,4.0,9.0,Historical Observations,2020.0,3.0,24.0,-2.764,35.914
360160,Kick 'em Jenny,22260,Confirmed Eruption,,0.0,2017.0,3.0,29.0,Hydrophonic,2017.0,3.0,29.0,12.3,-61.64
282080,Aira,22203,Confirmed Eruption,Minamidake summit crater,1.0,2017.0,3.0,25.0,Historical Observations,2020.0,4.0,17.0,31.593,130.657
300010,Kambalny,22198,Confirmed Eruption,,3.0,2017.0,3.0,24.0,Historical Observations,2017.0,4.0,10.0,51.306,156.875
264100,Ebulobo,22211,Uncertain Eruption,,,2017.0,3.0,12.0,Historical Observations,2017.0,3.0,12.0,-8.817,121.191
262000,Krakatau,22188,Confirmed Eruption,Summit crater,1.0,2017.0,2.0,19.0,Historical Observations,2017.0,2.0,19.0,-6.102,105.423
344020,San Cristobal,22269,Confirmed Eruption,,1.0,2017.0,2.0,18.0,Historical Observations,2017.0,4.0,19.0,12.702,-87.004
233020,"Fournaise, Piton de la",22184,Confirmed Eruption,,0.0,2017.0,1.0,31.0,Historical Observations,2017.0,2.0,27.0,-21.244,55.708
243030,Unnamed,22185,Confirmed Eruption,,0.0,2017.0,1.0,23.0,Historical Observations,2017.0,1.0,31.0,-20.852,-175.55
260010,Barren Island,22187,Confirmed Eruption,,2.0,2017.0,1.0,15.0,Historical Observations,2017.0,5.0,16.0,12.278,93.858
343100,San Miguel,22192,Confirmed Eruption,,1.0,2017.0,1.0,7.0,Historical Observations,2017.0,1.0,7.0,13.434,-88.269
311300,Bogoslof,22182,Confirmed Eruption,,3.0,2016.0,12.0,20.0,Historical Observations,2017.0,8.0,30.0,53.93,-168.03
290260,Chirinkotan,22175,Confirmed Eruption,,3.0,2016.0,11.0,29.0,Historical Observations,2017.0,4.0,7.0,48.98,153.48
223020,Nyamuragira,22202,Confirmed Eruption,,0.0,2016.0,11.0,27.0,Historical Observations,2017.0,5.0,2.0,-1.408,29.2
300120,Zhupanovsky,22177,Confirmed Eruption,,2.0,2016.0,11.0,20.0,Historical Observations,2016.0,11.0,20.0,53.589,159.15
261170,Kerinci,22172,Confirmed Eruption,,1.0,2016.0,11.0,15.0,Historical Observations,2016.0,11.0,21.0,-1.697,101.264
354006,Sabancaya,22158,Confirmed Eruption,,3.0,2016.0,11.0,6.0,Historical Observations,2020.0,4.0,17.0,-15.787,-71.857
290380,Ebeko,22176,Confirmed Eruption,,2.0,2016.0,10.0,20.0,Historical Observations,2020.0,4.0,17.0,50.686,156.014
252120,Ulawun,22171,Confirmed Eruption,,1.0,2016.0,10.0,11.0,Historical Observations,2016.0,11.0,18.0,-5.05,151.33
282110,Asosan,22174,Confirmed Eruption,,3.0,2016.0,10.0,7.0,Historical Observations,2016.0,11.0,12.0,32.884,131.104
300130,Karymsky,22178,Confirmed Eruption,,2.0,2016.0,10.0,5.0,Historical Observations,2016.0,10.0,8.0,54.049,159.443
222120,"Lengai, Ol Doinyo",22305,Confirmed Eruption,North Crater,,2016.0,9.0,21.0,Historical Observations,2016.0,10.0,13.0,-2.764,35.914
241040,Whakaari/White Island,22147,Confirmed Eruption,2012 lava dome,1.0,2016.0,9.0,13.0,Historical Observations,2016.0,9.0,13.0,-37.52,177.18
354020,Ubinas,22181,Confirmed Eruption,,2.0,2016.0,9.0,13.0,Historical Observations,2017.0,3.0,2.0,-16.355,-70.903
233020,"Fournaise, Piton de la",22145,Confirmed Eruption,,0.0,2016.0,9.0,11.0,Historical Observations,2016.0,9.0,18.0,-21.244,55.708
268060,Gamalama,22150,Confirmed Eruption,,1.0,2016.0,8.0,3.0,Historical Observations,2016.0,8.0,4.0,0.8,127.33
264030,Rinjani,22149,Confirmed Eruption,Barujari Crater,2.0,2016.0,8.0,1.0,Historical Observations,2016.0,9.0,27.0,-8.42,116.47
290360,Chikurachki,22153,Confirmed Eruption,,2.0,2016.0,7.0,27.0,Historical Observations,2016.0,8.0,18.0,50.324,155.461
343100,San Miguel,22154,Confirmed Eruption,,1.0,2016.0,6.0,18.0,Historical Observations,2016.0,6.0,18.0,13.434,-88.269
273010,Bulusan,22151,Confirmed Eruption,SE vent,2.0,2016.0,6.0,10.0,Historical Observations,2017.0,3.0,2.0,12.769,124.056
345040,Poas,22156,Confirmed Eruption,,1.0,2016.0,6.0,5.0,Historical Observations,2016.0,8.0,16.0,10.2,-84.233
233020,"Fournaise, Piton de la",22144,Confirmed Eruption,Château Fort crater,0.0,2016.0,5.0,26.0,Historical Observations,2016.0,5.0,27.0,-21.244,55.708
241040,Whakaari/White Island,22121,Confirmed Eruption,,1.0,2016.0,4.0,27.0,Historical Observations,2016.0,4.0,27.0,-37.52,177.18
390080,Bristol Island,22133,Confirmed Eruption,,1.0,2016.0,4.0,24.0,Historical Observations,2016.0,7.0,19.0,-59.017,-26.533
344020,San Cristobal,22130,Confirmed Eruption,,2.0,2016.0,4.0,22.0,Historical Observations,2016.0,4.0,22.0,12.702,-87.004
311240,Cleveland,22128,Confirmed Eruption,Summit crater,2.0,2016.0,4.0,16.0,Historical Observations,2019.0,1.0,16.0,52.825,-169.944
252010,Langila,22123,Confirmed Eruption,,2.0,2016.0,4.0,2.0,Historical Observations,2018.0,10.0,30.0,-5.525,148.42
261170,Kerinci,22125,Confirmed Eruption,,2.0,2016.0,3.0,31.0,Historical Observations,2016.0,6.0,9.0,-1.697,101.264
390130,Zavodovski,22159,Confirmed Eruption,,1.0,2016.0,3.0,30.0,Historical Observations,2016.0,5.0,16.0,-56.3,-27.57
290360,Chikurachki,22127,Confirmed Eruption,,2.0,2016.0,3.0,29.0,Historical Observations,2016.0,3.0,31.0,50.324,155.461
312030,Pavlof,22129,Confirmed Eruption,,2.0,2016.0,3.0,27.0,Historical Observations,2016.0,7.0,30.0,55.417,-161.894
352090,Sangay,22237,Confirmed Eruption,Summit crater,2.0,2016.0,3.0,25.0,Historical Observations,2016.0,11.0,17.0,-2.005,-78.341
273010,Bulusan,22114,Confirmed Eruption,,2.0,2016.0,2.0,22.0,Historical Observations,2016.0,2.0,22.0,12.769,124.056
343100,San Miguel,22117,Confirmed Eruption,,1.0,2016.0,1.0,12.0,Historical Observations,2016.0,1.0,18.0,13.434,-88.269
357070,"Chillan, Nevados de",22119,Confirmed Eruption,Nicanor crater,2.0,2016.0,1.0,8.0,Historical Observations,2020.0,4.0,17.0,-36.868,-71.378
266030,Soputan,22105,Confirmed Eruption,,3.0,2016.0,1.0,2.0,Historical Observations,2016.0,2.0,7.0,1.112,124.737
344090,Momotombo,22107,Confirmed Eruption,,2.0,2015.0,12.0,1.0,Historical Observations,2016.0,4.0,7.0,12.423,-86.539
272020,Kanlaon,22106,Confirmed Eruption,,2.0,2015.0,11.0,24.0,Historical Observations,2016.0,6.0,18.0,10.412,123.132
261140,Marapi,22111,Confirmed Eruption,,1.0,2015.0,11.0,14.0,Historical Observations,2015.0,11.0,14.0,-0.38,100.474
263310,Tengger Caldera,22103,Confirmed Eruption,Bromo cone,2.0,2015.0,11.0,12.0,Historical Observations,2016.0,11.0,12.0,-7.942,112.95
355100,Lascar,22110,Confirmed Eruption,,2.0,2015.0,10.0,30.0,Historical Observations,2017.0,4.0,2.0,-23.37,-67.73
264030,Rinjani,22104,Confirmed Eruption,Barujari crater,2.0,2015.0,10.0,25.0,Historical Observations,2015.0,12.0,24.0,-8.42,116.47
344100,Masaya,22108,Confirmed Eruption,,1.0,2015.0,10.0,3.0,Historical Observations,2020.0,4.0,17.0,11.985,-86.165
290390,Alaid,21096,Confirmed Eruption,,1.0,2015.0,9.0,29.0,Historical Observations,2016.0,8.0,11.0,50.861,155.565
344040,Telica,21097,Confirmed Eruption,,2.0,2015.0,9.0,23.0,Historical Observations,2016.0,5.0,11.0,12.606,-86.84
357090,Copahue,21098,Confirmed Eruption,Agrio Crater,2.0,2015.0,9.0,18.0,Historical Observations,2016.0,12.0,30.0,-37.856,-71.183
266100,Lokon-Empung,21093,Confirmed Eruption,Tompaluan,1.0,2015.0,8.0,30.0,Historical Observations,2015.0,9.0,28.0,1.358,124.792
300260,Klyuchevskoy,21095,Confirmed Eruption,,3.0,2015.0,8.0,28.0,Historical Observations,2018.0,6.0,15.0,56.056,160.642
352050,Cotopaxi,21088,Confirmed Eruption,,2.0,2015.0,8.0,14.0,Historical Observations,2016.0,1.0,24.0,-0.677,-78.436
343100,San Miguel,22233,Confirmed Eruption,,1.0,2015.0,8.0,13.0,Historical Observations,2015.0,8.0,13.0,13.434,-88.269
360160,Kick 'em Jenny,21090,Confirmed Eruption,,0.0,2015.0,7.0,23.0,Historical Observations,2015.0,7.0,24.0,12.3,-61.64
268060,Gamalama,21087,Confirmed Eruption,,2.0,2015.0,7.0,16.0,Historical Observations,2015.0,9.0,8.0,0.8,127.33
264270,Sirung,21086,Confirmed Eruption,,1.0,2015.0,7.0,7.0,Historical Observations,2015.0,7.0,8.0,-8.508,124.13
283020,Hakoneyama,21080,Confirmed Eruption,,1.0,2015.0,6.0,29.0,Historical Observations,2015.0,7.0,1.0,35.233,139.021
354006,Sabancaya,21089,Confirmed Eruption,,1.0,2015.0,6.0,28.0,Historical Observations,2015.0,7.0,9.0,-15.787,-71.857
263170,Cereme,21079,Uncertain Eruption,,,2015.0,6.0,24.0,Historical Observations,2015.0,6.0,24.0,-6.895,108.408
222120,"Lengai, Ol Doinyo",22304,Confirmed Eruption,North Crater,0.0,2015.0,6.0,20.0,Historical Observations,2015.0,8.0,24.0,-2.764,35.914
283110,Asamayama,21081,Confirmed Eruption,,1.0,2015.0,6.0,16.0,Historical Observations,2015.0,6.0,16.0,36.406,138.523
345020,Rincon de la Vieja,22132,Confirmed Eruption,Crater lake,1.0,2015.0,6.0,16.0,Historical Observations,2016.0,5.0,1.0,10.83,-85.324
342110,Pacaya,22157,Confirmed Eruption,MacKenney Crater,1.0,2015.0,6.0,7.0,Historical Observations,2020.0,4.0,17.0,14.382,-90.601
282050,Kuchinoerabujima,21073,Confirmed Eruption,,3.0,2015.0,5.0,29.0,Historical Observations,2015.0,6.0,19.0,30.443,130.217
353020,Wolf,21075,Confirmed Eruption,,4.0,2015.0,5.0,25.0,Historical Observations,2015.0,6.0,2.0,0.02,-91.35
266100,Lokon-Empung,21071,Confirmed Eruption,Tompaluan,1.0,2015.0,5.0,20.0,Historical Observations,2015.0,5.0,27.0,1.358,124.792
344040,Telica,21074,Confirmed Eruption,,2.0,2015.0,5.0,7.0,Historical Observations,2015.0,5.0,28.0,12.606,-86.84
273010,Bulusan,21072,Confirmed Eruption,,2.0,2015.0,5.0,1.0,Historical Observations,2015.0,7.0,17.0,12.769,124.056
331021,Axial Seamount,21092,Confirmed Eruption,NE flank,0.0,2015.0,4.0,23.0,Seismicity,2015.0,5.0,24.0,45.95,-130.0
358020,Calbuco,21076,Confirmed Eruption,,4.0,2015.0,4.0,22.0,Historical Observations,2015.0,5.0,26.0,-41.33,-72.618
345070,Turrialba,20998,Confirmed Eruption,,2.0,2015.0,3.0,8.0,Historical Observations,2019.0,10.0,28.0,10.025,-83.767
344020,San Cristobal,22268,Confirmed Eruption,,2.0,2015.0,3.0,5.0,Historical Observations,2015.0,6.0,12.0,12.702,-87.004
290360,Chikurachki,20990,Confirmed Eruption,,3.0,2015.0,2.0,16.0,Historical Observations,2015.0,2.0,18.0,50.324,155.461
233020,"Fournaise, Piton de la",20982,Confirmed Eruption,,0.0,2015.0,2.0,4.0,Historical Observations,2015.0,10.0,31.0,-21.244,55.708
263340,Raung,21070,Confirmed Eruption,,3.0,2015.0,2.0,1.0,Historical Observations,2015.0,8.0,22.0,-8.119,114.056
343100,San Miguel,20994,Confirmed Eruption,,1.0,2015.0,1.0,26.0,Historical Observations,2015.0,4.0,11.0,13.434,-88.269
352090,Sangay,22236,Confirmed Eruption,Summit crater,2.0,2015.0,1.0,19.0,Historical Observations,2015.0,4.0,7.0,-2.005,-78.341
266030,Soputan,20988,Confirmed Eruption,,3.0,2015.0,1.0,6.0,Historical Observations,2015.0,3.0,7.0,1.112,124.737
300260,Klyuchevskoy,20992,Confirmed Eruption,,2.0,2015.0,1.0,1.0,Historical Observations,2015.0,5.0,10.0,56.056,160.642
243040,Hunga Tonga-Hunga Ha'apai,20983,Confirmed Eruption,,2.0,2014.0,12.0,19.0,Historical Observations,2015.0,1.0,23.0,-20.536,-175.382
268060,Gamalama,20989,Confirmed Eruption,,2.0,2014.0,12.0,18.0,Historical Observations,2014.0,12.0,25.0,0.8,127.33
290290,Sinarka,20980,Uncertain Eruption,,1.0,2014.0,12.0,3.0,Historical Observations,2014.0,12.0,3.0,48.873,154.182
357120,Villarrica,20996,Confirmed Eruption,,1.0,2014.0,12.0,2.0,Historical Observations,2020.0,4.0,13.0,-39.42,-71.93
257050,Lopevi,20986,Uncertain Eruption,,,2014.0,12.0,1.0,Historical Observations,2014.0,12.0,15.0,-16.507,168.346
384010,Fogo,20977,Confirmed Eruption,WSW base of Pico,3.0,2014.0,11.0,23.0,Historical Observations,2015.0,2.0,8.0,14.95,-24.35
290260,Chirinkotan,22223,Confirmed Eruption,,2.0,2014.0,11.0,21.0,Historical Observations,2015.0,8.0,10.0,48.98,153.48
351020,"Ruiz, Nevado del",20995,Confirmed Eruption,,2.0,2014.0,11.0,18.0,Historical Observations,2017.0,5.0,29.0,4.892,-75.324
390090,Saunders,22271,Confirmed Eruption,Summit crater,1.0,2014.0,11.0,12.0,Historical Observations,2020.0,1.0,28.0,-57.8,-26.483
312030,Pavlof,20975,Confirmed Eruption,,1.0,2014.0,11.0,12.0,Historical Observations,2014.0,11.0,15.0,55.417,-161.894
345070,Turrialba,20974,Confirmed Eruption,Central Crater,2.0,2014.0,10.0,29.0,Historical Observations,2014.0,12.0,8.0,10.025,-83.767
264180,Lewotobi,20973,Uncertain Eruption,,2.0,2014.0,10.0,6.0,Historical Observations,2014.0,10.0,6.0,-8.542,122.775
283040,Ontakesan,20964,Confirmed Eruption,Summit crater,3.0,2014.0,9.0,27.0,Historical Observations,2014.0,10.0,14.0,35.893,137.48
345020,Rincon de la Vieja,20961,Confirmed Eruption,Crater lake,1.0,2014.0,9.0,17.0,Historical Observations,2014.0,10.0,24.0,10.83,-85.324
282110,Asosan,20960,Confirmed Eruption,Naka-dake,2.0,2014.0,8.0,30.0,Historical Observations,2016.0,5.0,1.0,32.884,131.104
373030,Bardarbunga,20955,Confirmed Eruption,Holuhraun,0.0,2014.0,8.0,29.0,Historical Observations,2015.0,2.0,27.0,64.633,-17.516
342110,Pacaya,22222,Confirmed Eruption,MacKenney Crater,1.0,2014.0,8.0,25.0,Historical Observations,2015.0,2.0,17.0,14.382,-90.601
273030,Mayon,20959,Confirmed Eruption,Summit crater,0.0,2014.0,8.0,12.0,Historical Observations,2014.0,10.0,19.0,13.257,123.685
354006,Sabancaya,20953,Uncertain Eruption,,1.0,2014.0,8.0,5.0,Historical Observations,2014.0,12.0,27.0,-15.787,-71.857
282050,Kuchinoerabujima,20952,Confirmed Eruption,Shindake,1.0,2014.0,8.0,3.0,Historical Observations,2014.0,8.0,3.0,30.443,130.217
344020,San Cristobal,22267,Confirmed Eruption,,2.0,2014.0,7.0,20.0,Historical Observations,2014.0,10.0,1.0,12.702,-87.004
252140,Rabaul,20957,Confirmed Eruption,Tavurvur,3.0,2014.0,7.0,7.0,Historical Observations,2014.0,9.0,18.0,-4.271,152.203
357090,Copahue,20954,Confirmed Eruption,Agrio Crater,1.0,2014.0,7.0,4.0,Historical Observations,2014.0,12.0,2.0,-37.856,-71.183
251020,Manam,20956,Confirmed Eruption,,2.0,2014.0,6.0,29.0,Historical Observations,2020.0,4.0,9.0,-4.08,145.037
233020,"Fournaise, Piton de la",20919,Confirmed Eruption,Enclos Fouqué,0.0,2014.0,6.0,21.0,Historical Observations,2014.0,6.0,21.0,-21.244,55.708
267020,Karangetang,20914,Confirmed Eruption,Main crater,2.0,2014.0,6.0,8.0,Historical Observations,2016.0,3.0,15.0,2.781,125.407
300120,Zhupanovsky,20908,Confirmed Eruption,,3.0,2014.0,6.0,6.0,Historical Observations,2016.0,3.0,24.0,53.589,159.15
312030,Pavlof,20909,Confirmed Eruption,NE flank,3.0,2014.0,5.0,31.0,Historical Observations,2014.0,6.0,2.0,55.417,-161.894
264050,Sangeang Api,20911,Confirmed Eruption,Summit crater,3.0,2014.0,5.0,30.0,Historical Observations,2015.0,11.0,5.0,-8.2,119.07
223020,Nyamuragira,20942,Confirmed Eruption,,0.0,2014.0,5.0,30.0,Historical Observations,2016.0,5.0,14.0,-1.408,29.2
284141,Ahyi,20936,Confirmed Eruption,,0.0,2014.0,4.0,24.0,Hydrophonic,2014.0,5.0,17.0,20.42,145.03
263300,Semeru,22221,Confirmed Eruption,Jonggring Seloko,3.0,2014.0,4.0,1.0,Historical Observations,2020.0,4.0,17.0,-8.108,112.922
262000,Krakatau,20932,Confirmed Eruption,Anak Krakatau,1.0,2014.0,3.0,31.0,Historical Observations,2014.0,3.0,31.0,-6.102,105.423
251030,Karkar,20910,Confirmed Eruption,,1.0,2014.0,3.0,26.0,Historical Observations,2014.0,3.0,27.0,-4.649,145.964
263250,Merapi,20892,Confirmed Eruption,,3.0,2014.0,3.0,9.0,Historical Observations,2014.0,4.0,20.0,-7.54,110.446
263180,Slamet,20933,Confirmed Eruption,,2.0,2014.0,3.0,8.0,Historical Observations,2014.0,9.0,17.0,-7.242,109.208
263280,Kelut,20934,Confirmed Eruption,,4.0,2014.0,2.0,13.0,Historical Observations,2014.0,2.0,15.0,-7.93,112.308
267020,Karangetang,20913,Confirmed Eruption,,1.0,2014.0,2.0,9.0,Historical Observations,2014.0,2.0,9.0,2.781,125.407
344020,San Cristobal,20941,Confirmed Eruption,,1.0,2014.0,2.0,4.0,Historical Observations,2014.0,4.0,11.0,12.702,-87.004
261140,Marapi,20931,Confirmed Eruption,,1.0,2014.0,2.0,3.0,Historical Observations,2014.0,2.0,26.0,-0.38,100.474
255060,Kavachi,20920,Confirmed Eruption,,1.0,2014.0,1.0,29.0,Historical Observations,2014.0,1.0,29.0,-8.991,157.979
311360,Shishaldin,20937,Confirmed Eruption,,1.0,2014.0,1.0,28.0,Historical Observations,2015.0,10.0,16.0,54.756,-163.97
282110,Asosan,20935,Confirmed Eruption,Naka-dake,1.0,2014.0,1.0,13.0,Historical Observations,2014.0,2.0,19.0,32.884,131.104
263340,Raung,21069,Uncertain Eruption,,1.0,2014.0,1.0,4.0,Historical Observations,2014.0,1.0,4.0,-8.119,114.056
343100,San Miguel,20906,Confirmed Eruption,,2.0,2013.0,12.0,29.0,Historical Observations,2014.0,7.0,28.0,13.434,-88.269
284096,Nishinoshima,20916,Confirmed Eruption,Offshore to the SE (Niijima),2.0,2013.0,11.0,20.0,Historical Observations,2015.0,11.0,17.0,27.247,140.874
263250,Merapi,20842,Confirmed Eruption,,2.0,2013.0,11.0,18.0,Historical Observations,2013.0,11.0,18.0,-7.54,110.446
300120,Zhupanovsky,20907,Confirmed Eruption,,3.0,2013.0,10.0,23.0,Historical Observations,2013.0,10.0,26.0,53.589,159.15
260010,Barren Island,20918,Confirmed Eruption,,2.0,2013.0,10.0,12.0,Historical Observations,2016.0,5.0,17.0,12.278,93.858
263090,Tangkuban Parahu,20987,Confirmed Eruption,,1.0,2013.0,10.0,5.0,Historical Observations,2013.0,10.0,5.0,-6.77,107.6
221020,Zubair Group,21068,Confirmed Eruption,Jadid Island,2.0,2013.0,9.0,28.0,Historical Observations,2013.0,11.0,20.0,15.05,42.18
344040,Telica,22195,Confirmed Eruption,,1.0,2013.0,9.0,25.0,Historical Observations,2013.0,9.0,25.0,12.606,-86.84
261080,Sinabung,20818,Confirmed Eruption,,4.0,2013.0,9.0,15.0,Historical Observations,2018.0,8.0,30.0,3.17,98.392
211060,Etna,20841,Confirmed Eruption,New Southeast Crater (NSEC),2.0,2013.0,9.0,3.0,Historical Observations,2020.0,4.0,17.0,37.748,14.999
354020,Ubinas,20832,Confirmed Eruption,,2.0,2013.0,9.0,1.0,Historical Observations,2016.0,2.0,27.0,-16.355,-70.903
264250,Iliwerung,20912,Confirmed Eruption,Hobal (submarine vent on SE flank),0.0,2013.0,8.0,20.0,Historical Observations,2013.0,8.0,20.0,-8.53,123.57
300260,Klyuchevskoy,20786,Confirmed Eruption,,1.0,2013.0,8.0,15.0,Historical Observations,2013.0,12.0,20.0,56.056,160.642
290200,Ketoi,20780,Uncertain Eruption,Pallas Peak,,2013.0,7.0,25.0,Historical Observations,2013.0,8.0,12.0,47.35,152.475
357120,Villarrica,20838,Confirmed Eruption,,1.0,2013.0,7.0,25.0,Historical Observations,2013.0,7.0,29.0,-39.42,-71.93
252120,Ulawun,20835,Confirmed Eruption,,1.0,2013.0,7.0,8.0,Historical Observations,2013.0,12.0,21.0,-5.05,151.33
284090,Izu-Torishima,20828,Uncertain Eruption,,2.0,2013.0,7.0,6.0,Historical Observations,2013.0,7.0,6.0,30.484,140.303
312070,Veniaminof,20836,Confirmed Eruption,Western intracaldera cone,3.0,2013.0,6.0,13.0,Historical Observations,2013.0,10.0,12.0,56.17,-159.38
290260,Chirinkotan,20757,Confirmed Eruption,,1.0,2013.0,6.0,11.0,Historical Observations,2014.0,6.0,1.0,48.98,153.48
344020,San Cristobal,20817,Confirmed Eruption,,1.0,2013.0,6.0,7.0,Historical Observations,2013.0,6.0,7.0,12.702,-87.004
282060,Kikai,20781,Confirmed Eruption,,1.0,2013.0,6.0,4.0,Historical Observations,2013.0,6.0,4.0,30.793,130.305
263300,Semeru,22220,Confirmed Eruption,Jonggring Seloko,1.0,2013.0,6.0,4.0,Historical Observations,2013.0,11.0,29.0,-8.108,112.922
261170,Kerinci,22216,Confirmed Eruption,,2.0,2013.0,6.0,2.0,Historical Observations,2013.0,6.0,2.0,-1.697,101.264
345070,Turrialba,20831,Confirmed Eruption,West Crater,2.0,2013.0,5.0,21.0,Historical Observations,2013.0,6.0,4.0,10.025,-83.767
312030,Pavlof,20807,Confirmed Eruption,Summit,3.0,2013.0,5.0,13.0,Historical Observations,2013.0,6.0,26.0,55.417,-161.894
344100,Masaya,22291,Uncertain Eruption,,0.0,2013.0,5.0,11.0,Historical Observations,2013.0,5.0,26.0,11.985,-86.165
273030,Mayon,20798,Confirmed Eruption,,2.0,2013.0,5.0,7.0,Historical Observations,2013.0,5.0,7.0,13.257,123.685
355100,Lascar,20789,Confirmed Eruption,,1.0,2013.0,4.0,2.0,Historical Observations,2013.0,11.0,20.0,-23.37,-67.73
342110,Pacaya,20802,Confirmed Eruption,MacKenney Crater,2.0,2013.0,3.0,5.0,Historical Observations,2014.0,4.0,10.0,14.382,-90.601
263090,Tangkuban Parahu,20822,Confirmed Eruption,Ratu Crater,2.0,2013.0,2.0,21.0,Historical Observations,2013.0,3.0,6.0,-6.77,107.6
260010,Barren Island,20754,Confirmed Eruption,,1.0,2013.0,2.0,16.0,Historical Observations,2013.0,2.0,16.0,12.278,93.858
290070,Etorofu-Yakeyama [Grozny Group],20762,Confirmed Eruption,Etorofu-Yake-yama / Ivan Grozny,2.0,2013.0,2.0,16.0,Historical Observations,2013.0,4.0,4.0,45.012,147.871
284305,Mariana Back-Arc Segment at 15.5°N,21102,Confirmed Eruption,Along a 10 km N-S line at 15.4°N,0.0,2013.0,2.0,13.0,Historical Observations,2015.0,12.0,1.0,15.406,144.506
251030,Karkar,20779,Confirmed Eruption,,3.0,2013.0,1.0,29.0,Historical Observations,2013.0,2.0,26.0,-4.649,145.964
352090,Sangay,22235,Confirmed Eruption,,2.0,2013.0,1.0,25.0,Historical Observations,2013.0,5.0,24.0,-2.005,-78.341
268040,Gamkonora,20915,Uncertain Eruption,,1.0,2013.0,1.0,23.0,Historical Observations,2013.0,5.0,27.0,1.38,127.53
252140,Rabaul,20811,Confirmed Eruption,Tavurvur,2.0,2013.0,1.0,19.0,Historical Observations,2014.0,3.0,11.0,-4.271,152.203
341040,Colima,20759,Confirmed Eruption,Summit crater,2.0,2013.0,1.0,6.0,Historical Observations,2017.0,3.0,7.0,19.514,-103.62
344020,San Cristobal,20816,Confirmed Eruption,,2.0,2012.0,12.0,26.0,Historical Observations,2012.0,12.0,28.0,12.702,-87.004
357090,Copahue,20760,Confirmed Eruption,Agrio Crater,2.0,2012.0,12.0,22.0,Historical Observations,2013.0,12.0,10.0,-37.856,-71.183
252010,Langila,20788,Confirmed Eruption,,1.0,2012.0,12.0,1.0,Historical Observations,2012.0,12.0,5.0,-5.525,148.42
300240,Tolbachik,20825,Confirmed Eruption,Tolbachinsky Dol,4.0,2012.0,11.0,27.0,Historical Observations,2013.0,9.0,5.0,55.832,160.326
241080,Tongariro,20827,Confirmed Eruption,Upper Te Maari Craters,2.0,2012.0,11.0,21.0,Historical Observations,2012.0,11.0,21.0,-39.157,175.632
357120,Villarrica,20837,Uncertain Eruption,,1.0,2012.0,11.0,14.0,Historical Observations,2012.0,11.0,14.0,-39.42,-71.93
290150,Chirpoi,20756,Confirmed Eruption,Snow,0.0,2012.0,11.0,11.0,Historical Observations,2016.0,10.0,18.0,46.532,150.871
252120,Ulawun,20834,Confirmed Eruption,,1.0,2012.0,11.0,6.0,Historical Observations,2012.0,12.0,11.0,-5.05,151.33
284170,Pagan,20804,Confirmed Eruption,North Pagan,2.0,2012.0,10.0,30.0,Historical Observations,2012.0,12.0,11.0,18.13,145.8
345020,Rincon de la Vieja,22161,Confirmed Eruption,Crater lake,1.0,2012.0,10.0,17.0,Historical Observations,2012.0,10.0,17.0,10.83,-85.324
264150,Paluweh,20806,Confirmed Eruption,Rokatenda,2.0,2012.0,10.0,8.0,Historical Observations,2013.0,10.0,31.0,-8.32,121.708
290390,Alaid,20750,Confirmed Eruption,Summit crater,2.0,2012.0,10.0,5.0,Historical Observations,2012.0,12.0,12.0,50.861,155.565
261140,Marapi,20797,Confirmed Eruption,,1.0,2012.0,9.0,26.0,Historical Observations,2012.0,9.0,26.0,-0.38,100.474
268060,Gamalama,20766,Confirmed Eruption,Summit crater,1.0,2012.0,9.0,15.0,Historical Observations,2012.0,9.0,17.0,0.8,127.33
266100,Lokon-Empung,20794,Confirmed Eruption,Tompaluan,2.0,2012.0,9.0,15.0,Historical Observations,2013.0,9.0,9.0,1.358,124.792
344020,San Cristobal,20815,Confirmed Eruption,,2.0,2012.0,9.0,8.0,Historical Observations,2012.0,9.0,15.0,12.702,-87.004
234010,Heard,20768,Confirmed Eruption,Mawson Peak,0.0,2012.0,9.0,5.0,Historical Observations,2020.0,4.0,10.0,-53.106,73.513
300260,Klyuchevskoy,20785,Confirmed Eruption,,1.0,2012.0,9.0,1.0,Historical Observations,2013.0,1.0,28.0,56.056,160.642
266030,Soputan,20821,Confirmed Eruption,,3.0,2012.0,8.0,26.0,Historical Observations,2012.0,9.0,19.0,1.112,124.737
290070,Etorofu-Yakeyama [Grozny Group],20761,Confirmed Eruption,Etorofu-Yake-yama / Ivan Grozny,2.0,2012.0,8.0,16.0,Historical Observations,2012.0,8.0,25.0,45.012,147.871
241040,Whakaari/White Island,20839,Confirmed Eruption,1978/90 Crater Complex,2.0,2012.0,8.0,7.0,Historical Observations,2013.0,10.0,11.0,-37.52,177.18
241080,Tongariro,20826,Confirmed Eruption,Upper Te Maari Craters,2.0,2012.0,8.0,6.0,Historical Observations,2012.0,8.0,7.0,-39.157,175.632
242050,Monowai,20799,Confirmed Eruption,,0.0,2012.0,8.0,3.0,Hydrophonic,2012.0,8.0,4.0,-25.887,-177.188
242005,Havre Seamount,20748,Confirmed Eruption,,1.0,2012.0,7.0,17.0,Historical Observations,2012.0,7.0,19.0,-31.08,-179.033
267020,Karangetang,20776,Confirmed Eruption,,2.0,2012.0,5.0,14.0,Historical Observations,2013.0,9.0,5.0,2.781,125.407
351080,Galeras,20764,Confirmed Eruption,Summit crater,2.0,2012.0,5.0,13.0,Historical Observations,2014.0,1.0,30.0,1.22,-77.37
264270,Sirung,20819,Confirmed Eruption,,2.0,2012.0,5.0,8.0,Historical Observations,2012.0,5.0,12.0,-8.508,124.13
252120,Ulawun,20833,Confirmed Eruption,,1.0,2012.0,5.0,7.0,Historical Observations,2012.0,5.0,31.0,-5.05,151.33
252080,Witori,20805,Confirmed Eruption,Pago,2.0,2012.0,5.0,3.0,Historical Observations,2012.0,7.0,11.0,-5.576,150.516
344100,Masaya,22143,Confirmed Eruption,Santiago Crater,1.0,2012.0,4.0,30.0,Historical Observations,2012.0,6.0,8.0,11.985,-86.165
261140,Marapi,20796,Confirmed Eruption,,1.0,2012.0,3.0,1.0,Historical Observations,2012.0,5.0,18.0,-0.38,100.474
351020,"Ruiz, Nevado del",20814,Confirmed Eruption,Arenas Crater,3.0,2012.0,2.0,22.0,Historical Observations,2013.0,7.0,12.0,4.892,-75.324
345020,Rincon de la Vieja,20813,Confirmed Eruption,Crater lake,1.0,2012.0,2.0,19.0,Historical Observations,2012.0,4.0,14.0,10.83,-85.324
311110,Kanaga,20774,Confirmed Eruption,,2.0,2012.0,2.0,18.0,Historical Observations,2012.0,2.0,18.0,51.923,-177.168
284120,Ioto,20772,Confirmed Eruption,Asodai,1.0,2012.0,2.0,10.0,Historical Observations,2012.0,5.0,2.0,24.751,141.289
251030,Karkar,20778,Confirmed Eruption,,3.0,2012.0,2.0,1.0,Historical Observations,2012.0,2.0,1.0,-4.649,145.964
345070,Turrialba,20830,Confirmed Eruption,West Crater (SE flank),2.0,2012.0,1.0,12.0,Historical Observations,2012.0,1.0,18.0,10.025,-83.767
357091,Callaqui,20755,Uncertain Eruption,,,2012.0,1.0,2.0,Historical Observations,2012.0,1.0,2.0,-37.92,-71.45
264230,Lewotolo,20791,Confirmed Eruption,Summit,1.0,2012.0,1.0,2.0,Historical Observations,2012.0,1.0,14.0,-8.272,123.505
221020,Zubair Group,20840,Confirmed Eruption,Sholan Island,2.0,2011.0,12.0,18.0,Historical Observations,2012.0,1.0,12.0,15.05,42.18
261170,Kerinci,22217,Confirmed Eruption,,1.0,2011.0,12.0,15.0,Historical Observations,2011.0,12.0,15.0,-1.697,101.264
268060,Gamalama,20765,Confirmed Eruption,,2.0,2011.0,12.0,5.0,Historical Observations,2011.0,12.0,23.0,0.8,127.33
352080,Tungurahua,22215,Confirmed Eruption,,3.0,2011.0,11.0,27.0,Historical Observations,2016.0,3.0,16.0,-1.467,-78.442
223020,Nyamuragira,20801,Confirmed Eruption,NW flank,2.0,2011.0,11.0,6.0,Historical Observations,2012.0,3.0,16.0,-1.408,29.2
300260,Klyuchevskoy,20784,Uncertain Eruption,,,2011.0,11.0,2.0,Historical Observations,2011.0,11.0,2.0,56.056,160.642
358057,"Hudson, Cerro",20770,Confirmed Eruption,S and SE edge of the caldera,2.0,2011.0,10.0,26.0,Historical Observations,2011.0,11.0,1.0,-45.9,-72.97
383020,Hierro,20769,Confirmed Eruption,Submarine S flank,2.0,2011.0,10.0,10.0,Historical Observations,2012.0,3.0,5.0,27.73,-18.03
257020,Gaua,20938,Confirmed Eruption,Mt. Garat,1.0,2011.0,9.0,17.0,Historical Observations,2011.0,10.0,10.0,-14.27,167.5
345020,Rincon de la Vieja,20812,Confirmed Eruption,Crater lake,1.0,2011.0,8.0,22.0,Historical Observations,2011.0,9.0,27.0,10.83,-85.324
344020,San Cristobal,10898,Confirmed Eruption,,1.0,2011.0,8.0,21.0,Historical Observations,2011.0,10.0,23.0,12.702,-87.004
261140,Marapi,20795,Confirmed Eruption,,2.0,2011.0,8.0,3.0,Historical Observations,2011.0,10.0,12.0,-0.38,100.474
262000,Krakatau,20787,Confirmed Eruption,Anak Krakatau,2.0,2011.0,7.0,31.0,Historical Observations,2012.0,9.0,9.0,-6.102,105.423
311240,Cleveland,20758,Confirmed Eruption,Summit crater,2.0,2011.0,7.0,19.0,Historical Observations,2015.0,8.0,18.0,52.825,-169.944
266030,Soputan,20820,Confirmed Eruption,,3.0,2011.0,7.0,3.0,Historical Observations,2011.0,8.0,15.0,1.112,124.737
266100,Lokon-Empung,20793,Confirmed Eruption,Tompaluan,2.0,2011.0,6.0,26.0,Historical Observations,2012.0,5.0,1.0,1.358,124.792
222120,"Lengai, Ol Doinyo",20790,Confirmed Eruption,North Crater,0.0,2011.0,6.0,22.0,Historical Observations,2014.0,7.0,15.0,-2.764,35.914
221101,Nabro,20800,Confirmed Eruption,,4.0,2011.0,6.0,13.0,Historical Observations,2012.0,6.0,3.0,13.37,41.7
352090,Sangay,22234,Confirmed Eruption,,2.0,2011.0,6.0,6.0,Historical Observations,2012.0,9.0,19.0,-2.005,-78.341
357150,Puyehue-Cordon Caulle,20809,Confirmed Eruption,"Cordón Caulle, N of the 1960 eruption fissure",5.0,2011.0,6.0,4.0,Historical Observations,2012.0,4.0,21.0,-40.59,-72.117
257030,Ambae,20752,Confirmed Eruption,Lake Manaro,1.0,2011.0,6.0,4.0,Historical Observations,2011.0,7.0,10.0,-15.389,167.835
373010,Grimsvotn,20767,Confirmed Eruption,SW part of the caldera,4.0,2011.0,5.0,21.0,Historical Observations,2011.0,5.0,28.0,64.416,-17.316
282110,Asosan,20753,Confirmed Eruption,Naka-dake,1.0,2011.0,5.0,15.0,Historical Observations,2011.0,6.0,9.0,32.884,131.104
263300,Semeru,22219,Confirmed Eruption,Jonggring Seloko,2.0,2011.0,5.0,13.0,Historical Observations,2012.0,7.0,20.0,-8.108,112.922
284170,Pagan,20803,Confirmed Eruption,North Pagan,2.0,2011.0,4.0,23.0,Historical Observations,2011.0,9.0,1.0,18.13,145.8
352080,Tungurahua,22214,Confirmed Eruption,,2.0,2011.0,4.0,20.0,Historical Observations,2011.0,5.0,26.0,-1.467,-78.442
331021,Axial Seamount,20921,Confirmed Eruption,E caldera rim to 10 km S,0.0,2011.0,4.0,6.0,Historical Observations,2011.0,4.0,12.0,45.95,-130.0
351080,Galeras,20763,Uncertain Eruption,Summit crater,,2011.0,3.0,31.0,Historical Observations,2011.0,4.0,1.0,1.22,-77.37
300260,Klyuchevskoy,20783,Confirmed Eruption,,1.0,2011.0,3.0,30.0,Historical Observations,2011.0,7.0,3.0,56.056,160.642
252140,Rabaul,20810,Confirmed Eruption,Tavurvur,2.0,2011.0,3.0,29.0,Historical Observations,2011.0,8.0,12.0,-4.271,152.203
267020,Karangetang,20775,Confirmed Eruption,,2.0,2011.0,3.0,11.0,Historical Observations,2011.0,8.0,13.0,2.781,125.407
344040,Telica,20823,Confirmed Eruption,,2.0,2011.0,3.0,7.0,Historical Observations,2011.0,6.0,14.0,12.606,-86.84
266100,Lokon-Empung,20792,Confirmed Eruption,Tompaluan,1.0,2011.0,2.0,22.0,Historical Observations,2011.0,2.0,22.0,1.358,124.792
357040,Planchon-Peteroa,20808,Confirmed Eruption,Peteroa,3.0,2011.0,2.0,17.0,Historical Observations,2011.0,6.0,26.0,-35.223,-70.568
282090,Kirishimayama,20782,Confirmed Eruption,Shinmoe-dake,2.0,2011.0,1.0,19.0,Historical Observations,2011.0,9.0,7.0,31.934,130.862
345070,Turrialba,20829,Confirmed Eruption,,1.0,2011.0,1.0,14.0,Historical Observations,2011.0,1.0,14.0,10.025,-83.767
221041,Dallol,20939,Confirmed Eruption,Dallol crater,0.0,2011.0,1.0,4.0,Historical Observations,2011.0,1.0,4.0,14.242,40.3
263310,Tengger Caldera,16064,Confirmed Eruption,Bromo,3.0,2010.0,11.0,26.0,Historical Observations,2012.0,6.0,13.0,-7.942,112.95
352080,Tungurahua,11645,Confirmed Eruption,,3.0,2010.0,11.0,22.0,Historical Observations,2011.0,1.0,2.0,-1.467,-78.442
300230,Kizimen,19264,Confirmed Eruption,,3.0,2010.0,11.0,11.0,Historical Observations,2013.0,9.0,13.0,55.131,160.32
273010,Bulusan,16772,Confirmed Eruption,Summit crater,2.0,2010.0,11.0,6.0,Historical Observations,2011.0,5.0,13.0,12.769,124.056
263250,Merapi,15925,Confirmed Eruption,,4.0,2010.0,10.0,26.0,Historical Observations,2012.0,7.0,15.0,-7.54,110.446
262000,Krakatau,15634,Confirmed Eruption,Anak Krakatau,2.0,2010.0,10.0,25.0,Historical Observations,2011.0,3.0,9.0,-6.102,105.423
233020,"Fournaise, Piton de la",14392,Confirmed Eruption,2.5 km SE and 1 km NW of Dolomieu,1.0,2010.0,10.0,14.0,Historical Observations,2010.0,12.0,10.0,-21.244,55.708
290240,Sarychev Peak,18820,Uncertain Eruption,,2.0,2010.0,9.0,20.0,,2010.0,9.0,20.0,48.092,153.2
260010,Barren Island,15388,Confirmed Eruption,,2.0,2010.0,9.0,17.0,Historical Observations,2011.0,6.0,22.0,12.278,93.858
311240,Cleveland,19820,Uncertain Eruption,,2.0,2010.0,9.0,12.0,,2010.0,9.0,26.0,52.825,-169.944
357040,Planchon-Peteroa,11947,Confirmed Eruption,Peteroa,2.0,2010.0,9.0,6.0,Historical Observations,2010.0,10.0,13.0,-35.223,-70.568
261080,Sinabung,15404,Confirmed Eruption,,2.0,2010.0,8.0,27.0,Historical Observations,2010.0,9.0,18.0,3.17,98.392
211060,Etna,13854,Confirmed Eruption,"Bocca Nuova, NE and SE Craters",1.0,2010.0,8.0,25.0,Historical Observations,2013.0,4.0,27.0,37.748,14.999
351080,Galeras,11381,Confirmed Eruption,,2.0,2010.0,8.0,25.0,Historical Observations,2010.0,8.0,25.0,1.22,-77.37
251020,Manam,14935,Confirmed Eruption,"South Crater, Main Crater",2.0,2010.0,8.0,10.0,Historical Observations,2013.0,12.0,15.0,-4.08,145.037
267020,Karangetang,16544,Confirmed Eruption,,3.0,2010.0,8.0,6.0,Historical Observations,2010.0,12.0,16.0,2.781,125.407
345070,Turrialba,11248,Uncertain Eruption,,2.0,2010.0,7.0,24.0,,2010.0,8.0,15.0,10.025,-83.767
252140,Rabaul,15101,Confirmed Eruption,Tavurvur,1.0,2010.0,7.0,23.0,Historical Observations,2010.0,7.0,25.0,-4.271,152.203
354020,Ubinas,11792,Uncertain Eruption,,1.0,2010.0,7.0,18.0,,2010.0,7.0,18.0,-16.355,-70.903
290380,Ebeko,18879,Confirmed Eruption,,1.0,2010.0,7.0,2.0,Historical Observations,2010.0,7.0,9.0,50.686,156.014
290270,Ekarma,18833,Confirmed Eruption,Upper SW flank,2.0,2010.0,6.0,30.0,Historical Observations,2010.0,8.0,10.0,48.958,153.93
284120,Ioto,18423,Uncertain Eruption,,1.0,2010.0,6.0,19.0,Historical Observations,2010.0,6.0,19.0,24.751,141.289
344020,San Cristobal,10897,Confirmed Eruption,,2.0,2010.0,6.0,9.0,Historical Observations,2011.0,1.0,13.0,12.702,-87.004
300070,Gorely,19026,Confirmed Eruption,,1.0,2010.0,6.0,6.0,Historical Observations,2010.0,6.0,22.0,52.559,158.03
311240,Cleveland,19819,Confirmed Eruption,,2.0,2010.0,5.0,30.0,Historical Observations,2010.0,6.0,2.0,52.825,-169.944
284193,South Sarigan Seamount,18529,Confirmed Eruption,,3.0,2010.0,5.0,27.0,Historical Observations,2010.0,5.0,29.0,16.58,145.78
252120,Ulawun,15077,Confirmed Eruption,,2.0,2010.0,5.0,26.0,Historical Observations,2011.0,5.0,27.0,-5.05,151.33
300250,Bezymianny,19388,Confirmed Eruption,,3.0,2010.0,5.0,21.0,Historical Observations,2020.0,4.0,17.0,55.972,160.595
284170,Pagan,18524,Confirmed Eruption,North Pagan,1.0,2010.0,5.0,3.0,Historical Observations,2010.0,8.0,11.0,18.13,145.8
284040,Miyakejima,18282,Confirmed Eruption,,1.0,2010.0,4.0,11.0,Historical Observations,2010.0,7.0,21.0,34.094,139.526
211060,Etna,13853,Confirmed Eruption,SE Crater,2.0,2010.0,4.0,8.0,Historical Observations,2010.0,4.0,8.0,37.748,14.999
282090,Kirishimayama,17165,Confirmed Eruption,Shinmoe-dake,1.0,2010.0,3.0,30.0,Historical Observations,2010.0,7.0,10.0,31.934,130.862
372020,Eyjafjallajokull,12563,Confirmed Eruption,ENE flank (Fimmvörduháls) and summit,4.0,2010.0,3.0,20.0,Historical Observations,2010.0,6.0,23.0,63.633,-19.633
251030,Karkar,14951,Uncertain Eruption,,1.0,2010.0,2.0,25.0,,2010.0,2.0,26.0,-4.649,145.964
284130,Fukutoku-Oka-no-Ba,18469,Confirmed Eruption,,1.0,2010.0,2.0,3.0,Historical Observations,2010.0,4.0,8.0,24.285,141.481
263300,Semeru,22218,Confirmed Eruption,Jonggring Seloko,2.0,2010.0,1.0,5.0,Historical Observations,2010.0,11.0,29.0,-8.108,112.922
345070,Turrialba,11247,Confirmed Eruption,SW crater,2.0,2010.0,1.0,5.0,Historical Observations,2010.0,3.0,7.0,10.025,-83.767
223020,Nyamuragira,14085,Confirmed Eruption,Summit caldera and SSE flank,1.0,2010.0,1.0,2.0,Historical Observations,2010.0,1.0,29.0,-1.408,29.2
352080,Tungurahua,11644,Confirmed Eruption,,3.0,2010.0,1.0,1.0,Historical Observations,2010.0,7.0,29.0,-1.467,-78.442
300250,Bezymianny,19387,Confirmed Eruption,,3.0,2009.0,12.0,17.0,Historical Observations,2010.0,2.0,16.0,55.972,160.595
344120,Concepcion,11080,Confirmed Eruption,,1.0,2009.0,12.0,11.0,Historical Observations,2011.0,3.0,12.0,11.538,-85.622
357120,Villarrica,12184,Confirmed Eruption,,1.0,2009.0,11.0,22.0,Historical Observations,2012.0,4.0,20.0,-39.42,-71.93
345040,Poas,11193,Confirmed Eruption,,1.0,2009.0,11.0,16.0,Historical Observations,2014.0,10.0,13.0,10.2,-84.233
282090,Kirishimayama,17164,Uncertain Eruption,Shinmoe-dake,1.0,2009.0,11.0,15.0,Historical Observations,2009.0,11.0,15.0,31.934,130.862
233020,"Fournaise, Piton de la",14391,Confirmed Eruption,Dolomieu crater and east flank,1.0,2009.0,11.0,5.0,Historical Observations,2010.0,1.0,12.0,-21.244,55.708
311240,Cleveland,19828,Confirmed Eruption,,2.0,2009.0,10.0,2.0,Historical Observations,2009.0,12.0,12.0,52.825,-169.944
257020,Gaua,15231,Confirmed Eruption,Mt. Garat,2.0,2009.0,9.0,27.0,Historical Observations,2010.0,6.0,19.0,-14.27,167.5
263200,Dieng Volcanic Complex,15793,Confirmed Eruption,Sileri Crater,1.0,2009.0,9.0,27.0,Historical Observations,2009.0,9.0,27.0,-7.2,109.879
252010,Langila,15003,Confirmed Eruption,Crater 2,2.0,2009.0,9.0,16.0,Historical Observations,2010.0,2.0,16.0,-5.525,148.42
273030,Mayon,16819,Confirmed Eruption,,2.0,2009.0,9.0,15.0,Historical Observations,2010.0,1.0,1.0,13.257,123.685
344020,San Cristobal,10896,Confirmed Eruption,,2.0,2009.0,9.0,6.0,Historical Observations,2009.0,12.0,26.0,12.702,-87.004
290120,Kolokol Group,18776,Uncertain Eruption,Berg,2.0,2009.0,8.0,26.0,,,,,46.042,150.083
300260,Klyuchevskoy,19485,Confirmed Eruption,,2.0,2009.0,8.0,1.0,Historical Observations,2010.0,12.0,20.0,56.056,160.642
221115,Manda Hararo,13944,Confirmed Eruption,,2.0,2009.0,6.0,28.0,Historical Observations,2009.0,7.0,1.0,12.17,40.82
311240,Cleveland,19827,Confirmed Eruption,,2.0,2009.0,6.0,25.0,Historical Observations,2009.0,6.0,25.0,52.825,-169.944
290240,Sarychev Peak,18819,Confirmed Eruption,,4.0,2009.0,6.0,11.0,Historical Observations,2009.0,7.0,16.0,48.092,153.2
242050,Monowai,22197,Confirmed Eruption,,0.0,2009.0,5.0,4.0,Hydrophonic,2009.0,12.0,16.0,-25.887,-177.188
264030,Rinjani,16227,Confirmed Eruption,NE flank of Gunung Barujari,2.0,2009.0,5.0,2.0,Historical Observations,2010.0,5.0,23.0,-8.42,116.47
264050,Sangeang Api,16253,Uncertain Eruption,,,2009.0,5.0,1.0,,2009.0,6.0,3.0,-8.2,119.07
251030,Karkar,14950,Uncertain Eruption,,,2009.0,5.0,1.0,,,,,-4.649,145.964
263180,Slamet,15765,Confirmed Eruption,,1.0,2009.0,4.0,21.0,Historical Observations,2009.0,6.0,22.0,-7.242,109.208
284170,Pagan,18523,Uncertain Eruption,North Pagan,2.0,2009.0,4.0,15.0,,,,,18.13,145.8
353010,Fernandina,11677,Confirmed Eruption,SW flank (400 m),2.0,2009.0,4.0,10.0,Historical Observations,2009.0,4.0,28.0,-0.37,-91.55
284040,Miyakejima,18281,Confirmed Eruption,,1.0,2009.0,4.0,1.0,Historical Observations,2009.0,4.0,1.0,34.094,139.526
261170,Kerinci,15533,Confirmed Eruption,,1.0,2009.0,4.0,1.0,Historical Observations,2009.0,6.0,19.0,-1.697,101.264
262000,Krakatau,15633,Confirmed Eruption,Anak Krakatau,2.0,2009.0,3.0,25.0,Historical Observations,2009.0,9.0,16.0,-6.102,105.423
243040,Hunga Tonga-Hunga Ha'apai,14733,Confirmed Eruption,Hunga Ha'apai,2.0,2009.0,3.0,17.0,Historical Observations,2009.0,3.0,22.0,-20.536,-175.382
313030,Redoubt,20391,Confirmed Eruption,South of 1990 dome,3.0,2009.0,3.0,15.0,Historical Observations,2009.0,7.0,1.0,60.485,-152.742
352020,Guagua Pichincha,11502,Uncertain Eruption,,1.0,2009.0,2.0,16.0,,2009.0,2.0,17.0,-0.171,-78.598
290380,Ebeko,18878,Confirmed Eruption,,1.0,2009.0,2.0,11.0,Historical Observations,2009.0,7.0,13.0,50.686,156.014
357120,Villarrica,12183,Confirmed Eruption,,1.0,2009.0,1.0,29.0,Historical Observations,2009.0,3.0,24.0,-39.42,-71.93
357091,Callaqui,11998,Uncertain Eruption,,,2009.0,1.0,22.0,,2009.0,1.0,22.0,-37.92,-71.45
357070,"Chillan, Nevados de",11993,Uncertain Eruption,,,2009.0,1.0,21.0,,2009.0,1.0,22.0,-36.868,-71.378
283110,Asamayama,17812,Confirmed Eruption,,2.0,2009.0,1.0,21.0,Historical Observations,2009.0,5.0,2.0,36.406,138.523
242010,Curtis Island,14680,Uncertain Eruption,5-6 km NNE of Curtis Island,0.0,2009.0,1.0,18.0,,2009.0,1.0,19.0,-30.543,-178.556
263200,Dieng Volcanic Complex,15792,Confirmed Eruption,Sibanteng crater,1.0,2009.0,1.0,15.0,Historical Observations,2009.0,1.0,15.0,-7.2,109.879
345040,Poas,11192,Confirmed Eruption,,1.0,2009.0,1.0,12.0,Historical Observations,2009.0,3.0,21.0,10.2,-84.233
311240,Cleveland,19826,Confirmed Eruption,,2.0,2009.0,1.0,2.0,Historical Observations,2009.0,1.0,21.0,52.825,-169.944
261230,Dempo,15575,Confirmed Eruption,,1.0,2009.0,1.0,1.0,Historical Observations,2009.0,1.0,1.0,-4.016,103.121
300090,Koryaksky,19045,Confirmed Eruption,Upper NW flank (3000 m),2.0,2008.0,12.0,23.0,Historical Observations,2009.0,8.0,27.0,53.321,158.712
267020,Karangetang,16543,Confirmed Eruption,,2.0,2008.0,11.0,29.0,Historical Observations,2010.0,3.0,24.0,2.781,125.407
344020,San Cristobal,10895,Confirmed Eruption,,1.0,2008.0,11.0,21.0,Historical Observations,2008.0,11.0,21.0,12.702,-87.004
285070,Akan,18707,Confirmed Eruption,Me-Akan (Ponmachineshiri),1.0,2008.0,11.0,18.0,Historical Observations,2008.0,11.0,28.0,43.384,144.013
243120,Tafu-Maka,14799,Confirmed Eruption,Maka,0.0,2008.0,11.0,16.0,Historical Observations,2008.0,11.0,16.0,-15.37,-174.23
243130,West Mata,14800,Confirmed Eruption,Prometheus and Hades vents,0.0,2008.0,11.0,16.0,Historical Observations,2009.0,5.0,16.0,-15.1,-173.75
221060,Alu-Dalafilla,13927,Confirmed Eruption,W and NW of Dalaffilla,3.0,2008.0,11.0,3.0,Historical Observations,2008.0,12.0,16.0,13.793,40.553
351050,"Huila, Nevado del",11314,Confirmed Eruption,Upper SW side of Pico Central,3.0,2008.0,10.0,26.0,Historical Observations,2012.0,1.0,14.0,2.93,-76.03
357120,Villarrica,12182,Confirmed Eruption,,1.0,2008.0,10.0,26.0,Historical Observations,,,,-39.42,-71.93
351080,Galeras,11380,Confirmed Eruption,,3.0,2008.0,10.0,21.0,Historical Observations,2010.0,1.0,2.0,1.22,-77.37
300260,Klyuchevskoy,19484,Confirmed Eruption,,1.0,2008.0,10.0,8.0,Historical Observations,2009.0,4.0,16.0,56.056,160.642
233020,"Fournaise, Piton de la",14390,Confirmed Eruption,Dolomieu crater,1.0,2008.0,9.0,21.0,Historical Observations,2009.0,2.0,4.0,-21.244,55.708
256010,Tinakula,15210,Confirmed Eruption,,1.0,2008.0,9.0,19.0,Historical Observations,2008.0,11.0,29.0,-10.386,165.804
282090,Kirishimayama,17163,Confirmed Eruption,Shinmoe-dake crater and W flank,1.0,2008.0,8.0,22.0,Historical Observations,2008.0,8.0,22.0,31.934,130.862
373030,Bardarbunga,12896,Uncertain Eruption,Loki-Fögrufjöll (West Loki cauldron),0.0,2008.0,8.0,16.0,,,,,64.633,-17.516
273030,Mayon,16818,Confirmed Eruption,,1.0,2008.0,8.0,10.0,Historical Observations,2008.0,8.0,10.0,13.257,123.685
283110,Asamayama,17811,Confirmed Eruption,,1.0,2008.0,8.0,10.0,Historical Observations,2008.0,8.0,14.0,36.406,138.523
311130,Kasatochi,19745,Confirmed Eruption,,4.0,2008.0,8.0,7.0,Historical Observations,2008.0,8.0,9.0,52.177,-175.508
344120,Concepcion,11077,Confirmed Eruption,,1.0,2008.0,7.0,30.0,Historical Observations,2008.0,7.0,30.0,11.538,-85.622
290360,Chikurachki,18860,Confirmed Eruption,,2.0,2008.0,7.0,29.0,Historical Observations,2008.0,8.0,8.0,50.324,155.461
352010,Reventador,11449,Confirmed Eruption,,2.0,2008.0,7.0,27.0,Historical Observations,2020.0,4.0,17.0,-0.077,-77.656
252070,Krummel-Garbuna-Welcker,15009,Confirmed Eruption,,2.0,2008.0,7.0,13.0,Historical Observations,2008.0,10.0,4.0,-5.416,150.027
311290,Okmok,19852,Confirmed Eruption,NE caldera floor,4.0,2008.0,7.0,12.0,Historical Observations,2008.0,8.0,19.0,53.43,-168.13
300250,Bezymianny,19386,Confirmed Eruption,,3.0,2008.0,7.0,11.0,Historical Observations,2008.0,8.0,23.0,55.972,160.595
344040,Telica,10943,Confirmed Eruption,,1.0,2008.0,7.0,5.0,Historical Observations,2008.0,7.0,5.0,12.606,-86.84
241130,Rumble III,14676,Confirmed Eruption,,0.0,2008.0,7.0,2.0,Historical Observations,,,,-35.745,178.478
344020,San Cristobal,10894,Confirmed Eruption,,1.0,2008.0,6.0,22.0,Historical Observations,2008.0,8.0,5.0,12.702,-87.004
263340,Raung,16166,Confirmed Eruption,,2.0,2008.0,6.0,12.0,Historical Observations,2008.0,6.0,17.0,-8.119,114.056
266030,Soputan,16439,Confirmed Eruption,,3.0,2008.0,6.0,6.0,Historical Observations,2008.0,11.0,2.0,1.112,124.737
353060,"Azul, Cerro",11720,Confirmed Eruption,Summit and SE flank,1.0,2008.0,5.0,29.0,Historical Observations,2008.0,6.0,17.0,-0.92,-91.408
257040,Ambrym,15297,Confirmed Eruption,Benbow and Marum,2.0,2008.0,5.0,23.0,Historical Observations,2018.0,12.0,17.0,-16.25,168.12
263250,Merapi,15924,Uncertain Eruption,,,2008.0,5.0,19.0,,,,,-7.54,110.446
260010,Barren Island,15387,Confirmed Eruption,,2.0,2008.0,5.0,13.0,Historical Observations,2010.0,4.0,19.0,12.278,93.858
211060,Etna,13852,Confirmed Eruption,East base of NE Crater (3000-2650 m),1.0,2008.0,5.0,13.0,Historical Observations,2009.0,7.0,4.0,37.748,14.999
268060,Gamalama,16677,Uncertain Eruption,,1.0,2008.0,5.0,10.0,,,,,0.8,127.33
284040,Miyakejima,18280,Confirmed Eruption,,1.0,2008.0,5.0,8.0,Historical Observations,2008.0,5.0,8.0,34.094,139.526
358041,Chaiten,12271,Confirmed Eruption,,4.0,2008.0,5.0,2.0,Historical Observations,2011.0,5.0,31.0,-42.833,-72.646
344100,Masaya,11042,Confirmed Eruption,Santiago,1.0,2008.0,4.0,29.0,Historical Observations,2008.0,12.0,17.0,11.985,-86.165
264160,Egon,16278,Confirmed Eruption,,2.0,2008.0,4.0,15.0,Historical Observations,2008.0,4.0,28.0,-8.676,122.455
268030,Ibu,16582,Confirmed Eruption,,1.0,2008.0,4.0,5.0,Historical Observations,2020.0,4.0,17.0,1.488,127.63
261170,Kerinci,15532,Confirmed Eruption,,1.0,2008.0,3.0,24.0,Historical Observations,,,,-1.697,101.264
267020,Karangetang,16542,Uncertain Eruption,,1.0,2008.0,3.0,12.0,,,,,2.781,125.407
252070,Krummel-Garbuna-Welcker,15008,Confirmed Eruption,,1.0,2008.0,3.0,11.0,Historical Observations,2008.0,3.0,13.0,-5.416,150.027
257050,Lopevi,15323,Uncertain Eruption,,2.0,2008.0,2.0,24.0,,2008.0,2.0,24.0,-16.507,168.346
312070,Veniaminof,20178,Confirmed Eruption,Western intracaldera cone,1.0,2008.0,2.0,22.0,Historical Observations,2008.0,3.0,1.0,56.17,-159.38
282110,Asosan,17351,Confirmed Eruption,Naka-dake,1.0,2008.0,2.0,17.0,Historical Observations,2008.0,2.0,17.0,32.884,131.104
311360,Shishaldin,20101,Uncertain Eruption,,1.0,2008.0,2.0,12.0,,2008.0,2.0,12.0,54.756,-163.97
242050,Monowai,14723,Confirmed Eruption,,0.0,2008.0,2.0,8.0,Hydrophonic,2008.0,2.0,8.0,-25.887,-177.188
352020,Guagua Pichincha,11501,Uncertain Eruption,,1.0,2008.0,2.0,1.0,,2008.0,2.0,1.0,-0.171,-78.598
345040,Poas,11191,Confirmed Eruption,,1.0,2008.0,1.0,13.0,Historical Observations,2008.0,1.0,13.0,10.2,-84.233
284040,Miyakejima,18279,Confirmed Eruption,,1.0,2008.0,1.0,7.0,Historical Observations,2008.0,1.0,7.0,34.094,139.526
351050,"Huila, Nevado del",11313,Confirmed Eruption,,2.0,2008.0,1.0,2.0,Historical Observations,2008.0,4.0,16.0,2.93,-76.03
357110,Llaima,12077,Confirmed Eruption,Summit and upper east flank,3.0,2008.0,1.0,1.0,Historical Observations,2009.0,6.0,12.0,-38.692,-71.729
252120,Ulawun,15076,Uncertain Eruption,,1.0,2007.0,12.0,25.0,,,,,-5.05,151.33
261160,Talang,15499,Confirmed Eruption,,2.0,2007.0,11.0,27.0,Historical Observations,2007.0,12.0,16.0,-0.979,100.681
284200,Anatahan,18538,Confirmed Eruption,,2.0,2007.0,11.0,27.0,Historical Observations,2008.0,8.0,9.0,16.35,145.67
344120,Concepcion,11076,Confirmed Eruption,,2.0,2007.0,11.0,24.0,Historical Observations,2007.0,12.0,20.0,11.538,-85.622
344020,San Cristobal,10893,Confirmed Eruption,,1.0,2007.0,11.0,8.0,Historical Observations,,,,12.702,-87.004
344040,Telica,10942,Confirmed Eruption,,1.0,2007.0,10.0,28.0,Historical Observations,2008.0,2.0,18.0,12.606,-86.84
262000,Krakatau,15626,Confirmed Eruption,Anak Krakatau,2.0,2007.0,10.0,23.0,Historical Observations,2008.0,8.0,30.0,-6.102,105.423
263280,Kelut,15958,Confirmed Eruption,,2.0,2007.0,10.0,16.0,Historical Observations,2008.0,4.0,16.0,-7.93,112.308
351080,Galeras,11379,Confirmed Eruption,,3.0,2007.0,10.0,4.0,Historical Observations,2008.0,1.0,17.0,1.22,-77.37
221010,"Tair, Jebel at",13923,Confirmed Eruption,,3.0,2007.0,9.0,30.0,Historical Observations,2008.0,6.0,16.0,15.55,41.83
241100,Ruapehu,14669,Confirmed Eruption,,1.0,2007.0,9.0,25.0,Historical Observations,2007.0,9.0,25.0,-39.28,175.57
261170,Kerinci,15531,Confirmed Eruption,,1.0,2007.0,9.0,9.0,Historical Observations,2007.0,9.0,9.0,-1.697,101.264
252080,Witori,15029,Confirmed Eruption,Pago,1.0,2007.0,8.0,28.0,Historical Observations,2007.0,8.0,28.0,-5.576,150.516
268060,Gamalama,16676,Uncertain Eruption,,1.0,2007.0,8.0,23.0,,,,,0.8,127.33
290360,Chikurachki,18859,Confirmed Eruption,,2.0,2007.0,8.0,19.0,Historical Observations,2007.0,11.0,1.0,50.324,155.461
312030,Pavlof,20153,Confirmed Eruption,,2.0,2007.0,8.0,15.0,Historical Observations,2007.0,9.0,13.0,55.417,-161.894
221115,Manda Hararo,13943,Confirmed Eruption,,2.0,2007.0,8.0,12.0,Historical Observations,2007.0,8.0,14.0,12.17,40.82
263340,Raung,16165,Confirmed Eruption,,2.0,2007.0,7.0,26.0,Historical Observations,2007.0,8.0,26.0,-8.119,114.056
268040,Gamkonora,16595,Confirmed Eruption,,2.0,2007.0,7.0,8.0,Historical Observations,2007.0,7.0,16.0,1.38,127.53
311240,Cleveland,19825,Confirmed Eruption,,2.0,2007.0,6.0,17.0,Historical Observations,2008.0,8.0,12.0,52.825,-169.944
266030,Soputan,16438,Confirmed Eruption,,3.0,2007.0,6.0,16.0,Historical Observations,2007.0,11.0,9.0,1.112,124.737
222120,"Lengai, Ol Doinyo",13828,Confirmed Eruption,North Crater,3.0,2007.0,6.0,16.0,Historical Observations,2010.0,10.0,9.0,-2.764,35.914
344040,Telica,10941,Uncertain Eruption,,1.0,2007.0,6.0,12.0,,2007.0,6.0,12.0,12.606,-86.84
357110,Llaima,12076,Confirmed Eruption,,2.0,2007.0,5.0,26.0,Historical Observations,2007.0,8.0,8.0,-38.692,-71.729
251070,Ritter Island,14977,Confirmed Eruption,,1.0,2007.0,5.0,19.0,Historical Observations,2007.0,5.0,21.0,-5.519,148.115
300250,Bezymianny,19385,Confirmed Eruption,,3.0,2007.0,5.0,10.0,Historical Observations,2007.0,12.0,24.0,55.972,160.595
252120,Ulawun,15075,Confirmed Eruption,,2.0,2007.0,5.0,1.0,Historical Observations,2007.0,5.0,1.0,-5.05,151.33
257050,Lopevi,15322,Confirmed Eruption,,2.0,2007.0,4.0,21.0,Historical Observations,2007.0,5.0,14.0,-16.507,168.346
255060,Kavachi,15180,Confirmed Eruption,,1.0,2007.0,4.0,2.0,Historical Observations,2007.0,4.0,6.0,-8.991,157.979
283040,Ontakesan,20962,Confirmed Eruption,1979 Crater #7,0.0,2007.0,3.0,24.0,Historical Observations,,,,35.893,137.48
211060,Etna,13849,Confirmed Eruption,"Bocca Nuova, SE Crater and flank vents",2.0,2007.0,3.0,19.0,Historical Observations,2008.0,5.0,16.0,37.748,14.999
261160,Talang,15498,Confirmed Eruption,Main crater,2.0,2007.0,3.0,19.0,Historical Observations,2007.0,6.0,22.0,-0.979,100.681
352010,Reventador,11448,Confirmed Eruption,,2.0,2007.0,3.0,15.0,Historical Observations,2007.0,10.0,11.0,-0.077,-77.656
290360,Chikurachki,18858,Confirmed Eruption,,2.0,2007.0,3.0,4.0,Historical Observations,2007.0,4.0,18.0,50.324,155.461
351050,"Huila, Nevado del",11312,Confirmed Eruption,,3.0,2007.0,2.0,19.0,Historical Observations,2007.0,5.0,28.0,2.93,-76.03
300260,Klyuchevskoy,19483,Confirmed Eruption,,2.0,2007.0,2.0,15.0,Historical Observations,2007.0,7.0,15.0,56.056,160.642
344120,Concepcion,11075,Confirmed Eruption,,1.0,2007.0,2.0,9.0,Historical Observations,2007.0,7.0,10.0,11.538,-85.622
264260,"Tara, Batu",16353,Confirmed Eruption,,2.0,2007.0,1.0,17.0,Historical Observations,2015.0,11.0,26.0,-7.791,123.585
233010,Karthala,14208,Confirmed Eruption,Chahalé crater,2.0,2007.0,1.0,12.0,Historical Observations,2007.0,1.0,15.0,-11.75,43.38
266030,Soputan,16434,Confirmed Eruption,,1.0,2006.0,12.0,14.0,Historical Observations,2006.0,12.0,26.0,1.112,124.737
242050,Monowai,14722,Confirmed Eruption,,0.0,2006.0,12.0,12.0,Hydrophonic,2007.0,11.0,4.0,-25.887,-177.188
344040,Telica,10940,Confirmed Eruption,,1.0,2006.0,12.0,11.0,Historical Observations,2007.0,2.0,17.0,12.606,-86.84
284170,Pagan,18522,Confirmed Eruption,North Pagan,1.0,2006.0,12.0,4.0,Historical Observations,2006.0,12.0,8.0,18.13,145.8
223020,Nyamuragira,14084,Confirmed Eruption,South flank,2.0,2006.0,11.0,27.0,Historical Observations,2006.0,12.0,5.0,-1.408,29.2
311161,Korovin,19768,Confirmed Eruption,,1.0,2006.0,11.0,25.0,Historical Observations,2007.0,3.0,3.0,52.381,-174.166
257040,Ambrym,15296,Confirmed Eruption,Marum (Mbwelesu),2.0,2006.0,11.0,8.0,Historical Observations,2007.0,12.0,27.0,-16.25,168.12
251070,Ritter Island,14976,Confirmed Eruption,,1.0,2006.0,10.0,17.0,Historical Observations,2006.0,10.0,17.0,-5.519,148.115
273010,Bulusan,16771,Confirmed Eruption,,2.0,2006.0,10.0,10.0,Historical Observations,2007.0,10.0,4.0,12.769,124.056
241100,Ruapehu,14668,Confirmed Eruption,,1.0,2006.0,10.0,4.0,Historical Observations,2006.0,10.0,4.0,-39.28,175.57
261230,Dempo,15574,Confirmed Eruption,,1.0,2006.0,9.0,25.0,Historical Observations,2006.0,9.0,25.0,-4.016,103.121
345040,Poas,11190,Confirmed Eruption,,1.0,2006.0,9.0,25.0,Historical Observations,2006.0,12.0,16.0,10.2,-84.233
312260,Fourpeaked,20250,Confirmed Eruption,Fissure trending N from summit,2.0,2006.0,9.0,17.0,Historical Observations,2006.0,9.0,17.0,58.77,-153.672
261160,Talang,15497,Confirmed Eruption,,1.0,2006.0,9.0,10.0,Historical Observations,2006.0,9.0,10.0,-0.979,100.681
344120,Concepcion,11074,Confirmed Eruption,,2.0,2006.0,9.0,1.0,Historical Observations,2006.0,9.0,21.0,11.538,-85.622
284040,Miyakejima,18278,Confirmed Eruption,,1.0,2006.0,8.0,23.0,Historical Observations,2006.0,8.0,23.0,34.094,139.526
252140,Rabaul,15100,Confirmed Eruption,Tavurvur,4.0,2006.0,8.0,11.0,Historical Observations,2010.0,1.0,31.0,-4.271,152.203
252010,Langila,15002,Confirmed Eruption,,2.0,2006.0,8.0,9.0,Historical Observations,2008.0,7.0,6.0,-5.525,148.42
243080,Home Reef,14771,Confirmed Eruption,,2.0,2006.0,8.0,7.0,Historical Observations,2006.0,8.0,16.0,-18.992,-174.775
344100,Masaya,11041,Confirmed Eruption,Santiago,1.0,2006.0,8.0,4.0,Historical Observations,2006.0,10.0,25.0,11.985,-86.165
344040,Telica,10939,Confirmed Eruption,,1.0,2006.0,8.0,4.0,Historical Observations,2006.0,8.0,6.0,12.606,-86.84
233020,"Fournaise, Piton de la",14389,Confirmed Eruption,"Dolomieu, S, E, and SE flanks",1.0,2006.0,7.0,20.0,Historical Observations,2007.0,5.0,1.0,-21.244,55.708
211060,Etna,13848,Confirmed Eruption,SE Crater & flank vents; NE Crater,2.0,2006.0,7.0,14.0,Historical Observations,2006.0,12.0,15.0,37.748,14.999
273030,Mayon,16817,Confirmed Eruption,,1.0,2006.0,7.0,13.0,Historical Observations,2006.0,10.0,1.0,13.257,123.685
267020,Karangetang,16541,Confirmed Eruption,,1.0,2006.0,7.0,3.0,Historical Observations,2007.0,10.0,16.0,2.781,125.407
264260,"Tara, Batu",16352,Uncertain Eruption,,1.0,2006.0,7.0,1.0,,2006.0,7.0,1.0,-7.791,123.585
272020,Kanlaon,16638,Confirmed Eruption,,2.0,2006.0,6.0,3.0,Historical Observations,2006.0,7.0,25.0,10.412,123.132
233010,Karthala,14207,Confirmed Eruption,Chahalé crater,0.0,2006.0,5.0,28.0,Historical Observations,2006.0,6.0,3.0,-11.75,43.38
355100,Lascar,11878,Confirmed Eruption,,3.0,2006.0,4.0,18.0,Historical Observations,2007.0,7.0,18.0,-23.37,-67.73
373030,Bardarbunga,12895,Uncertain Eruption,Loki-Fögrufjöll (East Loki cauldron),0.0,2006.0,4.0,16.0,,,,,64.633,-17.516
300250,Bezymianny,19384,Confirmed Eruption,,3.0,2006.0,4.0,16.0,Historical Observations,2006.0,12.0,29.0,55.972,160.595
354020,Ubinas,11791,Confirmed Eruption,,2.0,2006.0,3.0,25.0,Historical Observations,2009.0,7.0,4.0,-16.355,-70.903
345040,Poas,11189,Confirmed Eruption,,1.0,2006.0,3.0,24.0,Historical Observations,2006.0,3.0,24.0,10.2,-84.233
285070,Akan,18704,Confirmed Eruption,NE flank of Me-Akan,1.0,2006.0,3.0,21.0,Historical Observations,2006.0,3.0,21.0,43.384,144.013
273010,Bulusan,16770,Confirmed Eruption,,2.0,2006.0,3.0,21.0,Historical Observations,2006.0,6.0,28.0,12.769,124.056
284200,Anatahan,18537,Confirmed Eruption,East Crater,2.0,2006.0,3.0,20.0,Historical Observations,2006.0,6.0,26.0,16.35,145.67
242030,Raoul Island,14702,Confirmed Eruption,Green Lake crater,1.0,2006.0,3.0,17.0,Historical Observations,2006.0,3.0,17.0,-29.27,-177.92
263250,Merapi,15923,Confirmed Eruption,,1.0,2006.0,3.0,16.0,Historical Observations,2007.0,8.0,9.0,-7.54,110.446
234010,Heard,14412,Confirmed Eruption,Mawson Peak,0.0,2006.0,3.0,11.0,Historical Observations,2008.0,3.0,3.0,-53.106,73.513
342110,Pacaya,22213,Confirmed Eruption,MacKenney Cone,3.0,2006.0,3.0,9.0,Historical Observations,2010.0,10.0,26.0,14.382,-90.601
312070,Veniaminof,20177,Confirmed Eruption,Western intracaldera cone,1.0,2006.0,3.0,3.0,Historical Observations,2006.0,9.0,7.0,56.17,-159.38
252120,Ulawun,15074,Confirmed Eruption,,2.0,2006.0,3.0,1.0,Historical Observations,2007.0,1.0,18.0,-5.05,151.33
273030,Mayon,16816,Confirmed Eruption,,1.0,2006.0,2.0,21.0,Historical Observations,2006.0,2.0,23.0,13.257,123.685
284040,Miyakejima,18277,Confirmed Eruption,,1.0,2006.0,2.0,17.0,Historical Observations,2006.0,2.0,17.0,34.094,139.526
256010,Tinakula,15209,Confirmed Eruption,,2.0,2006.0,2.0,11.0,Historical Observations,2007.0,11.0,9.0,-10.386,165.804
311240,Cleveland,19818,Confirmed Eruption,,3.0,2006.0,2.0,6.0,Historical Observations,2006.0,10.0,28.0,52.825,-169.944
266030,Soputan,16433,Confirmed Eruption,,1.0,2005.0,12.0,26.0,Historical Observations,2006.0,1.0,24.0,1.112,124.737
266020,Ambang,20947,Confirmed Eruption,,1.0,2005.0,12.0,22.0,Historical Observations,,,,0.75,124.42
211060,Etna,13847,Confirmed Eruption,Bocca Nuova,1.0,2005.0,12.0,16.0,Historical Observations,2005.0,12.0,22.0,37.748,14.999
313010,Augustine,20273,Confirmed Eruption,,3.0,2005.0,12.0,9.0,Historical Observations,2006.0,4.0,27.0,59.363,-153.43
300250,Bezymianny,19383,Confirmed Eruption,,2.0,2005.0,11.0,29.0,Historical Observations,2005.0,12.0,1.0,55.972,160.595
257030,Ambae,15237,Confirmed Eruption,Lake Voui,2.0,2005.0,11.0,27.0,Historical Observations,2006.0,2.0,16.0,-15.389,167.835
233010,Karthala,14206,Confirmed Eruption,Chahalé crater,3.0,2005.0,11.0,24.0,Historical Observations,2005.0,12.0,8.0,-11.75,43.38
351080,Galeras,11378,Confirmed Eruption,,2.0,2005.0,11.0,24.0,Historical Observations,2006.0,7.0,12.0,1.22,-77.37
344020,San Cristobal,10892,Confirmed Eruption,,2.0,2005.0,11.0,13.0,Historical Observations,2006.0,5.0,27.0,12.702,-87.004
257050,Lopevi,15321,Confirmed Eruption,,2.0,2005.0,10.0,27.0,Historical Observations,2006.0,8.0,1.0,-16.507,168.346
353050,"Negra, Sierra",11713,Confirmed Eruption,North caldera rim,3.0,2005.0,10.0,22.0,Historical Observations,2005.0,10.0,30.0,-0.83,-91.17
252070,Krummel-Garbuna-Welcker,15007,Confirmed Eruption,Central part of Garbuna complex,2.0,2005.0,10.0,16.0,Historical Observations,2005.0,11.0,17.0,-5.416,150.027
233020,"Fournaise, Piton de la",14388,Confirmed Eruption,"Dolomieu, N and NE flanks",0.0,2005.0,10.0,4.0,Historical Observations,2006.0,1.0,18.0,-21.244,55.708
221113,Dabbahu,13942,Confirmed Eruption,NE flank (Da'Ure),3.0,2005.0,9.0,26.0,Historical Observations,2005.0,9.0,29.0,12.595,40.48
284130,Fukutoku-Oka-no-Ba,18468,Uncertain Eruption,,0.0,2005.0,9.0,11.0,,2007.0,2.0,16.0,24.285,141.481
312070,Veniaminof,20176,Confirmed Eruption,Western intracaldera cone,1.0,2005.0,9.0,7.0,Historical Observations,2005.0,11.0,4.0,56.17,-159.38
273030,Mayon,16815,Confirmed Eruption,,0.0,2005.0,8.0,17.0,Historical Observations,,,,13.257,123.685
334050,Northern EPR at 9.8°N,10346,Confirmed Eruption,East Pacific Rise (9.8 deg N),0.0,2005.0,8.0,16.0,Historical Observations,2006.0,1.0,16.0,9.83,-104.3
344120,Concepcion,11073,Confirmed Eruption,,2.0,2005.0,7.0,28.0,Historical Observations,2005.0,11.0,10.0,11.538,-85.622
263340,Raung,16164,Uncertain Eruption,,2.0,2005.0,7.0,23.0,,2005.0,8.0,15.0,-8.119,114.056
373030,Bardarbunga,12894,Uncertain Eruption,Loki-Fögrufjöll (West Loki cauldron),0.0,2005.0,7.0,16.0,,2005.0,8.0,16.0,64.633,-17.516
234011,McDonald Islands,14399,Confirmed Eruption,,0.0,2005.0,7.0,12.0,Historical Observations,,,,-53.03,72.6
284130,Fukutoku-Oka-no-Ba,18467,Confirmed Eruption,,1.0,2005.0,7.0,2.0,Historical Observations,2005.0,7.0,21.0,24.285,141.481
290120,Kolokol Group,18775,Uncertain Eruption,Berg,1.0,2005.0,7.0,2.0,,,,,46.042,150.083
343020,Santa Ana,10768,Confirmed Eruption,,3.0,2005.0,6.0,16.0,Historical Observations,2005.0,10.0,1.0,13.853,-89.63
260010,Barren Island,15386,Confirmed Eruption,"Central cone summit, N, S, and SW flanks",2.0,2005.0,5.0,26.0,Historical Observations,2007.0,12.0,23.0,12.278,93.858
353010,Fernandina,11676,Confirmed Eruption,South caldera rim,2.0,2005.0,5.0,13.0,Historical Observations,2005.0,5.0,29.0,-0.37,-91.55
355100,Lascar,11877,Confirmed Eruption,,3.0,2005.0,5.0,4.0,Historical Observations,2005.0,5.0,4.0,-23.37,-67.73
252010,Langila,15001,Confirmed Eruption,,2.0,2005.0,4.0,19.0,Historical Observations,2006.0,3.0,31.0,-5.525,148.42
266030,Soputan,16437,Confirmed Eruption,,2.0,2005.0,4.0,19.0,Historical Observations,2005.0,7.0,18.0,1.112,124.737
233010,Karthala,14205,Confirmed Eruption,Chahalé crater,2.0,2005.0,4.0,16.0,Historical Observations,2005.0,4.0,18.0,-11.75,43.38
360050,Soufriere Hills,12348,Confirmed Eruption,,3.0,2005.0,4.0,15.0,Historical Observations,2013.0,2.0,5.0,16.72,-62.18
282110,Asosan,17350,Confirmed Eruption,Naka-dake,1.0,2005.0,4.0,14.0,Historical Observations,2005.0,8.0,16.0,32.884,131.104
284040,Miyakejima,18276,Confirmed Eruption,,1.0,2005.0,4.0,12.0,Historical Observations,2005.0,5.0,18.0,34.094,139.526
261160,Talang,15496,Confirmed Eruption,North & south flanks,2.0,2005.0,4.0,12.0,Historical Observations,2005.0,7.0,18.0,-0.979,100.681
252120,Ulawun,15073,Confirmed Eruption,,2.0,2005.0,3.0,27.0,Historical Observations,2005.0,8.0,9.0,-5.05,151.33
311240,Cleveland,19817,Confirmed Eruption,,2.0,2005.0,3.0,13.0,Historical Observations,2005.0,11.0,27.0,52.825,-169.944
290360,Chikurachki,18857,Confirmed Eruption,,1.0,2005.0,3.0,12.0,Historical Observations,2005.0,4.0,7.0,50.324,155.461
284080,Sumisujima,18356,Uncertain Eruption,,0.0,2005.0,3.0,8.0,,2005.0,3.0,8.0,31.44,140.051
344100,Masaya,11040,Confirmed Eruption,Santiago,1.0,2005.0,3.0,4.0,Historical Observations,2005.0,3.0,30.0,11.985,-86.165
242050,Monowai,14721,Confirmed Eruption,,0.0,2005.0,3.0,2.0,Hydrophonic,2006.0,6.0,27.0,-25.887,-177.188
311161,Korovin,19767,Confirmed Eruption,,1.0,2005.0,2.0,23.0,Historical Observations,2005.0,5.0,5.0,52.381,-174.166
233020,"Fournaise, Piton de la",14386,Confirmed Eruption,"North side of caldera (1600, 1200, & 450 m)",0.0,2005.0,2.0,17.0,Historical Observations,2005.0,2.0,26.0,-21.244,55.708
264160,Egon,16277,Confirmed Eruption,Summit and southern flank,1.0,2005.0,2.0,6.0,Historical Observations,2005.0,2.0,27.0,-8.676,122.455
257050,Lopevi,15320,Confirmed Eruption,,2.0,2005.0,1.0,30.0,Historical Observations,2005.0,3.0,31.0,-16.507,168.346
290380,Ebeko,18877,Confirmed Eruption,,2.0,2005.0,1.0,29.0,Historical Observations,2005.0,2.0,16.0,50.686,156.014
252140,Rabaul,15099,Confirmed Eruption,Tavurvur,2.0,2005.0,1.0,25.0,Historical Observations,2006.0,2.0,17.0,-4.271,152.203
272020,Kanlaon,16749,Confirmed Eruption,,2.0,2005.0,1.0,25.0,Historical Observations,2005.0,5.0,25.0,10.412,123.132
300260,Klyuchevskoy,19482,Confirmed Eruption,,2.0,2005.0,1.0,20.0,Historical Observations,2005.0,4.0,7.0,56.056,160.642
341090,Popocatepetl,10556,Confirmed Eruption,,2.0,2005.0,1.0,9.0,Historical Observations,2020.0,4.0,17.0,19.023,-98.622
312070,Veniaminof,20175,Confirmed Eruption,Western intracaldera cone,2.0,2005.0,1.0,4.0,Historical Observations,2005.0,2.0,14.0,56.17,-159.38
344020,San Cristobal,10891,Confirmed Eruption,,1.0,2004.0,12.0,3.0,Historical Observations,2004.0,12.0,7.0,12.702,-87.004
284040,Miyakejima,18275,Confirmed Eruption,,1.0,2004.0,11.0,30.0,Historical Observations,2004.0,12.0,9.0,34.094,139.526
252010,Langila,15000,Confirmed Eruption,,2.0,2004.0,11.0,24.0,Historical Observations,2004.0,12.0,25.0,-5.525,148.42
234011,McDonald Islands,14398,Uncertain Eruption,,1.0,2004.0,11.0,14.0,,2004.0,11.0,14.0,-53.03,72.6
352010,Reventador,11447,Confirmed Eruption,,2.0,2004.0,11.0,7.0,Historical Observations,2006.0,3.0,16.0,-0.077,-77.656
344040,Telica,10938,Confirmed Eruption,,1.0,2004.0,11.0,5.0,Historical Observations,2005.0,1.0,29.0,12.606,-86.84
373010,Grimsvotn,12842,Confirmed Eruption,SW and east sides of caldera,3.0,2004.0,11.0,1.0,Historical Observations,2004.0,11.0,4.0,64.416,-17.316
251020,Manam,14934,Confirmed Eruption,"South Crater, Main Crater",4.0,2004.0,10.0,24.0,Historical Observations,2009.0,12.0,12.0,-4.08,145.037
282030,Suwanosejima,16947,Confirmed Eruption,O-take,2.0,2004.0,10.0,23.0,Historical Observations,2020.0,4.0,17.0,29.638,129.714
266030,Soputan,16436,Confirmed Eruption,,3.0,2004.0,10.0,18.0,Historical Observations,2004.0,12.0,27.0,1.112,124.737
264030,Rinjani,16226,Confirmed Eruption,Summit and NE flank of Barujari,2.0,2004.0,10.0,1.0,Historical Observations,2004.0,10.0,5.0,-8.42,116.47
321050,St. Helens,20560,Confirmed Eruption,South of 1980-1986 lava dome,2.0,2004.0,10.0,1.0,Historical Observations,2008.0,1.0,27.0,46.2,-122.18
257050,Lopevi,15319,Confirmed Eruption,,2.0,2004.0,9.0,16.0,Historical Observations,2004.0,9.0,16.0,-16.507,168.346
300260,Klyuchevskoy,19481,Confirmed Eruption,,1.0,2004.0,9.0,15.0,Historical Observations,2004.0,9.0,15.0,56.056,160.642
211060,Etna,13846,Confirmed Eruption,"SE Crater, SE flank (3000-2320 m)",1.0,2004.0,9.0,7.0,Historical Observations,2005.0,3.0,8.0,37.748,14.999
283110,Asamayama,17810,Confirmed Eruption,,2.0,2004.0,9.0,1.0,Historical Observations,2004.0,12.0,9.0,36.406,138.523
261140,Marapi,15479,Confirmed Eruption,,2.0,2004.0,8.0,5.0,Historical Observations,2004.0,8.0,5.0,-0.38,100.474
357120,Villarrica,12181,Confirmed Eruption,,1.0,2004.0,8.0,5.0,Historical Observations,2007.0,12.0,24.0,-39.42,-71.93
386011,Nightingale Island,13145,Confirmed Eruption,Submarine SE flank,0.0,2004.0,7.0,29.0,Historical Observations,2004.0,7.0,30.0,-37.42,-12.48
290260,Chirinkotan,18830,Confirmed Eruption,,2.0,2004.0,7.0,20.0,Historical Observations,2004.0,7.0,20.0,48.98,153.48
342110,Pacaya,19887,Confirmed Eruption,MacKenney Cone and lower S flank,3.0,2004.0,7.0,19.0,Historical Observations,2005.0,9.0,11.0,14.382,-90.601
351080,Galeras,11377,Confirmed Eruption,El Pinta vent,3.0,2004.0,7.0,16.0,Historical Observations,2005.0,2.0,7.0,1.22,-77.37
344100,Masaya,11039,Uncertain Eruption,Santiago,1.0,2004.0,7.0,4.0,,2004.0,7.0,4.0,11.985,-86.165
311161,Korovin,19766,Confirmed Eruption,,1.0,2004.0,7.0,4.0,Historical Observations,,,,52.381,-174.166
264160,Egon,16276,Confirmed Eruption,,2.0,2004.0,7.0,3.0,Historical Observations,2004.0,9.0,16.0,-8.676,122.455
234070,Marion Island,14414,Confirmed Eruption,South side of island,1.0,2004.0,6.0,24.0,Historical Observations,2004.0,6.0,24.0,-46.9,37.75
261170,Kerinci,15529,Confirmed Eruption,,2.0,2004.0,6.0,22.0,Historical Observations,2004.0,10.0,24.0,-1.697,101.264
263310,Tengger Caldera,16063,Confirmed Eruption,Bromo,2.0,2004.0,6.0,8.0,Historical Observations,2004.0,6.0,24.0,-7.942,112.95
284120,Ioto,18422,Uncertain Eruption,Asodai area,1.0,2004.0,6.0,6.0,,2004.0,6.0,8.0,24.751,141.289
273030,Mayon,16814,Confirmed Eruption,,1.0,2004.0,6.0,3.0,Historical Observations,2004.0,9.0,12.0,13.257,123.685
267040,Awu,16570,Confirmed Eruption,,2.0,2004.0,6.0,2.0,Historical Observations,2004.0,8.0,16.0,3.689,125.447
341090,Popocatepetl,10552,Confirmed Eruption,,2.0,2004.0,5.0,26.0,Historical Observations,2004.0,5.0,26.0,19.023,-98.622
268030,Ibu,16581,Confirmed Eruption,,0.0,2004.0,5.0,16.0,Historical Observations,2005.0,2.0,22.0,1.488,127.63
223020,Nyamuragira,14083,Confirmed Eruption,Summit and NNW flank,2.0,2004.0,5.0,8.0,Historical Observations,2004.0,5.0,28.0,-1.408,29.2
233020,"Fournaise, Piton de la",14385,Confirmed Eruption,"SSW of Bory, Dolomieu and east flank",0.0,2004.0,5.0,2.0,Historical Observations,2004.0,10.0,16.0,-21.244,55.708
263340,Raung,16163,Uncertain Eruption,,2.0,2004.0,4.0,15.0,,2004.0,10.0,8.0,-8.119,114.056
252120,Ulawun,15072,Confirmed Eruption,,2.0,2004.0,4.0,12.0,Historical Observations,2004.0,4.0,14.0,-5.05,151.33
284200,Anatahan,18536,Confirmed Eruption,East Crater,3.0,2004.0,4.0,12.0,Historical Observations,2005.0,9.0,3.0,16.35,145.67
267020,Karangetang,16540,Confirmed Eruption,,2.0,2004.0,4.0,2.0,Historical Observations,2005.0,8.0,5.0,2.781,125.407
344040,Telica,10937,Confirmed Eruption,,1.0,2004.0,3.0,31.0,Historical Observations,2004.0,3.0,31.0,12.606,-86.84
243060,Tofua,14752,Confirmed Eruption,Lofia crater,1.0,2004.0,3.0,19.0,Historical Observations,2014.0,10.0,18.0,-19.75,-175.07
255060,Kavachi,15179,Confirmed Eruption,,1.0,2004.0,3.0,15.0,Historical Observations,,,,-8.991,157.979
282060,Kikai,17003,Confirmed Eruption,Iwo-dake,2.0,2004.0,3.0,5.0,Historical Observations,2004.0,10.0,16.0,30.793,130.305
360050,Soufriere Hills,12347,Confirmed Eruption,,3.0,2004.0,3.0,3.0,Historical Observations,2004.0,5.0,2.0,16.72,-62.18
285050,Tokachidake,18661,Confirmed Eruption,1962-II Crater,1.0,2004.0,2.0,25.0,Historical Observations,2004.0,4.0,19.0,43.418,142.686
252080,Witori,15028,Uncertain Eruption,Pago,1.0,2004.0,2.0,24.0,,2004.0,2.0,24.0,-5.576,150.516
311360,Shishaldin,20100,Confirmed Eruption,,2.0,2004.0,2.0,17.0,Historical Observations,2004.0,7.0,16.0,54.756,-163.97
312070,Veniaminof,20174,Confirmed Eruption,Western intracaldera cone,2.0,2004.0,2.0,16.0,Historical Observations,2004.0,9.0,5.0,56.17,-159.38
257060,Epi,15332,Confirmed Eruption,Epi B,2.0,2004.0,2.0,16.0,Historical Observations,2004.0,2.0,24.0,-16.68,168.37
211060,Etna,13838,Confirmed Eruption,Central Crater,1.0,2004.0,2.0,12.0,Historical Observations,2004.0,2.0,14.0,37.748,14.999
264160,Egon,16275,Confirmed Eruption,,1.0,2004.0,1.0,29.0,Historical Observations,2004.0,2.0,5.0,-8.676,122.455
252010,Langila,14999,Confirmed Eruption,,2.0,2004.0,1.0,20.0,Historical Observations,2004.0,1.0,27.0,-5.525,148.42
300250,Bezymianny,19382,Confirmed Eruption,,3.0,2004.0,1.0,14.0,Historical Observations,2005.0,2.0,16.0,55.972,160.595
282110,Asosan,17349,Confirmed Eruption,Naka-dake,1.0,2004.0,1.0,14.0,Historical Observations,2004.0,1.0,14.0,32.884,131.104
355100,Lascar,11876,Uncertain Eruption,,1.0,2003.0,12.0,9.0,,2003.0,12.0,9.0,-23.37,-67.73
284080,Sumisujima,18355,Uncertain Eruption,,0.0,2003.0,11.0,6.0,,2003.0,11.0,6.0,31.44,140.051
284110,Kita-Ioto,18395,Uncertain Eruption,Funka-Asane,0.0,2003.0,11.0,4.0,,2003.0,11.0,4.0,25.424,141.284
251020,Manam,14933,Confirmed Eruption,Main Crater,1.0,2003.0,10.0,26.0,Historical Observations,2004.0,3.0,28.0,-4.08,145.037
273030,Mayon,16813,Uncertain Eruption,,0.0,2003.0,10.0,8.0,,2003.0,10.0,11.0,13.257,123.685
344100,Masaya,11038,Confirmed Eruption,Santiago,1.0,2003.0,9.0,22.0,Historical Observations,2003.0,12.0,12.0,11.985,-86.165
266100,Lokon-Empung,16463,Confirmed Eruption,Tompaluan,3.0,2003.0,9.0,12.0,Historical Observations,2003.0,9.0,12.0,1.358,124.792
357070,"Chillan, Nevados de",11992,Confirmed Eruption,Saddle between Nuevo & Arrau volcanoes,1.0,2003.0,8.0,29.0,Historical Observations,2003.0,9.0,15.0,-36.868,-71.378
268060,Gamalama,16675,Confirmed Eruption,,2.0,2003.0,7.0,31.0,Historical Observations,2003.0,10.0,2.0,0.8,127.33
354006,Sabancaya,11752,Confirmed Eruption,,2.0,2003.0,7.0,30.0,Historical Observations,2003.0,7.0,31.0,-15.787,-71.857
300250,Bezymianny,19381,Confirmed Eruption,,3.0,2003.0,7.0,26.0,Historical Observations,2003.0,8.0,1.0,55.972,160.595
263200,Dieng Volcanic Complex,15791,Confirmed Eruption,Sileri Crater,1.0,2003.0,7.0,16.0,Historical Observations,2003.0,7.0,16.0,-7.2,109.879
282110,Asosan,17348,Confirmed Eruption,Naka-dake,1.0,2003.0,7.0,10.0,Historical Observations,2003.0,7.0,14.0,32.884,131.104
284211,NW Rota-1,18539,Confirmed Eruption,Upper South flank (Brimstone Pit),0.0,2003.0,7.0,2.0,Historical Observations,2010.0,3.0,16.0,14.601,144.775
264200,Leroboleng,16308,Confirmed Eruption,,3.0,2003.0,6.0,26.0,Historical Observations,2003.0,7.0,29.0,-8.365,122.833
344020,San Cristobal,10890,Confirmed Eruption,,1.0,2003.0,6.0,17.0,Historical Observations,2004.0,6.0,13.0,12.702,-87.004
234010,Heard,14410,Confirmed Eruption,Mawson Peak,0.0,2003.0,6.0,9.0,Historical Observations,2004.0,6.0,14.0,-53.106,73.513
257050,Lopevi,15318,Confirmed Eruption,,3.0,2003.0,6.0,8.0,Historical Observations,2003.0,6.0,16.0,-16.507,168.346
334040,Northern EPR at 10.7°N,10326,Confirmed Eruption,,0.0,2003.0,5.0,31.0,Historical Observations,2003.0,10.0,15.0,10.73,-103.58
233020,"Fournaise, Piton de la",14384,Confirmed Eruption,"Dolomieu, Bory, N, NW, and SSW flanks",1.0,2003.0,5.0,30.0,Historical Observations,2004.0,1.0,10.0,-21.244,55.708
264180,Lewotobi,16304,Confirmed Eruption,Lewotobi Lakilaki,2.0,2003.0,5.0,30.0,Historical Observations,2003.0,9.0,1.0,-8.542,122.775
357120,Villarrica,12180,Confirmed Eruption,,1.0,2003.0,5.0,23.0,Historical Observations,2004.0,3.0,25.0,-39.42,-71.93
251020,Manam,14932,Confirmed Eruption,Main Crater,1.0,2003.0,5.0,17.0,Historical Observations,2003.0,5.0,23.0,-4.08,145.037
284200,Anatahan,18535,Confirmed Eruption,East Crater,3.0,2003.0,5.0,10.0,Historical Observations,2003.0,7.0,12.0,16.35,145.67
290360,Chikurachki,18856,Confirmed Eruption,,2.0,2003.0,4.0,17.0,Historical Observations,2003.0,7.0,3.0,50.324,155.461
352020,Guagua Pichincha,11500,Uncertain Eruption,,1.0,2003.0,4.0,17.0,,2003.0,4.0,17.0,-0.171,-78.598
244000,Vailulu'u,14803,Confirmed Eruption,West side of caldera (Nafanua),0.0,2003.0,4.0,16.0,Historical Observations,,,,-14.215,-169.058
252120,Ulawun,15071,Confirmed Eruption,,2.0,2003.0,4.0,14.0,Historical Observations,2003.0,10.0,10.0,-5.05,151.33
242050,Monowai,14720,Confirmed Eruption,,0.0,2003.0,4.0,10.0,Hydrophonic,2004.0,9.0,16.0,-25.887,-177.188
357110,Llaima,12075,Confirmed Eruption,,2.0,2003.0,4.0,9.0,Historical Observations,2003.0,4.0,16.0,-38.692,-71.729
273030,Mayon,16812,Confirmed Eruption,,2.0,2003.0,3.0,17.0,Historical Observations,2003.0,5.0,14.0,13.257,123.685
284110,Kita-Ioto,18394,Uncertain Eruption,Funka-Asane,0.0,2003.0,3.0,10.0,,2003.0,3.0,10.0,25.424,141.284
211060,Etna,13837,Confirmed Eruption,NE Crater,1.0,2003.0,3.0,8.0,Historical Observations,2003.0,11.0,9.0,37.748,14.999
272020,Kanlaon,16748,Confirmed Eruption,,1.0,2003.0,3.0,7.0,Historical Observations,2003.0,7.0,23.0,10.412,123.132
282060,Kikai,17002,Confirmed Eruption,Iwo-dake,2.0,2003.0,2.0,16.0,Historical Observations,2003.0,10.0,16.0,30.793,130.305
283110,Asamayama,17809,Confirmed Eruption,,1.0,2003.0,2.0,6.0,Historical Observations,2003.0,4.0,18.0,36.406,138.523
300250,Bezymianny,19380,Confirmed Eruption,,2.0,2002.0,12.0,25.0,Historical Observations,2002.0,12.0,28.0,55.972,160.595
266100,Lokon-Empung,16462,Confirmed Eruption,Tompaluan,2.0,2002.0,12.0,23.0,Historical Observations,2003.0,4.0,1.0,1.358,124.792
284130,Fukutoku-Oka-no-Ba,18466,Uncertain Eruption,,0.0,2002.0,12.0,19.0,,2003.0,3.0,11.0,24.285,141.481
272020,Kanlaon,16747,Confirmed Eruption,,1.0,2002.0,11.0,28.0,Historical Observations,2002.0,11.0,28.0,10.412,123.132
300260,Klyuchevskoy,19480,Confirmed Eruption,,2.0,2002.0,11.0,24.0,Historical Observations,2004.0,4.0,8.0,56.056,160.642
233020,"Fournaise, Piton de la",14383,Confirmed Eruption,East flank of Dolomieu (1850-1540 m),2.0,2002.0,11.0,16.0,Historical Observations,2002.0,12.0,3.0,-21.244,55.708
256010,Tinakula,15208,Uncertain Eruption,,1.0,2002.0,11.0,16.0,,,,,-10.386,165.804
263100,Papandayan,15688,Confirmed Eruption,"Kawah Baru, Kawah Nangklak",2.0,2002.0,11.0,11.0,Historical Observations,2002.0,12.0,19.0,-7.32,107.73
352010,Reventador,11446,Confirmed Eruption,Summit and SE flank (2600 m),4.0,2002.0,11.0,3.0,Historical Observations,2003.0,1.0,10.0,-0.077,-77.656
242050,Monowai,14719,Confirmed Eruption,,0.0,2002.0,11.0,1.0,Hydrophonic,2002.0,11.0,24.0,-25.887,-177.188
251020,Manam,14931,Confirmed Eruption,,2.0,2002.0,10.0,31.0,Historical Observations,,,,-4.08,145.037
211060,Etna,13836,Confirmed Eruption,"NE Rift (3100-1900 m), S flank (2850-2600 m)",3.0,2002.0,10.0,26.0,Historical Observations,2003.0,1.0,28.0,37.748,14.999
355100,Lascar,11875,Confirmed Eruption,,2.0,2002.0,10.0,26.0,Historical Observations,2002.0,10.0,27.0,-23.37,-67.73
344040,Telica,10936,Confirmed Eruption,,0.0,2002.0,10.0,17.0,Historical Observations,,,,12.606,-86.84
357110,Llaima,12074,Confirmed Eruption,,1.0,2002.0,10.0,13.0,Historical Observations,,,,-38.692,-71.729
264180,Lewotobi,16300,Confirmed Eruption,Lewotobi Lakilaki,1.0,2002.0,10.0,12.0,Historical Observations,2002.0,10.0,12.0,-8.542,122.775
273030,Mayon,16811,Confirmed Eruption,,1.0,2002.0,10.0,11.0,Historical Observations,2002.0,10.0,11.0,13.257,123.685
352020,Guagua Pichincha,11499,Confirmed Eruption,,1.0,2002.0,10.0,11.0,Historical Observations,2002.0,12.0,7.0,-0.171,-78.598
252140,Rabaul,15098,Confirmed Eruption,Tavurvur,2.0,2002.0,10.0,6.0,Historical Observations,2004.0,2.0,17.0,-4.271,152.203
267010,Ruang,16493,Confirmed Eruption,,4.0,2002.0,9.0,25.0,Historical Observations,2002.0,9.0,29.0,2.3,125.37
312070,Veniaminof,20173,Confirmed Eruption,Western intracaldera cone,1.0,2002.0,9.0,24.0,Historical Observations,2003.0,3.0,23.0,56.17,-159.38
284080,Sumisujima,18354,Uncertain Eruption,,0.0,2002.0,9.0,4.0,,2002.0,9.0,4.0,31.44,140.051
252120,Ulawun,15066,Confirmed Eruption,,2.0,2002.0,8.0,22.0,Historical Observations,2002.0,11.0,3.0,-5.05,151.33
284090,Izu-Torishima,18372,Confirmed Eruption,Iwo-yama,2.0,2002.0,8.0,12.0,Historical Observations,2002.0,8.0,20.0,30.484,140.303
252080,Witori,15027,Confirmed Eruption,Pago (summit and NW flank),3.0,2002.0,8.0,3.0,Historical Observations,2003.0,3.0,26.0,-5.576,150.516
251070,Ritter Island,14975,Uncertain Eruption,,2.0,2002.0,8.0,2.0,,2002.0,8.0,2.0,-5.519,148.115
315020,Wrangell,20420,Uncertain Eruption,,1.0,2002.0,8.0,1.0,Historical Observations,2002.0,8.0,2.0,62.006,-144.017
263350,Ijen,16178,Uncertain Eruption,Kawah Ijen,1.0,2002.0,7.0,29.0,,2002.0,8.0,15.0,-8.058,114.242
223020,Nyamuragira,14082,Confirmed Eruption,"Summit caldera, north & south flanks",2.0,2002.0,7.0,25.0,Historical Observations,2002.0,9.0,16.0,-1.408,29.2
311161,Korovin,19765,Confirmed Eruption,,1.0,2002.0,7.0,16.0,Historical Observations,,,,52.381,-174.166
373030,Bardarbunga,12893,Uncertain Eruption,Loki-Fögrufjöll (W and E Loki cauldrons),0.0,2002.0,7.0,16.0,,2002.0,9.0,16.0,64.633,-17.516
263340,Raung,16162,Confirmed Eruption,,2.0,2002.0,6.0,16.0,Historical Observations,2002.0,8.0,25.0,-8.119,114.056
351080,Galeras,11376,Confirmed Eruption,El Pinta vent,1.0,2002.0,6.0,7.0,Historical Observations,2002.0,6.0,7.0,1.22,-77.37
342110,Pacaya,19886,Confirmed Eruption,MacKenney Crater,1.0,2002.0,5.0,30.0,Historical Observations,2002.0,6.0,17.0,14.382,-90.601
344020,San Cristobal,10889,Confirmed Eruption,,1.0,2002.0,5.0,29.0,Historical Observations,2002.0,12.0,16.0,12.702,-87.004
252010,Langila,14998,Confirmed Eruption,Crater 2,2.0,2002.0,5.0,25.0,Historical Observations,2003.0,4.0,9.0,-5.525,148.42
242050,Monowai,14718,Confirmed Eruption,,0.0,2002.0,5.0,24.0,Hydrophonic,2002.0,5.0,24.0,-25.887,-177.188
223030,Nyiragongo,14107,Confirmed Eruption,,2.0,2002.0,5.0,17.0,Historical Observations,2020.0,4.0,16.0,-1.52,29.25
282060,Kikai,17001,Confirmed Eruption,Iwo-dake,2.0,2002.0,5.0,11.0,Historical Observations,2002.0,7.0,16.0,30.793,130.305
256010,Tinakula,15207,Uncertain Eruption,Upper NW flank,1.0,2002.0,4.0,16.0,Historical Observations,,,,-10.386,165.804
352020,Guagua Pichincha,11498,Confirmed Eruption,,1.0,2002.0,4.0,16.0,Historical Observations,2002.0,4.0,16.0,-0.171,-78.598
300260,Klyuchevskoy,19479,Confirmed Eruption,,2.0,2002.0,4.0,9.0,Historical Observations,2002.0,6.0,9.0,56.056,160.642
257060,Epi,15331,Confirmed Eruption,,1.0,2002.0,3.0,16.0,Historical Observations,2002.0,3.0,16.0,-16.68,168.37
284110,Kita-Ioto,18393,Uncertain Eruption,Funka-Asane,0.0,2002.0,2.0,28.0,,2002.0,2.0,28.0,25.424,141.284
266100,Lokon-Empung,16461,Confirmed Eruption,Tompaluan,2.0,2002.0,2.0,9.0,Historical Observations,2002.0,5.0,16.0,1.358,124.792
290360,Chikurachki,18855,Confirmed Eruption,SSE part of summit crater,2.0,2002.0,1.0,25.0,Historical Observations,2002.0,4.0,22.0,50.324,155.461
223030,Nyiragongo,14106,Confirmed Eruption,"South flank (2800-1570 m), summit crater",1.0,2002.0,1.0,17.0,Historical Observations,2002.0,2.0,3.0,-1.52,29.25
343100,San Miguel,10866,Confirmed Eruption,,1.0,2002.0,1.0,16.0,Historical Observations,2002.0,1.0,16.0,13.434,-88.269
251020,Manam,14930,Confirmed Eruption,South Crater,3.0,2002.0,1.0,13.0,Historical Observations,2002.0,5.0,21.0,-4.08,145.037
233020,"Fournaise, Piton de la",14382,Confirmed Eruption,NE part of l'Enclos Fouqué caldera,1.0,2002.0,1.0,5.0,Historical Observations,2002.0,1.0,16.0,-21.244,55.708
342090,Fuego,10733,Confirmed Eruption,,3.0,2002.0,1.0,4.0,Historical Observations,2020.0,4.0,17.0,14.473,-90.88
211060,Etna,13835,Confirmed Eruption,"Central Crater, NE Crater",1.0,2001.0,12.0,16.0,Historical Observations,2002.0,10.0,30.0,37.748,14.999
300250,Bezymianny,19379,Confirmed Eruption,,2.0,2001.0,12.0,10.0,Historical Observations,2002.0,1.0,6.0,55.972,160.595
360160,Kick 'em Jenny,12468,Confirmed Eruption,,0.0,2001.0,12.0,4.0,Hydrophonic,2001.0,12.0,6.0,12.3,-61.64
352020,Guagua Pichincha,11497,Confirmed Eruption,North of 1981 crater,1.0,2001.0,11.0,26.0,Historical Observations,2001.0,11.0,26.0,-0.171,-78.598
385052,Walvis Ridge at 33°S,13144,Confirmed Eruption,Seamount NW of Wüst seamount,0.0,2001.0,11.0,24.0,Historical Observations,2002.0,3.0,16.0,-32.958,-5.22
300130,Karymsky,19187,Confirmed Eruption,Summit and upper south flank,3.0,2001.0,11.0,15.0,Historical Observations,2016.0,4.0,1.0,54.049,159.443
284080,Sumisujima,18353,Uncertain Eruption,,0.0,2001.0,10.0,31.0,,2002.0,2.0,28.0,31.44,140.051
342110,Pacaya,19880,Confirmed Eruption,MacKenney Crater,1.0,2001.0,10.0,31.0,Historical Observations,2001.0,10.0,31.0,14.382,-90.601
284121,Kita-Fukutokutai,18401,Uncertain Eruption,"24.443 N, 141.378 E",0.0,2001.0,10.0,30.0,,2001.0,10.0,30.0,24.417,141.417
284130,Fukutoku-Oka-no-Ba,18465,Uncertain Eruption,,0.0,2001.0,10.0,30.0,,2002.0,6.0,19.0,24.285,141.481
284110,Kita-Ioto,18392,Uncertain Eruption,Funka-Asane,0.0,2001.0,10.0,29.0,,2001.0,10.0,29.0,25.424,141.284
300100,Avachinsky,19104,Confirmed Eruption,,1.0,2001.0,10.0,5.0,Historical Observations,2001.0,10.0,5.0,53.256,158.836
390081,Montagu Island,13205,Confirmed Eruption,NW of Mount Belinda,1.0,2001.0,10.0,1.0,Historical Observations,2007.0,9.0,20.0,-58.445,-26.374
243091,Unnamed,14772,Confirmed Eruption,,2.0,2001.0,9.0,27.0,Historical Observations,2001.0,9.0,28.0,-18.325,-174.365
261160,Talang,15494,Confirmed Eruption,"Kepundan Panjang & Kabuo, Gabuo Atas",1.0,2001.0,9.0,25.0,Historical Observations,2001.0,11.0,15.0,-0.979,100.681
284120,Ioto,18421,Confirmed Eruption,Off SE coast and Idogahama (NW coast),1.0,2001.0,9.0,21.0,Historical Observations,2001.0,10.0,23.0,24.751,141.289
252120,Ulawun,15065,Confirmed Eruption,,2.0,2001.0,8.0,28.0,Historical Observations,2001.0,8.0,28.0,-5.05,151.33
300250,Bezymianny,19378,Confirmed Eruption,,3.0,2001.0,7.0,23.0,Historical Observations,2001.0,8.0,10.0,55.972,160.595
262000,Krakatau,15625,Confirmed Eruption,Anak Krakatau,1.0,2001.0,7.0,21.0,Historical Observations,2001.0,9.0,17.0,-6.102,105.423
211060,Etna,13832,Confirmed Eruption,S to NE flanks (3100-2100 m),2.0,2001.0,7.0,17.0,Historical Observations,2001.0,8.0,9.0,37.748,14.999
251020,Manam,14929,Confirmed Eruption,,2.0,2001.0,6.0,14.0,Historical Observations,2001.0,6.0,25.0,-4.08,145.037
233020,"Fournaise, Piton de la",14381,Confirmed Eruption,"ESE flank (2500 m), East flank (1800-2000 m)",1.0,2001.0,6.0,11.0,Historical Observations,2001.0,7.0,7.0,-21.244,55.708
257050,Lopevi,15317,Confirmed Eruption,NW flank (200-400 m),3.0,2001.0,6.0,8.0,Historical Observations,2001.0,6.0,19.0,-16.507,168.346
312030,Pavlof,20152,Uncertain Eruption,,1.0,2001.0,6.0,5.0,,,,,55.417,-161.894
268030,Ibu,16580,Confirmed Eruption,,0.0,2001.0,5.0,28.0,Historical Observations,2001.0,10.0,3.0,1.488,127.63
355100,Lascar,11874,Uncertain Eruption,,,2001.0,5.0,17.0,,2001.0,7.0,5.0,-23.37,-67.73
261170,Kerinci,15528,Confirmed Eruption,,2.0,2001.0,5.0,12.0,Historical Observations,2002.0,8.0,27.0,-1.697,101.264
344020,San Cristobal,10888,Confirmed Eruption,,1.0,2001.0,5.0,11.0,Historical Observations,2001.0,12.0,9.0,12.702,-87.004
234011,McDonald Islands,14397,Confirmed Eruption,,1.0,2001.0,5.0,3.0,Historical Observations,,,,-53.03,72.6
284141,Ahyi,18474,Confirmed Eruption,"20.34°N, 145.02°E",0.0,2001.0,4.0,24.0,Hydrophonic,2001.0,4.0,25.0,20.42,145.03
344100,Masaya,11037,Confirmed Eruption,Santiago,1.0,2001.0,4.0,23.0,Historical Observations,2001.0,4.0,25.0,11.985,-86.165
261140,Marapi,15478,Confirmed Eruption,Verbeek Crater,2.0,2001.0,4.0,13.0,Historical Observations,2001.0,6.0,5.0,-0.38,100.474
233020,"Fournaise, Piton de la",14380,Confirmed Eruption,South flank (below Dolomieu at ~2500 m),1.0,2001.0,3.0,27.0,Historical Observations,2001.0,4.0,4.0,-21.244,55.708
241040,Whakaari/White Island,14495,Confirmed Eruption,MH vent,2.0,2001.0,2.0,19.0,Historical Observations,2001.0,2.0,19.0,-37.52,177.18
223020,Nyamuragira,14081,Confirmed Eruption,North and SSE  flanks,2.0,2001.0,2.0,6.0,Historical Observations,2001.0,4.0,5.0,-1.408,29.2
311240,Cleveland,19816,Confirmed Eruption,,3.0,2001.0,2.0,2.0,Historical Observations,2001.0,4.0,15.0,52.825,-169.944
344040,Telica,10935,Confirmed Eruption,,1.0,2001.0,1.0,17.0,Historical Observations,2001.0,12.0,19.0,12.606,-86.84
284096,Nishinoshima,18366,Uncertain Eruption,,0.0,2001.0,1.0,16.0,,,,,27.247,140.874
252120,Ulawun,15064,Confirmed Eruption,Summit and NNE flank,3.0,2001.0,1.0,16.0,Historical Observations,2001.0,5.0,3.0,-5.05,151.33
264090,Inielika,16258,Confirmed Eruption,Summit crater complex,2.0,2001.0,1.0,11.0,Historical Observations,2001.0,3.0,16.0,-8.73,120.98
284040,Miyakejima,18274,Confirmed Eruption,,2.0,2001.0,1.0,11.0,Historical Observations,2002.0,11.0,24.0,34.094,139.526
273030,Mayon,16810,Confirmed Eruption,,3.0,2001.0,1.0,8.0,Historical Observations,2001.0,8.0,8.0,13.257,123.685
261030,Peuet Sague,15395,Confirmed Eruption,,2.0,2000.0,12.0,25.0,Historical Observations,2000.0,12.0,26.0,4.903,96.289
282030,Suwanosejima,16946,Confirmed Eruption,O-take (Upper NE flank),3.0,2000.0,12.0,19.0,Historical Observations,2004.0,7.0,5.0,29.638,129.714
263310,Tengger Caldera,16062,Confirmed Eruption,Bromo,2.0,2000.0,11.0,29.0,Historical Observations,2001.0,1.0,15.0,-7.942,112.95
284080,Sumisujima,18352,Uncertain Eruption,,0.0,2000.0,10.0,30.0,,2000.0,10.0,30.0,31.44,140.051
284110,Kita-Ioto,18391,Uncertain Eruption,Funka-Asane,0.0,2000.0,10.0,30.0,,2000.0,10.0,30.0,25.424,141.284
282060,Kikai,17000,Confirmed Eruption,Iwo-dake,1.0,2000.0,10.0,16.0,Historical Observations,2001.0,12.0,16.0,30.793,130.305
252120,Ulawun,15063,Confirmed Eruption,,4.0,2000.0,9.0,28.0,Historical Observations,2000.0,11.0,1.0,-5.05,151.33
285020,Hokkaido-Komagatake,18582,Confirmed Eruption,,1.0,2000.0,9.0,4.0,Historical Observations,2000.0,11.0,8.0,42.063,140.677
263350,Ijen,16176,Uncertain Eruption,Kawah Ijen,1.0,2000.0,9.0,1.0,,2000.0,9.0,10.0,-8.058,114.242
261220,Kaba,15548,Confirmed Eruption,,1.0,2000.0,8.0,22.0,Historical Observations,2000.0,8.0,27.0,-3.522,102.615
342110,Pacaya,10763,Confirmed Eruption,MacKenney Crater,1.0,2000.0,8.0,16.0,Historical Observations,2001.0,7.0,5.0,14.382,-90.601
373030,Bardarbunga,12892,Uncertain Eruption,Loki-Fögrufjöll (W and E Loki cauldrons),0.0,2000.0,8.0,16.0,,,,,64.633,-17.516
311360,Shishaldin,20099,Uncertain Eruption,Summit,1.0,2000.0,8.0,11.0,,,,,54.756,-163.97
300260,Klyuchevskoy,19478,Confirmed Eruption,,2.0,2000.0,7.0,28.0,Historical Observations,2000.0,9.0,22.0,56.056,160.642
284130,Fukutoku-Oka-no-Ba,18464,Uncertain Eruption,,0.0,2000.0,7.0,26.0,,2001.0,6.0,13.0,24.285,141.481
355100,Lascar,11873,Confirmed Eruption,,2.0,2000.0,7.0,20.0,Historical Observations,2001.0,1.0,18.0,-23.37,-67.73
300250,Bezymianny,19377,Confirmed Eruption,,2.0,2000.0,7.0,18.0,Historical Observations,2000.0,11.0,4.0,55.972,160.595
263180,Slamet,15764,Uncertain Eruption,,1.0,2000.0,7.0,16.0,,2000.0,10.0,16.0,-7.242,109.208
273030,Mayon,16809,Confirmed Eruption,,2.0,2000.0,7.0,16.0,Historical Observations,2000.0,8.0,31.0,13.257,123.685
263340,Raung,16161,Confirmed Eruption,,2.0,2000.0,7.0,9.0,Historical Observations,2000.0,7.0,9.0,-8.119,114.056
357090,Copahue,12011,Confirmed Eruption,Agrio Crater,2.0,2000.0,7.0,1.0,Historical Observations,2000.0,10.0,18.0,-37.856,-71.183
300060,Mutnovsky,18973,Confirmed Eruption,,1.0,2000.0,6.0,30.0,Hydrophonic,2000.0,6.0,30.0,52.449,158.196
284040,Miyakejima,18273,Confirmed Eruption,Summit and submarine western flank,3.0,2000.0,6.0,27.0,Historical Observations,2000.0,9.0,28.0,34.094,139.526
233020,"Fournaise, Piton de la",14379,Confirmed Eruption,"SE flank (2100-1800 m), E flank (2260-2000 m)",1.0,2000.0,6.0,23.0,Historical Observations,2000.0,11.0,13.0,-21.244,55.708
251020,Manam,14928,Confirmed Eruption,South Crater,2.0,2000.0,6.0,3.0,Historical Observations,2000.0,6.0,4.0,-4.08,145.037
262000,Krakatau,15624,Confirmed Eruption,Anak Krakatau,1.0,2000.0,5.0,29.0,Historical Observations,2000.0,10.0,30.0,-6.102,105.423
224010,Cameroon,14135,Confirmed Eruption,"Upper SW flank (4000, 3470-3220, 2750 m)",2.0,2000.0,5.0,28.0,Historical Observations,2000.0,9.0,15.0,4.203,9.17
266030,Soputan,16435,Confirmed Eruption,,2.0,2000.0,5.0,13.0,Historical Observations,2003.0,9.0,4.0,1.112,124.737
390090,Saunders,13204,Confirmed Eruption,,0.0,2000.0,5.0,13.0,Historical Observations,2013.0,11.0,16.0,-57.8,-26.483
266100,Lokon-Empung,16460,Confirmed Eruption,Tompaluan,2.0,2000.0,5.0,10.0,Historical Observations,2001.0,8.0,18.0,1.358,124.792
354006,Sabancaya,11751,Confirmed Eruption,,2.0,2000.0,4.0,16.0,Historical Observations,2000.0,10.0,29.0,-15.787,-71.857
285030,Toya,18602,Confirmed Eruption,Usu N flank (Kompira-yama & W Nishi-yama),2.0,2000.0,3.0,31.0,Historical Observations,2001.0,9.0,15.0,42.544,140.839
351080,Galeras,11375,Confirmed Eruption,,1.0,2000.0,3.0,21.0,Historical Observations,2000.0,5.0,18.0,1.22,-77.37
300060,Mutnovsky,18972,Confirmed Eruption,North crater,2.0,2000.0,3.0,17.0,Historical Observations,2000.0,3.0,17.0,52.449,158.196
300250,Bezymianny,19376,Confirmed Eruption,,2.0,2000.0,3.0,14.0,Historical Observations,2000.0,3.0,26.0,55.972,160.595
261140,Marapi,15477,Confirmed Eruption,,2.0,2000.0,3.0,11.0,Historical Observations,2000.0,4.0,3.0,-0.38,100.474
234010,Heard,14409,Confirmed Eruption,Mawson Peak and upper south flank,2.0,2000.0,3.0,7.0,Historical Observations,2001.0,2.0,16.0,-53.106,73.513
241040,Whakaari/White Island,14494,Confirmed Eruption,MH vent,3.0,2000.0,3.0,7.0,Historical Observations,2000.0,9.0,5.0,-37.52,177.18
256010,Tinakula,15206,Confirmed Eruption,,1.0,2000.0,2.0,29.0,Historical Observations,2001.0,5.0,8.0,-10.386,165.804
255020,Bagana,15139,Confirmed Eruption,,2.0,2000.0,2.0,28.0,Historical Observations,2020.0,4.0,17.0,-6.137,155.196
372070,Hekla,12754,Confirmed Eruption,SW flank,3.0,2000.0,2.0,26.0,Historical Observations,2000.0,3.0,8.0,63.983,-19.666
282030,Suwanosejima,16945,Confirmed Eruption,O-take,2.0,2000.0,2.0,24.0,Historical Observations,2000.0,2.0,24.0,29.638,129.714
233020,"Fournaise, Piton de la",14378,Confirmed Eruption,North flank of Dolomieu (2490-2250 m),1.0,2000.0,2.0,14.0,Historical Observations,2000.0,3.0,4.0,-21.244,55.708
300260,Klyuchevskoy,19477,Confirmed Eruption,,2.0,2000.0,2.0,3.0,Historical Observations,2000.0,2.0,8.0,56.056,160.642
223020,Nyamuragira,14080,Confirmed Eruption,SE flank (Ngerageze),2.0,2000.0,1.0,27.0,Historical Observations,2000.0,2.0,10.0,-1.408,29.2
284110,Kita-Ioto,18390,Uncertain Eruption,Funka-Asane,0.0,2000.0,1.0,25.0,,2000.0,1.0,26.0,25.424,141.284
260010,Barren Island,15385,Uncertain Eruption,,1.0,2000.0,1.0,16.0,,,,,12.278,93.858
282060,Kikai,16999,Confirmed Eruption,Iwo-dake,2.0,2000.0,1.0,16.0,Historical Observations,2000.0,3.0,16.0,30.793,130.305
344120,Concepcion,11072,Confirmed Eruption,,1.0,1999.0,12.0,27.0,Historical Observations,1999.0,12.0,29.0,11.538,-85.622
344100,Masaya,11036,Confirmed Eruption,Santiago,1.0,1999.0,11.0,22.0,Historical Observations,2000.0,3.0,2.0,11.985,-86.165
255060,Kavachi,15178,Confirmed Eruption,,1.0,1999.0,11.0,16.0,Historical Observations,2003.0,8.0,16.0,-8.991,157.979
252120,Ulawun,15062,Confirmed Eruption,,1.0,1999.0,10.0,20.0,Historical Observations,1999.0,10.0,20.0,-5.05,151.33
290100,Moyorodake [Medvezhia],18765,Confirmed Eruption,Kudriavy,1.0,1999.0,10.0,7.0,Historical Observations,1999.0,10.0,13.0,45.389,148.838
352080,Tungurahua,11643,Confirmed Eruption,,3.0,1999.0,10.0,5.0,Historical Observations,2009.0,7.0,8.0,-1.467,-78.442
311360,Shishaldin,20098,Uncertain Eruption,,1.0,1999.0,9.0,25.0,,2000.0,2.0,4.0,54.756,-163.97
284120,Ioto,18420,Confirmed Eruption,Asodai area,1.0,1999.0,9.0,10.0,Historical Observations,1999.0,9.0,10.0,24.751,141.289
284130,Fukutoku-Oka-no-Ba,18463,Uncertain Eruption,,0.0,1999.0,9.0,8.0,,2000.0,2.0,18.0,24.285,141.481
284110,Kita-Ioto,18389,Uncertain Eruption,Funka-Asane,0.0,1999.0,9.0,7.0,,1999.0,9.0,16.0,25.424,141.284
300270,Sheveluch,19594,Confirmed Eruption,,4.0,1999.0,8.0,15.0,Historical Observations,2020.0,4.0,17.0,56.653,161.36
344070,"Negro, Cerro",10970,Confirmed Eruption,South flank (near Cristo Rey crater),2.0,1999.0,8.0,5.0,Historical Observations,1999.0,8.0,7.0,12.506,-86.702
263340,Raung,16156,Confirmed Eruption,,2.0,1999.0,7.0,30.0,Historical Observations,,,,-8.119,114.056
233020,"Fournaise, Piton de la",14377,Confirmed Eruption,"Dolomieu, E (2500-2100) &S flanks (1900 m)",1.0,1999.0,7.0,19.0,Historical Observations,1999.0,10.0,23.0,-21.244,55.708
372030,Katla,12679,Uncertain Eruption,"W, S, and E margins of caldera",0.0,1999.0,7.0,17.0,,1999.0,8.0,15.0,63.633,-19.083
263350,Ijen,16175,Confirmed Eruption,Kawah Ijen,1.0,1999.0,6.0,28.0,Historical Observations,1999.0,6.0,28.0,-8.058,114.242
273030,Mayon,16808,Confirmed Eruption,,3.0,1999.0,6.0,22.0,Historical Observations,2000.0,3.0,19.0,13.257,123.685
282030,Suwanosejima,16944,Confirmed Eruption,O-take,1.0,1999.0,6.0,15.0,Historical Observations,1999.0,6.0,30.0,29.638,129.714
242050,Monowai,14717,Confirmed Eruption,,0.0,1999.0,6.0,6.0,Hydrophonic,1999.0,6.0,11.0,-25.887,-177.188
264250,Iliwerung,16350,Confirmed Eruption,Hobal (submarine vent on SE flank),0.0,1999.0,5.0,22.0,Historical Observations,1999.0,9.0,16.0,-8.53,123.57
342090,Fuego,10732,Confirmed Eruption,,2.0,1999.0,5.0,21.0,Historical Observations,2000.0,12.0,9.0,14.473,-90.88
344040,Telica,10934,Confirmed Eruption,,2.0,1999.0,5.0,21.0,Historical Observations,2000.0,9.0,6.0,12.606,-86.84
256010,Tinakula,15205,Confirmed Eruption,,1.0,1999.0,5.0,16.0,Historical Observations,,,,-10.386,165.804
315020,Wrangell,20419,Uncertain Eruption,,1.0,1999.0,5.0,14.0,Historical Observations,1999.0,5.0,14.0,62.006,-144.017
263180,Slamet,15763,Confirmed Eruption,,1.0,1999.0,5.0,1.0,Historical Observations,1999.0,9.0,16.0,-7.242,109.208
344020,San Cristobal,10887,Confirmed Eruption,,2.0,1999.0,5.0,1.0,Historical Observations,2000.0,6.0,16.0,12.702,-87.004
261140,Marapi,15476,Confirmed Eruption,,2.0,1999.0,4.0,16.0,Historical Observations,1999.0,9.0,16.0,-0.38,100.474
377020,East Gakkel Ridge at 85°E,12976,Confirmed Eruption,East Gakkel Ridge,2.0,1999.0,4.0,5.0,Seismicity,1999.0,4.0,15.0,85.608,85.25
300270,Sheveluch,19588,Confirmed Eruption,,2.0,1999.0,4.0,3.0,Historical Observations,1999.0,4.0,12.0,56.653,161.36
264180,Lewotobi,16299,Confirmed Eruption,Lewotobi Lakilaki,2.0,1999.0,3.0,31.0,Historical Observations,1999.0,7.0,1.0,-8.542,122.775
224010,Cameroon,14134,Confirmed Eruption,South flank (2650 and 1500 m),2.0,1999.0,3.0,28.0,Historical Observations,1999.0,4.0,17.0,4.203,9.17
261170,Kerinci,15527,Confirmed Eruption,,2.0,1999.0,3.0,16.0,Historical Observations,1999.0,9.0,16.0,-1.697,101.264
267020,Karangetang,16539,Confirmed Eruption,,3.0,1999.0,3.0,16.0,Historical Observations,2003.0,10.0,28.0,2.781,125.407
264010,Batur,16206,Confirmed Eruption,,1.0,1999.0,3.0,15.0,Historical Observations,2000.0,6.0,16.0,-8.242,115.375
311360,Shishaldin,20097,Confirmed Eruption,,3.0,1999.0,3.0,13.0,Historical Observations,1999.0,5.0,27.0,54.756,-163.97
261030,Peuet Sague,15394,Confirmed Eruption,,1.0,1999.0,3.0,9.0,Historical Observations,1999.0,4.0,30.0,4.903,96.289
300250,Bezymianny,19375,Confirmed Eruption,,2.0,1999.0,2.0,25.0,Historical Observations,1999.0,2.0,25.0,55.972,160.595
255060,Kavachi,15176,Confirmed Eruption,,1.0,1999.0,2.0,16.0,Historical Observations,1999.0,5.0,16.0,-8.991,157.979
262000,Krakatau,15623,Confirmed Eruption,Anak Krakatau,2.0,1999.0,2.0,5.0,Historical Observations,1999.0,8.0,16.0,-6.102,105.423
300260,Klyuchevskoy,19476,Confirmed Eruption,,2.0,1999.0,2.0,5.0,Historical Observations,1999.0,7.0,12.0,56.056,160.642
257060,Epi,15330,Confirmed Eruption,,1.0,1999.0,2.0,1.0,Historical Observations,,,,-16.68,168.37
390090,Saunders,22333,Confirmed Eruption,,0.0,1999.0,1.0,19.0,Historical Observations,1999.0,1.0,19.0,-57.8,-26.483
243030,Unnamed,14729,Confirmed Eruption,,1.0,1999.0,1.0,8.0,Historical Observations,1999.0,1.0,14.0,-20.852,-175.55
282030,Suwanosejima,16943,Confirmed Eruption,O-take,1.0,1999.0,1.0,5.0,Historical Observations,1999.0,2.0,24.0,29.638,129.714
268030,Ibu,16579,Confirmed Eruption,,2.0,1998.0,12.0,18.0,Historical Observations,1999.0,9.0,16.0,1.488,127.63
373010,Grimsvotn,12841,Confirmed Eruption,South caldera wall,3.0,1998.0,12.0,18.0,Historical Observations,1998.0,12.0,28.0,64.416,-17.316
382050,Terceira,19963,Confirmed Eruption,Serreta Ridge (submarine vent W of Terceira),0.0,1998.0,11.0,25.0,Historical Observations,2000.0,3.0,16.0,38.73,-27.32
357040,Planchon-Peteroa,11946,Confirmed Eruption,,1.0,1998.0,11.0,18.0,Historical Observations,1998.0,11.0,21.0,-35.223,-70.568
357110,Llaima,12073,Confirmed Eruption,,2.0,1998.0,11.0,10.0,Historical Observations,,,,-38.692,-71.729
285070,Akan,18703,Confirmed Eruption,Me-Akan (Ponmachineshiri),1.0,1998.0,11.0,9.0,Historical Observations,1998.0,11.0,9.0,43.384,144.013
311360,Shishaldin,20096,Confirmed Eruption,,1.0,1998.0,11.0,4.0,Historical Observations,1998.0,11.0,4.0,54.756,-163.97
261170,Kerinci,15526,Confirmed Eruption,,2.0,1998.0,11.0,3.0,Historical Observations,,,,-1.697,101.264
284110,Kita-Ioto,18388,Uncertain Eruption,Funka-Asane,0.0,1998.0,10.0,27.0,,1998.0,10.0,27.0,25.424,141.284
284080,Sumisujima,18351,Uncertain Eruption,,0.0,1998.0,10.0,27.0,,1999.0,1.0,13.0,31.44,140.051
285020,Hokkaido-Komagatake,18581,Confirmed Eruption,1996 crater,2.0,1998.0,10.0,25.0,Historical Observations,1998.0,10.0,25.0,42.063,140.677
223020,Nyamuragira,14079,Confirmed Eruption,,2.0,1998.0,10.0,17.0,Historical Observations,1998.0,10.0,25.0,-1.408,29.2
284130,Fukutoku-Oka-no-Ba,18462,Uncertain Eruption,,0.0,1998.0,10.0,16.0,,1999.0,1.0,12.0,24.285,141.481
353060,"Azul, Cerro",11729,Confirmed Eruption,"N & W caldera floor, SE flank (630-680 m)",1.0,1998.0,9.0,15.0,Historical Observations,1998.0,10.0,21.0,-0.92,-91.408
344100,Masaya,11035,Confirmed Eruption,Santiago,1.0,1998.0,9.0,14.0,Historical Observations,1998.0,9.0,14.0,11.985,-86.165
241040,Whakaari/White Island,14493,Confirmed Eruption,NW corner of 1978/90 crater complex,2.0,1998.0,8.0,22.0,Historical Observations,1999.0,8.0,16.0,-37.52,177.18
312110,Chiginagak,20199,Confirmed Eruption,,1.0,1998.0,8.0,13.0,Historical Observations,1998.0,8.0,13.0,57.135,-156.99
352020,Guagua Pichincha,11496,Confirmed Eruption,West and SE of 1981 crater,3.0,1998.0,8.0,7.0,Historical Observations,2001.0,5.0,25.0,-0.171,-78.598
300260,Klyuchevskoy,19475,Confirmed Eruption,,2.0,1998.0,7.0,23.0,Historical Observations,1998.0,9.0,2.0,56.056,160.642
257050,Lopevi,15316,Confirmed Eruption,1963 crater (NW flank 1000 m),3.0,1998.0,7.0,16.0,Historical Observations,2000.0,4.0,25.0,-16.507,168.346
267020,Karangetang,16538,Confirmed Eruption,,1.0,1998.0,7.0,5.0,Historical Observations,,,,2.781,125.407
261170,Kerinci,15525,Confirmed Eruption,,2.0,1998.0,7.0,4.0,Historical Observations,1998.0,7.0,4.0,-1.697,101.264
264010,Batur,16205,Confirmed Eruption,,1.0,1998.0,7.0,4.0,Historical Observations,,,,-8.242,115.375
255060,Kavachi,15175,Uncertain Eruption,,0.0,1998.0,7.0,2.0,,,,,-8.991,157.979
300250,Bezymianny,19374,Confirmed Eruption,,0.0,1998.0,6.0,20.0,Historical Observations,1998.0,6.0,22.0,55.972,160.595
300270,Sheveluch,19587,Confirmed Eruption,,3.0,1998.0,5.0,30.0,Historical Observations,1998.0,9.0,3.0,56.653,161.36
284110,Kita-Ioto,18387,Uncertain Eruption,Funka-Asane,0.0,1998.0,5.0,21.0,,1998.0,5.0,21.0,25.424,141.284
311161,Korovin,19764,Confirmed Eruption,,3.0,1998.0,5.0,8.0,Historical Observations,1998.0,7.0,8.0,52.381,-174.166
282060,Kikai,16998,Confirmed Eruption,Iwo-dake,2.0,1998.0,4.0,25.0,Historical Observations,1999.0,8.0,16.0,30.793,130.305
261030,Peuet Sague,15393,Confirmed Eruption,,1.0,1998.0,4.0,19.0,Historical Observations,1998.0,4.0,26.0,4.903,96.289
357110,Llaima,12072,Confirmed Eruption,,2.0,1998.0,4.0,3.0,Historical Observations,1998.0,4.0,23.0,-38.692,-71.729
283090,Niigata-Yakeyama,17551,Confirmed Eruption,Upper east flank,1.0,1998.0,3.0,30.0,Historical Observations,,,,36.921,138.036
241040,Whakaari/White Island,14492,Confirmed Eruption,,1.0,1998.0,3.0,28.0,Historical Observations,1998.0,3.0,29.0,-37.52,177.18
233020,"Fournaise, Piton de la",14376,Confirmed Eruption,"N and WSW of Dolomieu, outer N flank",1.0,1998.0,3.0,9.0,Historical Observations,1998.0,9.0,20.0,-21.244,55.708
357120,Villarrica,12179,Confirmed Eruption,,1.0,1998.0,2.0,24.0,Historical Observations,2002.0,6.0,16.0,-39.42,-71.93
345020,Rincon de la Vieja,11106,Confirmed Eruption,,2.0,1998.0,2.0,15.0,Historical Observations,1998.0,9.0,16.0,10.83,-85.324
331021,Axial Seamount,20713,Confirmed Eruption,South end of Axial caldera,0.0,1998.0,1.0,25.0,Historical Observations,1998.0,2.0,5.0,45.95,-130.0
343100,San Miguel,10865,Confirmed Eruption,,1.0,1997.0,12.0,31.0,Historical Observations,,,,13.434,-88.269
242050,Monowai,14716,Confirmed Eruption,,0.0,1997.0,12.0,15.0,Hydrophonic,1998.0,2.0,4.0,-25.887,-177.188
300250,Bezymianny,19373,Confirmed Eruption,,3.0,1997.0,12.0,5.0,Historical Observations,1997.0,12.0,6.0,55.972,160.595
341040,Colima,10475,Confirmed Eruption,1994 crater,3.0,1997.0,11.0,22.0,Historical Observations,2011.0,6.0,21.0,19.514,-103.62
284080,Sumisujima,18350,Uncertain Eruption,,0.0,1997.0,11.0,21.0,,1997.0,11.0,21.0,31.44,140.051
284130,Fukutoku-Oka-no-Ba,18461,Uncertain Eruption,,0.0,1997.0,11.0,18.0,,1998.0,5.0,21.0,24.285,141.481
283090,Niigata-Yakeyama,17550,Confirmed Eruption,Upper east flank,1.0,1997.0,10.0,29.0,Historical Observations,1997.0,12.0,10.0,36.921,138.036
241100,Ruapehu,14667,Confirmed Eruption,,1.0,1997.0,10.0,9.0,Historical Observations,1997.0,10.0,18.0,-39.28,175.57
300260,Klyuchevskoy,19474,Confirmed Eruption,,1.0,1997.0,9.0,7.0,Historical Observations,1997.0,9.0,26.0,56.056,160.642
290390,Alaid,18892,Uncertain Eruption,,,1997.0,8.0,23.0,,1997.0,8.0,23.0,50.861,155.565
283260,Akita-Yakeyama,18090,Confirmed Eruption,Kare-numa,1.0,1997.0,8.0,16.0,Historical Observations,1997.0,8.0,16.0,39.964,140.757
373030,Bardarbunga,12891,Uncertain Eruption,Loki-Fögrufjöll (East Loki cauldron),0.0,1997.0,8.0,16.0,,,,,64.633,-17.516
360101,"Watt, Morne",12374,Confirmed Eruption,NE of Watt Mtn (Valley of Desolation),1.0,1997.0,7.0,15.0,Historical Observations,1997.0,7.0,15.0,15.307,-61.305
282060,Kikai,16997,Confirmed Eruption,Iwo-dake,1.0,1997.0,7.0,2.0,Historical Observations,,,,30.793,130.305
264050,Sangeang Api,16252,Confirmed Eruption,,2.0,1997.0,7.0,2.0,Historical Observations,1999.0,7.0,2.0,-8.2,119.07
382070,Don Joao de Castro Bank,13000,Uncertain Eruption,NW of Don Joao de Castro Bank,0.0,1997.0,6.0,27.0,,1997.0,7.0,16.0,38.23,-26.63
344100,Masaya,11034,Confirmed Eruption,Santiago,1.0,1997.0,6.0,3.0,Historical Observations,1997.0,11.0,17.0,11.985,-86.165
311360,Shishaldin,20095,Confirmed Eruption,,1.0,1997.0,6.0,2.0,Historical Observations,1997.0,6.0,2.0,54.756,-163.97
344020,San Cristobal,10886,Confirmed Eruption,,1.0,1997.0,5.0,19.0,Historical Observations,1997.0,7.0,7.0,12.702,-87.004
283260,Akita-Yakeyama,18089,Confirmed Eruption,NE flank (Sumikawa-Onsen),1.0,1997.0,5.0,11.0,Historical Observations,1997.0,5.0,11.0,39.964,140.757
300250,Bezymianny,19372,Confirmed Eruption,,3.0,1997.0,5.0,8.0,Historical Observations,1997.0,5.0,16.0,55.972,160.595
311240,Cleveland,19815,Confirmed Eruption,,2.0,1997.0,5.0,5.0,Historical Observations,1997.0,5.0,5.0,52.825,-169.944
242050,Monowai,14715,Confirmed Eruption,,0.0,1997.0,4.0,18.0,Hydrophonic,1997.0,4.0,21.0,-25.887,-177.188
263340,Raung,16155,Confirmed Eruption,,2.0,1997.0,4.0,16.0,Historical Observations,,,,-8.119,114.056
262000,Krakatau,15622,Confirmed Eruption,Anak Krakatau,2.0,1997.0,3.0,16.0,Historical Observations,1997.0,5.0,16.0,-6.102,105.423
352020,Guagua Pichincha,11495,Confirmed Eruption,1981 crater,1.0,1997.0,3.0,16.0,Historical Observations,1997.0,10.0,18.0,-0.171,-78.598
357110,Llaima,12071,Confirmed Eruption,,1.0,1997.0,3.0,16.0,Historical Observations,1997.0,10.0,16.0,-38.692,-71.729
284110,Kita-Ioto,18386,Uncertain Eruption,Funka-Asane,0.0,1997.0,3.0,10.0,,1997.0,3.0,10.0,25.424,141.284
300270,Sheveluch,19586,Confirmed Eruption,,2.0,1997.0,3.0,8.0,Historical Observations,1997.0,4.0,4.0,56.653,161.36
311190,Amukta,19790,Confirmed Eruption,,1.0,1997.0,3.0,3.0,Historical Observations,,,,52.5,-171.252
311290,Okmok,19851,Confirmed Eruption,SW part of caldera (Cone A),3.0,1997.0,2.0,11.0,Historical Observations,1997.0,5.0,19.0,53.43,-168.13
255060,Kavachi,15174,Confirmed Eruption,,1.0,1997.0,1.0,16.0,Historical Observations,1997.0,1.0,17.0,-8.991,157.979
263200,Dieng Volcanic Complex,15790,Confirmed Eruption,Near Padangsari crater,1.0,1996.0,12.0,31.0,Historical Observations,1996.0,12.0,31.0,-7.2,109.879
282030,Suwanosejima,16942,Confirmed Eruption,O-take,1.0,1996.0,12.0,26.0,Historical Observations,1997.0,4.0,17.0,29.638,129.714
234011,McDonald Islands,14396,Confirmed Eruption,Northern part of McDonald Island,1.0,1996.0,12.0,16.0,Historical Observations,1997.0,2.0,10.0,-53.03,72.6
344100,Masaya,11033,Confirmed Eruption,Santiago,1.0,1996.0,12.0,5.0,Historical Observations,1996.0,12.0,5.0,11.985,-86.165
290390,Alaid,18891,Confirmed Eruption,,2.0,1996.0,12.0,3.0,Historical Observations,,,,50.861,155.565
223020,Nyamuragira,14078,Confirmed Eruption,,3.0,1996.0,12.0,1.0,Historical Observations,1996.0,12.0,5.0,-1.408,29.2
285070,Akan,18702,Confirmed Eruption,Me-Akan (Ponmachineshiri crater no. 4),1.0,1996.0,11.0,21.0,Historical Observations,1996.0,11.0,21.0,43.384,144.013
300260,Klyuchevskoy,19473,Confirmed Eruption,,2.0,1996.0,11.0,14.0,Historical Observations,1997.0,3.0,20.0,56.056,160.642
355100,Lascar,11872,Confirmed Eruption,,2.0,1996.0,10.0,18.0,Historical Observations,1996.0,10.0,18.0,-23.37,-67.73
267020,Karangetang,16537,Confirmed Eruption,,1.0,1996.0,10.0,1.0,Historical Observations,1997.0,6.0,16.0,2.781,125.407
373010,Grimsvotn,12840,Confirmed Eruption,Gjálp (fissure N of caldera rim),3.0,1996.0,9.0,30.0,Historical Observations,1996.0,11.0,6.0,64.416,-17.316
311070,Gareloi,19689,Uncertain Eruption,,1.0,1996.0,9.0,27.0,,,,,51.79,-178.794
242050,Monowai,14714,Confirmed Eruption,,0.0,1996.0,9.0,20.0,Hydrophonic,1996.0,9.0,22.0,-25.887,-177.188
311190,Amukta,19789,Confirmed Eruption,,1.0,1996.0,9.0,17.0,Historical Observations,1996.0,9.0,18.0,52.5,-171.252
357120,Villarrica,12178,Confirmed Eruption,,1.0,1996.0,9.0,14.0,Historical Observations,1997.0,8.0,16.0,-39.42,-71.93
312030,Pavlof,20151,Confirmed Eruption,,2.0,1996.0,9.0,11.0,Historical Observations,1997.0,1.0,3.0,55.417,-161.894
283170,Adatarayama,17913,Confirmed Eruption,Numanotaira,1.0,1996.0,9.0,1.0,Historical Observations,1996.0,9.0,1.0,37.647,140.281
390081,Montagu Island,13202,Uncertain Eruption,,1.0,1996.0,9.0,1.0,,,,,-58.445,-26.374
373030,Bardarbunga,12890,Uncertain Eruption,Loki-Fögrufjöll (West Loki cauldron),0.0,1996.0,8.0,16.0,,,,,64.633,-17.516
261170,Kerinci,15522,Confirmed Eruption,,1.0,1996.0,8.0,16.0,Historical Observations,1996.0,10.0,16.0,-1.697,101.264
272020,Kanlaon,16746,Confirmed Eruption,,2.0,1996.0,8.0,10.0,Historical Observations,1996.0,8.0,10.0,10.412,123.132
300250,Bezymianny,19371,Confirmed Eruption,,0.0,1996.0,7.0,23.0,Historical Observations,1996.0,9.0,1.0,55.972,160.595
262000,Krakatau,15619,Confirmed Eruption,Anak Krakatau,2.0,1996.0,7.0,16.0,Historical Observations,1996.0,10.0,16.0,-6.102,105.423
268060,Gamalama,16674,Confirmed Eruption,,2.0,1996.0,7.0,2.0,Historical Observations,,,,0.8,127.33
334070,Galapagos Rift,10348,Confirmed Eruption,,0.0,1996.0,7.0,2.0,Historical Observations,,,,0.792,-86.15
284170,Pagan,18521,Confirmed Eruption,North Pagan,1.0,1996.0,7.0,2.0,Historical Observations,,,,18.13,145.8
311160,Atka,19763,Discredited Eruption,,,1996.0,6.0,29.0,,,,,52.331,-174.139
267010,Ruang,16492,Uncertain Eruption,,,1996.0,6.0,27.0,,,,,2.3,125.37
241100,Ruapehu,14666,Confirmed Eruption,,3.0,1996.0,6.0,16.0,Historical Observations,1996.0,9.0,1.0,-39.28,175.57
257040,Ambrym,15295,Confirmed Eruption,"Benbow, Marum, Niri Mbelesu, Mbwelesu",1.0,1996.0,6.0,16.0,Historical Observations,2005.0,8.0,16.0,-16.25,168.12
311110,Kanaga,19723,Uncertain Eruption,,1.0,1996.0,6.0,11.0,,,,,51.923,-177.168
261120,Sorikmarapi,15415,Uncertain Eruption,,,1996.0,5.0,5.0,,,,,0.686,99.539
345040,Poas,11188,Confirmed Eruption,,1.0,1996.0,4.0,8.0,Historical Observations,1996.0,4.0,8.0,10.2,-84.233
241100,Ruapehu,14665,Uncertain Eruption,,0.0,1996.0,3.0,21.0,,,,,-39.28,175.57
341090,Popocatepetl,10551,Confirmed Eruption,,3.0,1996.0,3.0,5.0,Historical Observations,2003.0,11.0,22.0,19.023,-98.622
285020,Hokkaido-Komagatake,18580,Confirmed Eruption,1929 crater and summit crater fissure,1.0,1996.0,3.0,5.0,Historical Observations,1996.0,3.0,12.0,42.063,140.677
331031,North Gorda Ridge Segment,20722,Confirmed Eruption,Near center of North Gorda Ridge segment,0.0,1996.0,2.0,28.0,Historical Observations,1996.0,3.0,15.0,42.67,-126.78
332000,Loihi,20732,Confirmed Eruption,,0.0,1996.0,2.0,25.0,Historical Observations,1996.0,8.0,9.0,18.92,-155.27
258001,Eastern Gemini Seamount,15356,Confirmed Eruption,,1.0,1996.0,2.0,18.0,Historical Observations,1996.0,2.0,22.0,-20.98,170.28
282100,Unzendake,17182,Confirmed Eruption,Fugen-dake,2.0,1996.0,2.0,10.0,Historical Observations,1996.0,5.0,1.0,32.761,130.299
284080,Sumisujima,18349,Uncertain Eruption,,0.0,1996.0,1.0,22.0,,1996.0,1.0,22.0,31.44,140.051
357120,Villarrica,12174,Confirmed Eruption,,1.0,1996.0,1.0,16.0,Historical Observations,,,,-39.42,-71.93
284131,Minami-Hiyoshi,18429,Uncertain Eruption,,0.0,1996.0,1.0,11.0,,1996.0,1.0,12.0,23.5,141.935
300125,Akademia Nauk,19125,Confirmed Eruption,North margin of Karymsky Lake,3.0,1996.0,1.0,2.0,Historical Observations,1996.0,1.0,3.0,53.98,159.45
300130,Karymsky,19186,Confirmed Eruption,New summit crater SW of 1970-82 crater,3.0,1996.0,1.0,2.0,Historical Observations,2000.0,12.0,20.0,54.049,159.443
311360,Shishaldin,20094,Confirmed Eruption,,3.0,1995.0,12.0,23.0,Historical Observations,1996.0,5.0,16.0,54.756,-163.97
234000,Boomerang Seamount,14393,Confirmed Eruption,,0.0,1995.0,12.0,1.0,Uranium-series,,,,-37.721,77.825
252140,Rabaul,15097,Confirmed Eruption,Tavurvur,2.0,1995.0,11.0,28.0,Historical Observations,2001.0,9.0,5.0,-4.271,152.203
242050,Monowai,14713,Confirmed Eruption,,0.0,1995.0,11.0,27.0,Hydrophonic,1995.0,11.0,30.0,-25.887,-177.188
284130,Fukutoku-Oka-no-Ba,18460,Uncertain Eruption,,0.0,1995.0,11.0,21.0,,1997.0,7.0,28.0,24.285,141.481
312070,Veniaminof,20172,Confirmed Eruption,Western intracaldera cone,1.0,1995.0,11.0,15.0,Historical Observations,1995.0,11.0,30.0,56.17,-159.38
267020,Karangetang,16536,Confirmed Eruption,,1.0,1995.0,11.0,9.0,Historical Observations,1995.0,12.0,17.0,2.781,125.407
345020,Rincon de la Vieja,11105,Confirmed Eruption,,2.0,1995.0,11.0,6.0,Historical Observations,1995.0,11.0,13.0,10.83,-85.324
357110,Llaima,12070,Confirmed Eruption,,2.0,1995.0,10.0,13.0,Historical Observations,1995.0,10.0,22.0,-38.692,-71.729
284202,Ruby,18534,Confirmed Eruption,,0.0,1995.0,10.0,11.0,Historical Observations,1995.0,10.0,25.0,15.62,145.57
282120,Kujusan,17365,Confirmed Eruption,Hosho lava dome (east flank),1.0,1995.0,10.0,11.0,Historical Observations,1996.0,3.0,24.0,33.086,131.249
300250,Bezymianny,19370,Confirmed Eruption,,3.0,1995.0,9.0,16.0,Historical Observations,1995.0,10.0,8.0,55.972,160.595
357090,Copahue,12010,Confirmed Eruption,Agrio Crater,2.0,1995.0,9.0,16.0,Historical Observations,,,,-37.856,-71.183
264030,Rinjani,16225,Uncertain Eruption,,,1995.0,9.0,12.0,,,,,-8.42,116.47
263310,Tengger Caldera,16061,Confirmed Eruption,Bromo,1.0,1995.0,9.0,9.0,Historical Observations,1995.0,12.0,16.0,-7.942,112.95
355040,Irruputuncu,11828,Confirmed Eruption,,2.0,1995.0,9.0,1.0,Historical Observations,1995.0,9.0,26.0,-20.73,-68.55
263340,Raung,16154,Uncertain Eruption,,2.0,1995.0,8.0,15.0,,,,,-8.119,114.056
360050,Soufriere Hills,12346,Confirmed Eruption,,3.0,1995.0,7.0,18.0,Historical Observations,2003.0,10.0,8.0,16.72,-62.18
373030,Bardarbunga,12889,Uncertain Eruption,Loki-Fögrufjöll (East Loki cauldron),0.0,1995.0,7.0,16.0,,,,,64.633,-17.516
284080,Sumisujima,18348,Uncertain Eruption,,0.0,1995.0,7.0,5.0,,1995.0,7.0,7.0,31.44,140.051
256010,Tinakula,15204,Confirmed Eruption,,1.0,1995.0,7.0,2.0,Historical Observations,,,,-10.386,165.804
241040,Whakaari/White Island,14491,Confirmed Eruption,Wade Crater,1.0,1995.0,6.0,28.0,Historical Observations,1995.0,6.0,29.0,-37.52,177.18
311110,Kanaga,19722,Confirmed Eruption,,2.0,1995.0,6.0,19.0,Historical Observations,1995.0,6.0,23.0,51.923,-177.168
243070,Lateiki,14767,Confirmed Eruption,,2.0,1995.0,6.0,6.0,Historical Observations,1995.0,6.0,23.0,-19.18,-174.87
344070,"Negro, Cerro",10966,Confirmed Eruption,,2.0,1995.0,5.0,29.0,Historical Observations,1995.0,12.0,6.0,12.506,-86.702
311160,Atka,19751,Uncertain Eruption,,1.0,1995.0,5.0,1.0,,,,,52.331,-174.139
312070,Veniaminof,20171,Confirmed Eruption,Western intracaldera cone,1.0,1995.0,4.0,17.0,Historical Observations,1995.0,4.0,17.0,56.17,-159.38
390090,Saunders,13214,Confirmed Eruption,,0.0,1995.0,4.0,16.0,Historical Observations,1998.0,2.0,16.0,-57.8,-26.483
357120,Villarrica,12173,Confirmed Eruption,,1.0,1995.0,4.0,15.0,Historical Observations,1995.0,6.0,2.0,-39.42,-71.93
384010,Fogo,13137,Confirmed Eruption,WSW flank of Pico,2.0,1995.0,4.0,2.0,Historical Observations,1995.0,5.0,26.0,14.95,-24.35
263340,Raung,16153,Confirmed Eruption,,1.0,1995.0,3.0,16.0,Historical Observations,1995.0,3.0,16.0,-8.119,114.056
263310,Tengger Caldera,16060,Confirmed Eruption,Bromo,1.0,1995.0,3.0,3.0,Historical Observations,1995.0,5.0,26.0,-7.942,112.95
257030,Ambae,15236,Confirmed Eruption,Lake Voui,2.0,1995.0,3.0,2.0,Historical Observations,1995.0,3.0,3.0,-15.389,167.835
283070,Yakedake,17524,Confirmed Eruption,SE flank (Azusa-gawa),1.0,1995.0,2.0,11.0,Historical Observations,1995.0,2.0,11.0,36.227,137.587
311310,Makushin,19992,Confirmed Eruption,,1.0,1995.0,1.0,30.0,Historical Observations,1995.0,1.0,30.0,53.891,-166.923
353010,Fernandina,11675,Confirmed Eruption,SW flank,2.0,1995.0,1.0,25.0,Historical Observations,1995.0,4.0,8.0,-0.37,-91.55
343100,San Miguel,10864,Confirmed Eruption,,1.0,1995.0,1.0,12.0,Historical Observations,1995.0,4.0,19.0,13.434,-88.269
241100,Ruapehu,14664,Confirmed Eruption,,3.0,1995.0,1.0,11.0,Historical Observations,1995.0,11.0,9.0,-39.28,175.57
244000,Vailulu'u,14802,Confirmed Eruption,,0.0,1995.0,1.0,9.0,Hydrophonic,1995.0,1.0,29.0,-14.215,-169.058
341090,Popocatepetl,10550,Confirmed Eruption,,2.0,1994.0,12.0,21.0,Historical Observations,1995.0,10.0,5.0,19.023,-98.622
260010,Barren Island,15384,Confirmed Eruption,"Central cone summit, SW & S flanks",2.0,1994.0,12.0,20.0,Historical Observations,1995.0,6.0,5.0,12.278,93.858
257040,Ambrym,15290,Confirmed Eruption,Benbow and Marum,1.0,1994.0,12.0,16.0,Historical Observations,,,,-16.25,168.12
357090,Copahue,12009,Confirmed Eruption,Agrio Crater,2.0,1994.0,12.0,16.0,Historical Observations,,,,-37.856,-71.183
345060,Irazu,11232,Confirmed Eruption,Upper NW flank,2.0,1994.0,12.0,8.0,Historical Observations,1994.0,12.0,8.0,9.979,-83.852
273010,Bulusan,16769,Confirmed Eruption,,2.0,1994.0,11.0,27.0,Historical Observations,1995.0,1.0,28.0,12.769,124.056
355100,Lascar,11871,Confirmed Eruption,,2.0,1994.0,11.0,13.0,Historical Observations,1995.0,7.0,20.0,-23.37,-67.73
311240,Cleveland,19814,Confirmed Eruption,,1.0,1994.0,10.0,20.0,Historical Observations,1994.0,10.0,20.0,52.825,-169.944
261230,Dempo,15573,Confirmed Eruption,,1.0,1994.0,10.0,16.0,Historical Observations,1994.0,10.0,16.0,-4.016,103.121
357120,Villarrica,12172,Confirmed Eruption,,1.0,1994.0,9.0,26.0,Historical Observations,1994.0,12.0,30.0,-39.42,-71.93
252140,Rabaul,15096,Confirmed Eruption,Tavurvur and Vulcan,4.0,1994.0,9.0,19.0,Historical Observations,1995.0,4.0,16.0,-4.271,152.203
222120,"Lengai, Ol Doinyo",14024,Confirmed Eruption,North Crater,1.0,1994.0,9.0,18.0,Historical Observations,2006.0,7.0,16.0,-2.764,35.914
300260,Klyuchevskoy,19472,Confirmed Eruption,,3.0,1994.0,9.0,8.0,Historical Observations,1995.0,1.0,14.0,56.056,160.642
284120,Ioto,18419,Confirmed Eruption,NE side,1.0,1994.0,8.0,22.0,Historical Observations,1994.0,8.0,22.0,24.751,141.289
264010,Batur,16204,Confirmed Eruption,Batur III,1.0,1994.0,8.0,7.0,Historical Observations,1994.0,8.0,14.0,-8.242,115.375
344040,Telica,10933,Confirmed Eruption,,2.0,1994.0,7.0,31.0,Historical Observations,1994.0,8.0,12.0,12.606,-86.84
284130,Fukutoku-Oka-no-Ba,18459,Uncertain Eruption,,0.0,1994.0,7.0,28.0,,1994.0,7.0,28.0,24.285,141.481
284080,Sumisujima,18347,Uncertain Eruption,,0.0,1994.0,7.0,27.0,,1994.0,7.0,27.0,31.44,140.051
341040,Colima,10474,Confirmed Eruption,West of 1987 explosion crater,1.0,1994.0,7.0,21.0,Historical Observations,1994.0,7.0,21.0,19.514,-103.62
355100,Lascar,11870,Confirmed Eruption,,2.0,1994.0,7.0,20.0,Historical Observations,1994.0,7.0,26.0,-23.37,-67.73
263340,Raung,16152,Confirmed Eruption,,1.0,1994.0,7.0,14.0,Historical Observations,1994.0,7.0,14.0,-8.119,114.056
300250,Bezymianny,19369,Confirmed Eruption,,2.0,1994.0,7.0,7.0,Historical Observations,1994.0,10.0,5.0,55.972,160.595
223020,Nyamuragira,14077,Confirmed Eruption,West flank (Kimera) and summit,2.0,1994.0,7.0,4.0,Historical Observations,1994.0,8.0,25.0,-1.408,29.2
223030,Nyiragongo,14105,Confirmed Eruption,,1.0,1994.0,6.0,23.0,Historical Observations,1996.0,3.0,16.0,-1.52,29.25
211060,Etna,13831,Confirmed Eruption,"Central Crater, NE Crater, SE Crater",3.0,1994.0,6.0,17.0,Historical Observations,2001.0,7.0,17.0,37.748,14.999
264030,Rinjani,16224,Confirmed Eruption,Gunung Barujari,3.0,1994.0,6.0,3.0,Historical Observations,1994.0,11.0,21.0,-8.42,116.47
311240,Cleveland,19813,Confirmed Eruption,,3.0,1994.0,5.0,25.0,Historical Observations,1994.0,5.0,25.0,52.825,-169.944
357110,Llaima,12069,Confirmed Eruption,"SE side summit crater, upper SW flank",2.0,1994.0,5.0,17.0,Historical Observations,1994.0,8.0,30.0,-38.692,-71.729
282110,Asosan,17347,Confirmed Eruption,Naka-dake,2.0,1994.0,5.0,2.0,Historical Observations,1995.0,11.0,16.0,32.884,131.104
351020,"Ruiz, Nevado del",11291,Uncertain Eruption,,,1994.0,4.0,23.0,,1994.0,4.0,23.0,4.892,-75.324
252120,Ulawun,15061,Confirmed Eruption,,1.0,1994.0,4.0,19.0,Historical Observations,1994.0,6.0,16.0,-5.05,151.33
262000,Krakatau,15618,Confirmed Eruption,Anak Krakatau,2.0,1994.0,3.0,19.0,Historical Observations,1995.0,6.0,16.0,-6.102,105.423
345040,Poas,11187,Confirmed Eruption,,2.0,1994.0,3.0,16.0,Historical Observations,1994.0,10.0,16.0,10.2,-84.233
241100,Ruapehu,14663,Uncertain Eruption,,1.0,1994.0,2.0,12.0,,1994.0,4.0,1.0,-39.28,175.57
263350,Ijen,16174,Confirmed Eruption,Kawah Ijen,1.0,1994.0,2.0,3.0,Historical Observations,1994.0,2.0,3.0,-8.058,114.242
284080,Sumisujima,18346,Uncertain Eruption,,0.0,1994.0,1.0,17.0,,1994.0,1.0,17.0,31.44,140.051
268060,Gamalama,16673,Confirmed Eruption,,2.0,1994.0,1.0,16.0,Historical Observations,1994.0,10.0,15.0,0.8,127.33
357030,Tinguiririca,11924,Uncertain Eruption,,2.0,1994.0,1.0,15.0,,1994.0,1.0,15.0,-34.814,-70.352
311110,Kanaga,19721,Confirmed Eruption,,2.0,1994.0,1.0,5.0,Historical Observations,1994.0,11.0,26.0,51.923,-177.168
355100,Lascar,11869,Confirmed Eruption,,2.0,1993.0,12.0,17.0,Historical Observations,1994.0,2.0,27.0,-23.37,-67.73
353040,Alcedo,11696,Confirmed Eruption,South caldera wall,1.0,1993.0,12.0,5.0,Historical Observations,,,,-0.43,-91.12
355130,"Ojos del Salado, Nevados",11883,Uncertain Eruption,,1.0,1993.0,11.0,14.0,,1993.0,11.0,14.0,-27.109,-68.541
251050,Long Island,14965,Confirmed Eruption,E-W fissure NNE of Motmot Island,1.0,1993.0,11.0,3.0,Historical Observations,1993.0,11.0,25.0,-5.358,147.12
284120,Ioto,18418,Uncertain Eruption,Asodai area and NE of Iwo-jima,1.0,1993.0,10.0,27.0,,1993.0,11.0,16.0,24.751,141.289
300250,Bezymianny,19368,Confirmed Eruption,,3.0,1993.0,10.0,21.0,Historical Observations,1994.0,2.0,4.0,55.972,160.595
264250,Iliwerung,16349,Confirmed Eruption,Hobal (submarine vent on SE flank),2.0,1993.0,9.0,15.0,Historical Observations,1993.0,9.0,19.0,-8.53,123.57
284080,Sumisujima,18344,Uncertain Eruption,,0.0,1993.0,9.0,8.0,,1993.0,9.0,10.0,31.44,140.051
311360,Shishaldin,20091,Confirmed Eruption,,2.0,1993.0,9.0,4.0,Historical Observations,1993.0,10.0,29.0,54.756,-163.97
272020,Kanlaon,16745,Confirmed Eruption,,2.0,1993.0,8.0,25.0,Historical Observations,1993.0,9.0,3.0,10.412,123.132
311310,Makushin,19991,Confirmed Eruption,,1.0,1993.0,8.0,16.0,Historical Observations,1994.0,1.0,19.0,53.891,-166.923
211060,Etna,13827,Confirmed Eruption,"Central Crater, NE Crater",1.0,1993.0,8.0,3.0,Historical Observations,1993.0,10.0,13.0,37.748,14.999
312070,Veniaminof,20170,Confirmed Eruption,Western cone and Half Cone,2.0,1993.0,7.0,30.0,Historical Observations,1994.0,9.0,28.0,56.17,-159.38
263350,Ijen,16173,Confirmed Eruption,Kawah Ijen,1.0,1993.0,7.0,3.0,Historical Observations,1993.0,8.0,1.0,-8.058,114.242
331020,CoAxial Segment,20712,Confirmed Eruption,"N end CoAxial segment, Juan de Fuca Ridge",0.0,1993.0,6.0,26.0,Historical Observations,1993.0,7.0,4.0,46.52,-129.58
264220,Iliboleng,16328,Confirmed Eruption,,1.0,1993.0,6.0,16.0,Historical Observations,1993.0,7.0,16.0,-8.342,123.258
344100,Masaya,11032,Confirmed Eruption,Santiago,1.0,1993.0,6.0,16.0,Historical Observations,1994.0,11.0,16.0,11.985,-86.165
311180,Seguam,19782,Confirmed Eruption,Near Pyre Peak,2.0,1993.0,5.0,28.0,Historical Observations,1993.0,8.0,31.0,52.315,-172.51
268060,Gamalama,16672,Confirmed Eruption,,2.0,1993.0,5.0,6.0,Historical Observations,1993.0,5.0,21.0,0.8,127.33
352080,Tungurahua,11642,Uncertain Eruption,,1.0,1993.0,5.0,6.0,,1993.0,5.0,6.0,-1.467,-78.442
243060,Tofua,14751,Uncertain Eruption,Northern part of caldera,0.0,1993.0,4.0,29.0,,,,,-19.75,-175.07
232050,Taftan,14165,Uncertain Eruption,,,1993.0,4.0,25.0,,,,,28.6,61.13
263340,Raung,16151,Confirmed Eruption,,1.0,1993.0,4.0,1.0,Historical Observations,,,,-8.119,114.056
355160,Aracar,11884,Uncertain Eruption,,2.0,1993.0,3.0,28.0,,,,,-24.29,-67.783
352020,Guagua Pichincha,11494,Confirmed Eruption,1981 crater,1.0,1993.0,3.0,9.0,Historical Observations,1993.0,3.0,12.0,-0.171,-78.598
273083,Pinatubo,16869,Confirmed Eruption,Caldera floor,1.0,1993.0,2.0,16.0,Historical Observations,1993.0,7.0,16.0,15.13,120.35
211060,Etna,13826,Confirmed Eruption,NE Crater,1.0,1993.0,2.0,3.0,Historical Observations,1993.0,2.0,3.0,37.748,14.999
273030,Mayon,16807,Confirmed Eruption,,2.0,1993.0,2.0,2.0,Historical Observations,1993.0,4.0,4.0,13.257,123.685
355100,Lascar,11868,Confirmed Eruption,Western crater of east summit cone,4.0,1993.0,1.0,30.0,Historical Observations,1993.0,8.0,16.0,-23.37,-67.73
341021,Socorro,10377,Confirmed Eruption,Submarine vent 3 km W of Punta Tosca,0.0,1993.0,1.0,29.0,Historical Observations,1994.0,2.0,24.0,18.78,-110.95
263200,Dieng Volcanic Complex,15789,Confirmed Eruption,Near Pandawa Lima temples,1.0,1993.0,1.0,23.0,Historical Observations,1993.0,1.0,23.0,-7.2,109.879
284170,Pagan,18520,Confirmed Eruption,North Pagan,2.0,1993.0,1.0,15.0,Historical Observations,1993.0,11.0,16.0,18.13,145.8
351080,Galeras,11374,Confirmed Eruption,"Summit crater, west, SW, & south rims",2.0,1993.0,1.0,14.0,Historical Observations,1993.0,6.0,7.0,1.22,-77.37
252120,Ulawun,15060,Confirmed Eruption,,2.0,1993.0,1.0,12.0,Historical Observations,1993.0,1.0,31.0,-5.05,151.33
234010,Heard,14408,Confirmed Eruption,Mawson Peak,2.0,1993.0,1.0,2.0,Historical Observations,,,,-53.106,73.513
311180,Seguam,19781,Confirmed Eruption,Pyre Peak (1.5 km south of summit),2.0,1992.0,12.0,27.0,Historical Observations,1992.0,12.0,30.0,52.315,-172.51
311320,Akutan,20038,Confirmed Eruption,,1.0,1992.0,12.0,18.0,Historical Observations,,,,54.134,-165.986
234011,McDonald Islands,14395,Confirmed Eruption,Submarine vent near McDonald Islands,0.0,1992.0,12.0,16.0,Historical Observations,,,,-53.03,72.6
284130,Fukutoku-Oka-no-Ba,18458,Confirmed Eruption,,1.0,1992.0,11.0,10.0,Historical Observations,1993.0,9.0,9.0,24.285,141.481
262000,Krakatau,15617,Confirmed Eruption,Anak Krakatau,1.0,1992.0,11.0,7.0,Historical Observations,1993.0,10.0,16.0,-6.102,105.423
345040,Poas,11186,Confirmed Eruption,,0.0,1992.0,10.0,16.0,Historical Observations,1993.0,9.0,16.0,10.2,-84.233
300260,Klyuchevskoy,19471,Confirmed Eruption,,2.0,1992.0,9.0,12.0,Historical Observations,1993.0,9.0,12.0,56.056,160.642
357120,Villarrica,12171,Confirmed Eruption,,1.0,1992.0,9.0,11.0,Historical Observations,1992.0,12.0,16.0,-39.42,-71.93
233020,"Fournaise, Piton de la",14375,Confirmed Eruption,Dolomieu and upper SE flank,1.0,1992.0,8.0,27.0,Historical Observations,1992.0,9.0,23.0,-21.244,55.708
357110,Llaima,12068,Confirmed Eruption,,1.0,1992.0,8.0,23.0,Historical Observations,1992.0,9.0,2.0,-38.692,-71.729
284080,Sumisujima,18343,Uncertain Eruption,Shirane (7.5 km NE of Smith Rocks),0.0,1992.0,8.0,5.0,,1992.0,10.0,7.0,31.44,140.051
357090,Copahue,12008,Confirmed Eruption,Agrio Crater,2.0,1992.0,7.0,22.0,Historical Observations,1993.0,7.0,2.0,-37.856,-71.183
273083,Pinatubo,16868,Confirmed Eruption,Center of caldera lake,1.0,1992.0,7.0,9.0,Historical Observations,1992.0,10.0,30.0,15.13,120.35
311300,Bogoslof,19863,Confirmed Eruption,North tip of island (NE of 1927 dome),3.0,1992.0,7.0,6.0,Historical Observations,1992.0,7.0,24.0,53.93,-168.03
313040,Spurr,20399,Confirmed Eruption,South flank (Crater Peak),4.0,1992.0,6.0,27.0,Historical Observations,1992.0,9.0,17.0,61.299,-152.251
272020,Kanlaon,16744,Confirmed Eruption,,2.0,1992.0,6.0,10.0,Historical Observations,1992.0,6.0,10.0,10.412,123.132
234010,Heard,14407,Confirmed Eruption,Mawson Peak,0.0,1992.0,5.0,29.0,Historical Observations,,,,-53.106,73.513
282110,Asosan,17346,Confirmed Eruption,Naka-dake,2.0,1992.0,4.0,23.0,Historical Observations,1993.0,6.0,10.0,32.884,131.104
284170,Pagan,18519,Confirmed Eruption,North Pagan,1.0,1992.0,4.0,13.0,Historical Observations,1992.0,4.0,13.0,18.13,145.8
344070,"Negro, Cerro",10965,Confirmed Eruption,,3.0,1992.0,4.0,9.0,Historical Observations,1992.0,4.0,14.0,12.506,-86.702
267040,Awu,16569,Confirmed Eruption,SE part of summit crater,1.0,1992.0,4.0,7.0,Historical Observations,,,,3.689,125.447
300250,Bezymianny,19367,Confirmed Eruption,,2.0,1992.0,3.0,12.0,Historical Observations,1992.0,6.0,12.0,55.972,160.595
311320,Akutan,20037,Confirmed Eruption,,2.0,1992.0,3.0,8.0,Historical Observations,1992.0,5.0,21.0,54.134,-165.986
345040,Poas,11185,Confirmed Eruption,,1.0,1992.0,2.0,16.0,Historical Observations,1992.0,3.0,16.0,10.2,-84.233
284131,Minami-Hiyoshi,18428,Uncertain Eruption,,0.0,1992.0,2.0,12.0,,1992.0,3.0,4.0,23.5,141.935
241100,Ruapehu,14662,Confirmed Eruption,,1.0,1992.0,2.0,8.0,Historical Observations,1992.0,3.0,6.0,-39.28,175.57
300260,Klyuchevskoy,19470,Confirmed Eruption,,2.0,1992.0,1.0,25.0,Historical Observations,1992.0,5.0,25.0,56.056,160.642
263250,Merapi,15922,Confirmed Eruption,NW of 1984 lava dome,2.0,1992.0,1.0,20.0,Historical Observations,2002.0,10.0,19.0,-7.54,110.446
234010,Heard,14406,Uncertain Eruption,Mawson Peak,,1992.0,1.0,17.0,,1992.0,1.0,18.0,-53.106,73.513
272020,Kanlaon,16743,Confirmed Eruption,,1.0,1992.0,1.0,8.0,Historical Observations,1992.0,1.0,8.0,10.412,123.132
211060,Etna,13825,Confirmed Eruption,SE flank (3100-2800 m and 2400-2100 m),2.0,1991.0,12.0,14.0,Historical Observations,1993.0,3.0,30.0,37.748,14.999
282090,Kirishimayama,17162,Confirmed Eruption,Shinmoe-dake,1.0,1991.0,12.0,1.0,Historical Observations,1992.0,4.0,19.0,31.934,130.862
334050,Northern EPR at 9.8°N,10345,Confirmed Eruption,East Pacific Rise (9.9 deg N),0.0,1991.0,12.0,1.0,Historical Observations,1992.0,2.0,4.0,9.83,-104.3
311340,Westdahl,20046,Confirmed Eruption,ENE flank (1560-760 m),3.0,1991.0,11.0,29.0,Historical Observations,1992.0,1.0,14.0,54.516,-164.65
284080,Sumisujima,18342,Uncertain Eruption,,0.0,1991.0,11.0,5.0,,1991.0,11.0,5.0,31.44,140.051
264220,Iliboleng,16327,Confirmed Eruption,,1.0,1991.0,11.0,3.0,Historical Observations,1991.0,11.0,15.0,-8.342,123.258
355100,Lascar,11867,Confirmed Eruption,,2.0,1991.0,10.0,21.0,Historical Observations,1992.0,5.0,23.0,-23.37,-67.73
353080,Marchena,11730,Confirmed Eruption,West to SW caldera rim,2.0,1991.0,9.0,25.0,Historical Observations,1991.0,11.0,16.0,0.33,-90.47
223020,Nyamuragira,14076,Confirmed Eruption,NE flank 1530 m (Mikombe),3.0,1991.0,9.0,20.0,Historical Observations,1993.0,2.0,8.0,-1.408,29.2
311320,Akutan,20036,Confirmed Eruption,,2.0,1991.0,9.0,15.0,Historical Observations,1991.0,10.0,29.0,54.134,-165.986
263290,Arjuno-Welirang,15962,Uncertain Eruption,Gunung Welirang,,1991.0,9.0,13.0,,,,,-7.733,112.575
263340,Raung,16150,Confirmed Eruption,,2.0,1991.0,9.0,10.0,Historical Observations,1991.0,11.0,12.0,-8.119,114.056
357120,Villarrica,12170,Confirmed Eruption,,2.0,1991.0,8.0,30.0,Historical Observations,1991.0,9.0,17.0,-39.42,-71.93
373030,Bardarbunga,12888,Uncertain Eruption,Loki-Fögrufjöll (East Loki cauldron),0.0,1991.0,8.0,12.0,,,,,64.633,-17.516
358057,"Hudson, Cerro",12299,Confirmed Eruption,NW caldera rim and SW caldera floor,5.0,1991.0,8.0,8.0,Historical Observations,1991.0,10.0,27.0,-45.9,-72.97
233020,"Fournaise, Piton de la",14374,Confirmed Eruption,Dolomieu and upper east flank,0.0,1991.0,7.0,19.0,Historical Observations,1991.0,7.0,20.0,-21.244,55.708
284130,Fukutoku-Oka-no-Ba,18457,Uncertain Eruption,,0.0,1991.0,7.0,19.0,,1991.0,10.0,18.0,24.285,141.481
233010,Karthala,14204,Confirmed Eruption,Choungou-Chahalé (Choungou-Chamadji),2.0,1991.0,7.0,11.0,Historical Observations,1991.0,7.0,11.0,-11.75,43.38
241100,Ruapehu,14661,Confirmed Eruption,,1.0,1991.0,7.0,5.0,Historical Observations,1991.0,7.0,14.0,-39.28,175.57
261030,Peuet Sague,15376,Confirmed Eruption,,2.0,1991.0,7.0,2.0,Historical Observations,,,,4.903,96.289
267020,Karangetang,16535,Confirmed Eruption,,2.0,1991.0,7.0,2.0,Historical Observations,1993.0,12.0,31.0,2.781,125.407
243070,Lateiki,14766,Confirmed Eruption,,0.0,1991.0,6.0,24.0,Historical Observations,,,,-19.18,-174.87
268060,Gamalama,16671,Uncertain Eruption,,1.0,1991.0,6.0,15.0,,1991.0,6.0,15.0,0.8,127.33
266030,Soputan,16432,Confirmed Eruption,,2.0,1991.0,5.0,22.0,Historical Observations,1996.0,9.0,29.0,1.112,124.737
266100,Lokon-Empung,16459,Confirmed Eruption,Tompaluan,3.0,1991.0,5.0,17.0,Historical Observations,1992.0,1.0,16.0,1.358,124.792
283040,Ontakesan,20963,Confirmed Eruption,1979 Crater #7,0.0,1991.0,5.0,13.0,Historical Observations,1991.0,5.0,16.0,35.893,137.48
264180,Lewotobi,16298,Confirmed Eruption,Lewotobi Lakilaki,1.0,1991.0,5.0,11.0,Historical Observations,1992.0,12.0,31.0,-8.542,122.775
264220,Iliboleng,16326,Confirmed Eruption,,1.0,1991.0,5.0,8.0,Historical Observations,1991.0,6.0,30.0,-8.342,123.258
345020,Rincon de la Vieja,11104,Confirmed Eruption,,2.0,1991.0,5.0,7.0,Historical Observations,1992.0,9.0,16.0,10.83,-85.324
255060,Kavachi,15173,Confirmed Eruption,,2.0,1991.0,5.0,4.0,Historical Observations,1991.0,9.0,16.0,-8.991,157.979
353010,Fernandina,11674,Confirmed Eruption,Base of ESE and NW caldera wall,2.0,1991.0,4.0,19.0,Historical Observations,1991.0,4.0,24.0,-0.37,-91.55
300260,Klyuchevskoy,19469,Confirmed Eruption,,2.0,1991.0,4.0,8.0,Historical Observations,1991.0,6.0,24.0,56.056,160.642
273083,Pinatubo,16867,Confirmed Eruption,Lower north flank and summit,6.0,1991.0,4.0,2.0,Historical Observations,1991.0,9.0,2.0,15.13,120.35
260010,Barren Island,15383,Confirmed Eruption,Central cone summit and NE flank,2.0,1991.0,4.0,1.0,Historical Observations,1991.0,10.0,31.0,12.278,93.858
264071,Ranakah,16255,Confirmed Eruption,Anak Ranakah,1.0,1991.0,3.0,16.0,Historical Observations,,,,-8.62,120.52
334050,Northern EPR at 9.8°N,10344,Confirmed Eruption,East Pacific Rise (9.8 deg N),0.0,1991.0,3.0,16.0,Historical Observations,,,,9.83,-104.3
335020,Hollister Ridge,10363,Uncertain Eruption,Seamount by Pacific-Antarctic Ridge?,0.0,1991.0,3.0,11.0,,1991.0,3.0,19.0,-53.998,-139.845
345040,Poas,11184,Confirmed Eruption,,1.0,1991.0,3.0,6.0,Historical Observations,1991.0,9.0,16.0,10.2,-84.233
341040,Colima,10473,Confirmed Eruption,,2.0,1991.0,3.0,1.0,Historical Observations,1991.0,10.0,16.0,19.514,-103.62
272020,Kanlaon,16742,Confirmed Eruption,,2.0,1991.0,2.0,14.0,Historical Observations,1991.0,2.0,14.0,10.412,123.132
357040,Planchon-Peteroa,11945,Confirmed Eruption,Peteroa,2.0,1991.0,2.0,9.0,Historical Observations,1991.0,3.0,2.0,-35.223,-70.568
372070,Hekla,12753,Confirmed Eruption,"Summit, SW, SE & NE flank fissures",3.0,1991.0,1.0,17.0,Historical Observations,1991.0,3.0,11.0,63.983,-19.666
290380,Ebeko,18876,Confirmed Eruption,Northern crater,1.0,1991.0,1.0,16.0,Historical Observations,1991.0,1.0,16.0,50.686,156.014
300100,Avachinsky,19103,Confirmed Eruption,,2.0,1991.0,1.0,13.0,Historical Observations,1991.0,1.0,30.0,53.256,158.836
261170,Kerinci,15521,Confirmed Eruption,,2.0,1990.0,12.0,31.0,Historical Observations,,,,-1.697,101.264
355100,Lascar,11866,Confirmed Eruption,,1.0,1990.0,11.0,24.0,Historical Observations,1990.0,11.0,24.0,-23.37,-67.73
282100,Unzendake,17181,Confirmed Eruption,Fugen-dake,1.0,1990.0,11.0,17.0,Historical Observations,1995.0,2.0,16.0,32.761,130.299
321050,St. Helens,20559,Confirmed Eruption,North side of lava dome,3.0,1990.0,11.0,5.0,Historical Observations,1991.0,2.0,14.0,46.2,-122.18
335030,Udintsev Transform,10364,Uncertain Eruption,Udinstev Fracture Zone,0.0,1990.0,10.0,29.0,,1990.0,11.0,19.0,-56.153,-143.373
343010,Apaneca Range,19890,Discredited Eruption,,,1990.0,10.0,13.0,,,,,13.891,-89.786
284010,Izu-Oshima,18244,Confirmed Eruption,Mihara-yama (1987 summit crater),2.0,1990.0,10.0,4.0,Historical Observations,1990.0,10.0,4.0,34.724,139.394
257040,Ambrym,15289,Confirmed Eruption,"Mbwelesu, Niri Mbwelesu, Niri Taten",2.0,1990.0,9.0,16.0,Historical Observations,1991.0,7.0,16.0,-16.25,168.12
311320,Akutan,20035,Confirmed Eruption,,2.0,1990.0,9.0,6.0,Historical Observations,1990.0,10.0,1.0,54.134,-165.986
283110,Asamayama,17808,Confirmed Eruption,,2.0,1990.0,7.0,20.0,Historical Observations,1990.0,7.0,20.0,36.406,138.523
334120,Southern EPR-Segment K,10357,Confirmed Eruption,,0.0,1990.0,7.0,2.0,Historical Observations,,,,-17.436,-113.206
357150,Puyehue-Cordon Caulle,12216,Confirmed Eruption,Cordón Caulle,1.0,1990.0,7.0,2.0,Historical Observations,,,,-40.59,-72.117
241100,Ruapehu,14660,Confirmed Eruption,,0.0,1990.0,6.0,17.0,Historical Observations,1990.0,9.0,8.0,-39.28,175.57
311020,Kiska,19667,Confirmed Eruption,Upper NW? flank,2.0,1990.0,6.0,1.0,Historical Observations,1990.0,6.0,1.0,52.103,177.602
242050,Monowai,14712,Confirmed Eruption,,0.0,1990.0,5.0,30.0,Hydrophonic,1991.0,3.0,25.0,-25.887,-177.188
354006,Sabancaya,11750,Confirmed Eruption,,3.0,1990.0,5.0,28.0,Historical Observations,1998.0,9.0,16.0,-15.787,-71.857
268060,Gamalama,16670,Confirmed Eruption,,3.0,1990.0,4.0,25.0,Historical Observations,1990.0,4.0,26.0,0.8,127.33
355107,Pular,11843,Uncertain Eruption,,1.0,1990.0,4.0,24.0,,1990.0,4.0,24.0,-24.188,-68.054
352020,Guagua Pichincha,11493,Confirmed Eruption,1981 crater,1.0,1990.0,4.0,16.0,Historical Observations,1990.0,5.0,10.0,-0.171,-78.598
282030,Suwanosejima,16941,Confirmed Eruption,O-take,2.0,1990.0,4.0,16.0,Historical Observations,1996.0,7.0,14.0,29.638,129.714
360160,Kick 'em Jenny,12467,Confirmed Eruption,,0.0,1990.0,3.0,26.0,Hydrophonic,1990.0,3.0,28.0,12.3,-61.64
312030,Pavlof,20150,Confirmed Eruption,,2.0,1990.0,3.0,5.0,Historical Observations,1990.0,3.0,5.0,55.417,-161.894
357110,Llaima,12067,Confirmed Eruption,,1.0,1990.0,2.0,25.0,Historical Observations,1990.0,11.0,25.0,-38.692,-71.729
263280,Kelut,15957,Confirmed Eruption,,4.0,1990.0,2.0,10.0,Historical Observations,1990.0,3.0,13.0,-7.93,112.308
300250,Bezymianny,19366,Confirmed Eruption,,3.0,1990.0,1.0,29.0,Historical Observations,1991.0,11.0,29.0,55.972,160.595
264180,Lewotobi,16297,Confirmed Eruption,Lewotabi Lakilaki,1.0,1990.0,1.0,28.0,Historical Observations,1990.0,6.0,16.0,-8.542,122.775
311320,Akutan,20034,Confirmed Eruption,,2.0,1990.0,1.0,26.0,Historical Observations,1990.0,1.0,26.0,54.134,-165.986
233020,"Fournaise, Piton de la",14373,Confirmed Eruption,Dolomieu and SE flank,0.0,1990.0,1.0,18.0,Historical Observations,1990.0,5.0,8.0,-21.244,55.708
263340,Raung,16149,Confirmed Eruption,,2.0,1990.0,1.0,16.0,Historical Observations,1990.0,12.0,16.0,-8.119,114.056
300270,Sheveluch,19585,Confirmed Eruption,,3.0,1990.0,1.0,10.0,Historical Observations,1995.0,2.0,16.0,56.653,161.36
241100,Ruapehu,14659,Confirmed Eruption,,1.0,1990.0,1.0,7.0,Historical Observations,1990.0,1.0,26.0,-39.28,175.57
351080,Galeras,11373,Confirmed Eruption,,2.0,1990.0,1.0,7.0,Historical Observations,1992.0,7.0,16.0,1.22,-77.37
342110,Pacaya,10762,Confirmed Eruption,MacKenney Crater and flank vents,3.0,1990.0,1.0,4.0,Historical Observations,2000.0,3.0,1.0,14.382,-90.601
211060,Etna,13821,Confirmed Eruption,SE and NE Craters,3.0,1989.0,12.0,16.0,Historical Observations,1992.0,5.0,23.0,37.748,14.999
355040,Irruputuncu,11827,Uncertain Eruption,,,1989.0,12.0,16.0,,,,,-20.73,-68.55
313030,Redoubt,20390,Confirmed Eruption,North end of summit crater (2470 m),3.0,1989.0,12.0,14.0,Historical Observations,1990.0,6.0,20.0,60.485,-152.742
321050,St. Helens,20558,Confirmed Eruption,North side of lava dome,2.0,1989.0,12.0,7.0,Historical Observations,1990.0,1.0,6.0,46.2,-122.18
311240,Cleveland,19812,Uncertain Eruption,,0.0,1989.0,10.0,25.0,,,,,52.825,-169.944
272020,Kanlaon,16741,Confirmed Eruption,,2.0,1989.0,10.0,25.0,Historical Observations,1989.0,12.0,13.0,10.412,123.132
284142,Supply Reef,18477,Confirmed Eruption,"Volcano Uncertain: NW of Supply Reef (~20.3 N, 144.9E)",0.0,1989.0,9.0,21.0,Hydrophonic,1989.0,12.0,27.0,20.13,145.1
211060,Etna,13820,Confirmed Eruption,"SE Crater, SE and NE flanks",2.0,1989.0,9.0,11.0,Historical Observations,1989.0,10.0,9.0,37.748,14.999
311070,Gareloi,19688,Confirmed Eruption,,1.0,1989.0,8.0,17.0,Historical Observations,,,,51.79,-178.794
256010,Tinakula,15203,Confirmed Eruption,,1.0,1989.0,8.0,16.0,Historical Observations,1990.0,2.0,16.0,-10.386,165.804
300250,Bezymianny,19365,Confirmed Eruption,,2.0,1989.0,8.0,1.0,Historical Observations,1989.0,8.0,4.0,55.972,160.595
284080,Sumisujima,18341,Uncertain Eruption,,0.0,1989.0,7.0,18.0,,1989.0,7.0,18.0,31.44,140.051
284110,Kita-Ioto,18385,Uncertain Eruption,Funka-Asane,0.0,1989.0,7.0,16.0,,1989.0,7.0,16.0,25.424,141.284
267020,Karangetang,16534,Confirmed Eruption,,1.0,1989.0,7.0,16.0,Historical Observations,1989.0,7.0,16.0,2.781,125.407
283010,Izu-Tobu,17379,Confirmed Eruption,Teishi-kaikyu (4 km NE of Ito City),1.0,1989.0,7.0,13.0,Historical Observations,1989.0,7.0,13.0,34.9,139.098
241100,Ruapehu,14658,Confirmed Eruption,,1.0,1989.0,7.0,1.0,Historical Observations,1989.0,9.0,20.0,-39.28,175.57
224010,Cameroon,14133,Confirmed Eruption,NE flank (2860 m),1.0,1989.0,5.0,29.0,Historical Observations,1989.0,5.0,29.0,4.203,9.17
290070,Etorofu-Yakeyama [Grozny Group],18754,Confirmed Eruption,Ivan Grozny,2.0,1989.0,5.0,3.0,Historical Observations,1989.0,8.0,5.0,45.012,147.871
223020,Nyamuragira,14075,Confirmed Eruption,"Summit, SE and East flank",3.0,1989.0,4.0,24.0,Historical Observations,1989.0,8.0,15.0,-1.408,29.2
257040,Ambrym,15288,Confirmed Eruption,"Marum, Benbow, Niri Mbwelesu Taten",2.0,1989.0,4.0,24.0,Historical Observations,1989.0,12.0,23.0,-16.25,168.12
266030,Soputan,16431,Confirmed Eruption,,2.0,1989.0,4.0,22.0,Historical Observations,1989.0,4.0,23.0,1.112,124.737
283090,Niigata-Yakeyama,17549,Confirmed Eruption,Upper East flank,1.0,1989.0,4.0,19.0,Historical Observations,1989.0,4.0,26.0,36.921,138.036
300270,Sheveluch,19567,Confirmed Eruption,,2.0,1989.0,4.0,7.0,Historical Observations,1989.0,6.0,26.0,56.653,161.36
282110,Asosan,17345,Confirmed Eruption,Naka-dake,2.0,1989.0,4.0,5.0,Historical Observations,1991.0,2.0,9.0,32.884,131.104
311320,Akutan,20033,Confirmed Eruption,,2.0,1989.0,2.0,27.0,Historical Observations,1989.0,3.0,28.0,54.134,-165.986
344100,Masaya,11031,Confirmed Eruption,Santiago,1.0,1989.0,2.0,20.0,Historical Observations,1989.0,11.0,16.0,11.985,-86.165
351080,Galeras,11372,Confirmed Eruption,El Pinta vent,2.0,1989.0,2.0,19.0,Historical Observations,1989.0,5.0,9.0,1.22,-77.37
290380,Ebeko,18875,Confirmed Eruption,Northern crater and upper east flank,2.0,1989.0,2.0,2.0,Historical Observations,1990.0,4.0,15.0,50.686,156.014
390090,Saunders,22332,Confirmed Eruption,,0.0,1989.0,1.0,30.0,Historical Observations,1990.0,3.0,22.0,-57.8,-26.483
284080,Sumisujima,18340,Uncertain Eruption,,0.0,1989.0,1.0,18.0,,1989.0,1.0,18.0,31.44,140.051
290240,Sarychev Peak,18818,Confirmed Eruption,,1.0,1989.0,1.0,13.0,Historical Observations,1989.0,1.0,14.0,48.092,153.2
283120,Kusatsu-Shiranesan,17845,Uncertain Eruption,NW part of Yu-gama,1.0,1989.0,1.0,6.0,,1989.0,1.0,6.0,36.618,138.528
252120,Ulawun,15059,Confirmed Eruption,,2.0,1989.0,1.0,1.0,Historical Observations,1989.0,12.0,16.0,-5.05,151.33
360160,Kick 'em Jenny,12466,Confirmed Eruption,,0.0,1988.0,12.0,29.0,Hydrophonic,1988.0,12.0,30.0,12.3,-61.64
357100,Lonquimay,12016,Confirmed Eruption,NE flank (Navidad Crater),3.0,1988.0,12.0,25.0,Historical Observations,1990.0,1.0,24.0,-38.379,-71.586
285050,Tokachidake,18660,Confirmed Eruption,1962 Crater,2.0,1988.0,12.0,10.0,Historical Observations,1989.0,5.0,16.0,43.418,142.686
241100,Ruapehu,14657,Confirmed Eruption,,1.0,1988.0,12.0,8.0,Historical Observations,1989.0,3.0,5.0,-39.28,175.57
300270,Sheveluch,19584,Confirmed Eruption,,2.0,1988.0,12.0,7.0,Historical Observations,1988.0,12.0,7.0,56.653,161.36
211060,Etna,13819,Confirmed Eruption,SE Crater,1.0,1988.0,10.0,2.0,Historical Observations,1989.0,6.0,30.0,37.748,14.999
353010,Fernandina,11673,Confirmed Eruption,East caldera wall,2.0,1988.0,9.0,14.0,Historical Observations,1988.0,9.0,16.0,-0.37,-91.55
242050,Monowai,14711,Confirmed Eruption,,0.0,1988.0,9.0,8.0,Hydrophonic,1988.0,9.0,8.0,-25.887,-177.188
284170,Pagan,18518,Confirmed Eruption,North Pagan,2.0,1988.0,8.0,24.0,Historical Observations,1988.0,10.0,12.0,18.13,145.8
257060,Epi,13375,Uncertain Eruption,,0.0,1988.0,8.0,16.0,,,,,-16.68,168.37
268070,Makian,16689,Confirmed Eruption,,3.0,1988.0,7.0,29.0,Historical Observations,1988.0,8.0,5.0,0.32,127.4
263180,Slamet,15762,Confirmed Eruption,,1.0,1988.0,7.0,12.0,Historical Observations,1988.0,7.0,13.0,-7.242,109.208
334050,Northern EPR at 9.8°N,10340,Confirmed Eruption,East Pacific Rise (9.3 deg N),0.0,1988.0,7.0,2.0,Historical Observations,,,,9.83,-104.3
354006,Sabancaya,11749,Confirmed Eruption,,1.0,1988.0,6.0,22.0,Historical Observations,1988.0,10.0,16.0,-15.787,-71.857
272020,Kanlaon,16740,Confirmed Eruption,,1.0,1988.0,6.0,21.0,Historical Observations,1988.0,7.0,2.0,10.412,123.132
344120,Concepcion,11071,Confirmed Eruption,,2.0,1988.0,6.0,16.0,Historical Observations,,,,11.538,-85.622
341040,Colima,10472,Uncertain Eruption,,2.0,1988.0,6.0,15.0,,,,,19.514,-103.62
243040,Hunga Tonga-Hunga Ha'apai,14732,Confirmed Eruption,1 km SSE of Hunga Ha'apai,0.0,1988.0,6.0,1.0,Historical Observations,1988.0,6.0,3.0,-20.536,-175.382
282110,Asosan,17344,Confirmed Eruption,Naka-dake,1.0,1988.0,5.0,26.0,Historical Observations,1989.0,1.0,16.0,32.884,131.104
265090,Banda Api,16420,Confirmed Eruption,"Summit, north and south flanks",3.0,1988.0,5.0,9.0,Historical Observations,1988.0,5.0,17.0,-4.523,129.881
266100,Lokon-Empung,16458,Confirmed Eruption,Tompaluan,1.0,1988.0,4.0,21.0,Historical Observations,1988.0,5.0,1.0,1.358,124.792
311320,Akutan,20032,Confirmed Eruption,,2.0,1988.0,3.0,26.0,Historical Observations,1988.0,7.0,20.0,54.134,-165.986
241100,Ruapehu,14656,Confirmed Eruption,,1.0,1988.0,3.0,20.0,Historical Observations,1988.0,5.0,25.0,-39.28,175.57
284070,Myojinsho,18331,Uncertain Eruption,Myojinsho,0.0,1988.0,3.0,18.0,,1988.0,3.0,19.0,31.888,139.918
273010,Bulusan,16768,Confirmed Eruption,,2.0,1988.0,2.0,20.0,Historical Observations,1988.0,3.0,8.0,12.769,124.056
284170,Pagan,18517,Uncertain Eruption,North Pagan,,1988.0,2.0,16.0,,,,,18.13,145.8
262000,Krakatau,15616,Confirmed Eruption,Anak Krakatau (S flank 1960-81 cone),2.0,1988.0,2.0,14.0,Historical Observations,1988.0,4.0,16.0,-6.102,105.423
268060,Gamalama,16669,Confirmed Eruption,,2.0,1988.0,2.0,12.0,Historical Observations,1988.0,3.0,16.0,0.8,127.33
257040,Ambrym,15287,Confirmed Eruption,"Benbow, Mbwelesu, Marum, Niri Taten",3.0,1988.0,2.0,12.0,Historical Observations,1988.0,8.0,23.0,-16.25,168.12
284121,Kita-Fukutokutai,18400,Uncertain Eruption,,1.0,1988.0,1.0,27.0,,,,,24.417,141.417
282060,Kikai,16996,Confirmed Eruption,Iwo-dake,1.0,1988.0,1.0,18.0,Historical Observations,1988.0,1.0,18.0,30.793,130.305
282030,Suwanosejima,16940,Confirmed Eruption,O-take,2.0,1988.0,1.0,16.0,Historical Observations,1989.0,12.0,16.0,29.638,129.714
285070,Akan,18701,Confirmed Eruption,Me-Akan (SE rim of Ponmachineshiri),1.0,1988.0,1.0,5.0,Historical Observations,1988.0,2.0,18.0,43.384,144.013
223020,Nyamuragira,14074,Confirmed Eruption,North Flank (Gafuranindi),1.0,1987.0,12.0,30.0,Historical Observations,1988.0,1.0,4.0,-1.408,29.2
264071,Ranakah,16254,Confirmed Eruption,Anak Ranakah,3.0,1987.0,12.0,28.0,Historical Observations,1989.0,4.0,16.0,-8.62,120.52
357010,Tupungatito,11899,Confirmed Eruption,,2.0,1987.0,11.0,28.0,Historical Observations,1987.0,11.0,30.0,-33.425,-69.797
355100,Lascar,11865,Confirmed Eruption,Western crater of east summit cone,3.0,1987.0,11.0,16.0,Historical Observations,1990.0,4.0,6.0,-23.37,-67.73
344040,Telica,10932,Confirmed Eruption,Vent in NE corner of crater,1.0,1987.0,11.0,16.0,Historical Observations,1987.0,11.0,16.0,12.606,-86.84
344020,San Cristobal,10885,Uncertain Eruption,,,1987.0,11.0,16.0,,,,,12.702,-87.004
284010,Izu-Oshima,18243,Confirmed Eruption,Mihara-yama,2.0,1987.0,11.0,16.0,Historical Observations,1988.0,1.0,27.0,34.724,139.394
311230,Carlisle,19800,Uncertain Eruption,,,1987.0,11.0,16.0,,,,,52.894,-170.054
284070,Myojinsho,18330,Uncertain Eruption,Myojinsho,0.0,1987.0,10.0,21.0,,1987.0,12.0,9.0,31.888,139.918
290380,Ebeko,18874,Confirmed Eruption,Northern crater,1.0,1987.0,10.0,14.0,Historical Observations,1988.0,1.0,16.0,50.686,156.014
264220,Iliboleng,16325,Confirmed Eruption,,2.0,1987.0,10.0,2.0,Historical Observations,1987.0,10.0,2.0,-8.342,123.258
284130,Fukutoku-Oka-no-Ba,17603,Uncertain Eruption,,0.0,1987.0,9.0,4.0,,1991.0,2.0,6.0,24.285,141.481
284170,Pagan,18516,Confirmed Eruption,North Pagan,1.0,1987.0,9.0,4.0,Historical Observations,1987.0,9.0,4.0,18.13,145.8
311190,Amukta,19788,Confirmed Eruption,,1.0,1987.0,9.0,4.0,Historical Observations,,,,52.5,-171.252
311070,Gareloi,19687,Confirmed Eruption,,1.0,1987.0,9.0,4.0,Historical Observations,,,,51.79,-178.794
241100,Ruapehu,14655,Confirmed Eruption,,1.0,1987.0,8.0,24.0,Historical Observations,1987.0,8.0,30.0,-39.28,175.57
284110,Kita-Ioto,18384,Uncertain Eruption,Funka-Asane,0.0,1987.0,8.0,16.0,,1987.0,8.0,16.0,25.424,141.284
354006,Sabancaya,11748,Uncertain Eruption,,2.0,1987.0,8.0,7.0,,,,,-15.787,-71.857
390030,Deception Island,13197,Uncertain Eruption,,,1987.0,7.0,23.0,,,,,-63.001,-60.652
284130,Fukutoku-Oka-no-Ba,17602,Confirmed Eruption,,0.0,1987.0,7.0,14.0,Historical Observations,1987.0,8.0,30.0,24.285,141.481
341040,Colima,10471,Confirmed Eruption,East side of summit lava dome,1.0,1987.0,7.0,2.0,Historical Observations,1987.0,7.0,2.0,19.514,-103.62
311240,Cleveland,19811,Confirmed Eruption,,3.0,1987.0,6.0,19.0,Historical Observations,1987.0,8.0,28.0,52.825,-169.944
345040,Poas,11183,Confirmed Eruption,,2.0,1987.0,6.0,16.0,Historical Observations,1990.0,6.0,16.0,10.2,-84.233
333060,Macdonald,10323,Confirmed Eruption,,0.0,1987.0,6.0,4.0,Historical Observations,1989.0,1.0,28.0,-28.98,-140.25
284210,Esmeralda Bank,18545,Uncertain Eruption,,0.0,1987.0,5.0,26.0,,,,,15.0,145.25
263340,Raung,16148,Confirmed Eruption,,1.0,1987.0,5.0,16.0,Historical Observations,1989.0,7.0,28.0,-8.119,114.056
283090,Niigata-Yakeyama,17548,Confirmed Eruption,,1.0,1987.0,4.0,25.0,Historical Observations,,,,36.921,138.036
311020,Kiska,19666,Uncertain Eruption,,,1987.0,4.0,15.0,,,,,52.103,177.602
311060,Semisopochnoi,19673,Confirmed Eruption,Sugarloaf ?,2.0,1987.0,4.0,13.0,Historical Observations,,,,51.93,179.58
268040,Gamkonora,16594,Confirmed Eruption,,1.0,1987.0,4.0,13.0,Historical Observations,1987.0,4.0,26.0,1.38,127.53
345020,Rincon de la Vieja,11103,Confirmed Eruption,,1.0,1987.0,4.0,1.0,Historical Observations,1987.0,4.0,1.0,10.83,-85.324
272020,Kanlaon,16739,Confirmed Eruption,,1.0,1987.0,3.0,30.0,Historical Observations,1987.0,7.0,2.0,10.412,123.132
242030,Raoul Island,14701,Uncertain Eruption,NNE flank (7 km from Raoul Island),0.0,1987.0,3.0,25.0,,1987.0,3.0,25.0,-29.27,-177.92
312070,Veniaminof,20169,Confirmed Eruption,Western intracaldera cone,1.0,1987.0,3.0,19.0,Historical Observations,1987.0,3.0,19.0,56.17,-159.38
313020,Iliamna,20289,Discredited Eruption,,,1987.0,3.0,19.0,,1987.0,5.0,2.0,60.032,-153.09
311120,Great Sitkin,19740,Uncertain Eruption,,,1987.0,3.0,18.0,,,,,52.076,-176.13
312060,Kupreanof,20155,Confirmed Eruption,SSW flank (1575 m),1.0,1987.0,3.0,10.0,Historical Observations,1987.0,3.0,10.0,56.011,-159.797
211060,Etna,13818,Confirmed Eruption,NE and SE Craters,2.0,1987.0,3.0,8.0,Historical Observations,1987.0,5.0,16.0,37.748,14.999
311161,Korovin,19762,Confirmed Eruption,,2.0,1987.0,3.0,4.0,Historical Observations,1987.0,3.0,19.0,52.381,-174.166
311310,Makushin,19990,Confirmed Eruption,,1.0,1987.0,3.0,2.0,Historical Observations,1987.0,3.0,2.0,53.891,-166.923
344100,Masaya,11030,Confirmed Eruption,Santiago,1.0,1987.0,2.0,15.0,Historical Observations,1987.0,2.0,22.0,11.985,-86.165
311320,Akutan,20031,Confirmed Eruption,,2.0,1987.0,1.0,31.0,Historical Observations,1987.0,6.0,24.0,54.134,-165.986
261140,Marapi,15475,Confirmed Eruption,Verbeek Crater,2.0,1987.0,1.0,15.0,Historical Observations,1994.0,8.0,12.0,-0.38,100.474
342090,Fuego,10731,Confirmed Eruption,,1.0,1987.0,1.0,5.0,Historical Observations,1987.0,2.0,16.0,14.473,-90.88
345020,Rincon de la Vieja,11102,Confirmed Eruption,,1.0,1986.0,12.0,31.0,Historical Observations,1986.0,12.0,31.0,10.83,-85.324
354006,Sabancaya,11747,Confirmed Eruption,,1.0,1986.0,12.0,16.0,Historical Observations,,,,-15.787,-71.857
300250,Bezymianny,19364,Confirmed Eruption,,3.0,1986.0,12.0,5.0,Historical Observations,1988.0,7.0,26.0,55.972,160.595
373030,Bardarbunga,12887,Uncertain Eruption,Loki-Fögrufjöll (East Loki cauldron),0.0,1986.0,11.0,29.0,,1986.0,12.0,1.0,64.633,-17.516
300260,Klyuchevskoy,19468,Confirmed Eruption,"Summit, SE, SW, NE and east flanks",4.0,1986.0,11.0,27.0,Historical Observations,1990.0,9.0,16.0,56.056,160.642
311290,Okmok,19850,Confirmed Eruption,SW part of caldera (Cone A),2.0,1986.0,11.0,18.0,Historical Observations,1988.0,2.0,26.0,53.43,-168.13
290360,Chikurachki,18854,Confirmed Eruption,,4.0,1986.0,11.0,18.0,Historical Observations,1986.0,12.0,7.0,50.324,155.461
284010,Izu-Oshima,18242,Confirmed Eruption,"Mihara-yama, N part and NW of caldera",3.0,1986.0,11.0,15.0,Historical Observations,1986.0,12.0,18.0,34.724,139.394
257040,Ambrym,15286,Confirmed Eruption,New cone 3 km east of Marum,2.0,1986.0,11.0,13.0,Historical Observations,1986.0,11.0,19.0,-16.25,168.12
211060,Etna,13817,Confirmed Eruption,Valle del Bove (3050-2180 m),2.0,1986.0,10.0,30.0,Historical Observations,1987.0,3.0,1.0,37.748,14.999
284070,Myojinsho,18329,Uncertain Eruption,Myojinsho,0.0,1986.0,10.0,24.0,,1986.0,10.0,24.0,31.888,139.918
290260,Chirinkotan,18829,Confirmed Eruption,,1.0,1986.0,10.0,11.0,Historical Observations,1986.0,10.0,12.0,48.98,153.48
263250,Merapi,15917,Confirmed Eruption,,2.0,1986.0,10.0,10.0,Historical Observations,1990.0,8.0,16.0,-7.54,110.446
332000,Loihi,20731,Uncertain Eruption,,0.0,1986.0,9.0,20.0,,1986.0,9.0,20.0,18.92,-155.27
355100,Lascar,11864,Confirmed Eruption,Western crater of east summit cone,3.0,1986.0,9.0,14.0,Historical Observations,1986.0,9.0,16.0,-23.37,-67.73
290240,Sarychev Peak,18817,Confirmed Eruption,,1.0,1986.0,9.0,1.0,Historical Observations,,,,48.092,153.2
224030,Oku Volcanic Field,14138,Uncertain Eruption,Lake Nyos,,1986.0,8.0,21.0,,1986.0,12.0,30.0,6.25,10.5
331030,Cleft Segment,20719,Confirmed Eruption,"N Cleft Segment, S Juan de Fuca Ridge",0.0,1986.0,8.0,16.0,Historical Observations,,,,44.83,-130.3
263200,Dieng Volcanic Complex,15788,Confirmed Eruption,Sileri Crater,1.0,1986.0,8.0,6.0,Historical Observations,1986.0,8.0,6.0,-7.2,109.879
261160,Talang,15493,Uncertain Eruption,NE flank (Panjang Crater),1.0,1986.0,7.0,16.0,,1986.0,10.0,13.0,-0.979,100.681
223020,Nyamuragira,14073,Confirmed Eruption,South flank (near Kitazungurwa),2.0,1986.0,7.0,16.0,Historical Observations,1986.0,8.0,20.0,-1.408,29.2
255060,Kavachi,15172,Confirmed Eruption,,1.0,1986.0,7.0,5.0,Historical Observations,1986.0,7.0,23.0,-8.991,157.979
261120,Sorikmarapi,15414,Confirmed Eruption,,1.0,1986.0,7.0,5.0,Historical Observations,1986.0,7.0,14.0,0.686,99.539
261030,Peuet Sague,15375,Confirmed Eruption,,2.0,1986.0,7.0,2.0,Historical Observations,,,,4.903,96.289
331020,CoAxial Segment,20711,Confirmed Eruption,"CoAxial segment, Juan de Fuca Ridge",0.0,1986.0,7.0,2.0,Historical Observations,,,,46.52,-129.58
284096,Nishinoshima,18365,Uncertain Eruption,,0.0,1986.0,7.0,2.0,,1990.0,7.0,2.0,27.247,140.874
284100,Kaitoku Seamount,18376,Uncertain Eruption,,0.0,1986.0,6.0,18.0,,1986.0,6.0,18.0,26.127,141.102
242050,Monowai,14710,Confirmed Eruption,,0.0,1986.0,6.0,16.0,Hydrophonic,1986.0,6.0,16.0,-25.887,-177.188
241130,Rumble III,14675,Confirmed Eruption,,0.0,1986.0,6.0,15.0,Hydrophonic,1986.0,8.0,5.0,-35.745,178.478
300260,Klyuchevskoy,19467,Confirmed Eruption,,2.0,1986.0,6.0,8.0,Historical Observations,1986.0,7.0,11.0,56.056,160.642
272020,Kanlaon,16738,Confirmed Eruption,,2.0,1986.0,6.0,3.0,Historical Observations,1986.0,8.0,18.0,10.412,123.132
264220,Iliboleng,16324,Confirmed Eruption,,1.0,1986.0,5.0,28.0,Historical Observations,1986.0,11.0,24.0,-8.342,123.258
290390,Alaid,18890,Confirmed Eruption,,2.0,1986.0,5.0,25.0,Historical Observations,1986.0,5.0,28.0,50.861,155.565
311161,Korovin,19759,Uncertain Eruption,,1.0,1986.0,5.0,23.0,,,,,52.381,-174.166
333060,Macdonald,10322,Confirmed Eruption,,0.0,1986.0,5.0,16.0,Hydrophonic,1986.0,8.0,2.0,-28.98,-140.25
311240,Cleveland,19810,Confirmed Eruption,,2.0,1986.0,4.0,28.0,Historical Observations,1986.0,5.0,27.0,52.825,-169.944
311310,Makushin,19989,Discredited Eruption,,,1986.0,4.0,28.0,,,,,53.891,-166.923
312030,Pavlof,20149,Confirmed Eruption,"NNE & SE summit vents, NE & SE flanks",3.0,1986.0,4.0,16.0,Historical Observations,1988.0,8.0,13.0,55.417,-161.894
284130,Fukutoku-Oka-no-Ba,17601,Uncertain Eruption,,0.0,1986.0,4.0,7.0,,1987.0,6.0,26.0,24.285,141.481
300270,Sheveluch,19583,Confirmed Eruption,,3.0,1986.0,3.0,28.0,Historical Observations,1988.0,2.0,28.0,56.653,161.36
313010,Augustine,20262,Confirmed Eruption,,4.0,1986.0,3.0,27.0,Historical Observations,1986.0,8.0,31.0,59.363,-153.43
300250,Bezymianny,19363,Confirmed Eruption,,2.0,1986.0,3.0,26.0,Historical Observations,1986.0,6.0,29.0,55.972,160.595
266100,Lokon-Empung,16457,Confirmed Eruption,Tompaluan,2.0,1986.0,3.0,22.0,Historical Observations,1987.0,5.0,13.0,1.358,124.792
311360,Shishaldin,20090,Confirmed Eruption,,2.0,1986.0,3.0,19.0,Historical Observations,1987.0,2.0,15.0,54.756,-163.97
311320,Akutan,20030,Confirmed Eruption,,2.0,1986.0,3.0,18.0,Historical Observations,1986.0,6.0,30.0,54.134,-165.986
211060,Etna,13816,Confirmed Eruption,SE Crater,2.0,1986.0,3.0,16.0,Historical Observations,1986.0,10.0,31.0,37.748,14.999
341130,Tacana,10621,Confirmed Eruption,NE flank (ca. 3600 m),1.0,1986.0,2.0,16.0,Historical Observations,1986.0,6.0,16.0,15.132,-92.109
241100,Ruapehu,14654,Confirmed Eruption,,1.0,1986.0,2.0,8.0,Historical Observations,1986.0,2.0,9.0,-39.28,175.57
241040,Whakaari/White Island,14490,Confirmed Eruption,Congress and numerous other craters,3.0,1986.0,2.0,1.0,Historical Observations,1994.0,7.0,28.0,-37.52,177.18
357010,Tupungatito,11898,Confirmed Eruption,NW craters,1.0,1986.0,1.0,20.0,Historical Observations,1986.0,1.0,20.0,-33.425,-69.797
284130,Fukutoku-Oka-no-Ba,17600,Confirmed Eruption,,2.0,1986.0,1.0,18.0,Historical Observations,1986.0,3.0,28.0,24.285,141.481
211060,Etna,13815,Confirmed Eruption,SE Crater and SE flank (2750-2420 m),1.0,1985.0,12.0,19.0,Historical Observations,1985.0,12.0,31.0,37.748,14.999
311240,Cleveland,19809,Uncertain Eruption,,1.0,1985.0,12.0,10.0,,,,,52.825,-169.944
255060,Kavachi,15171,Confirmed Eruption,,1.0,1985.0,12.0,9.0,Historical Observations,1986.0,2.0,28.0,-8.991,157.979
284096,Nishinoshima,18364,Uncertain Eruption,,0.0,1985.0,12.0,2.0,,1985.0,12.0,2.0,27.247,140.874
344120,Concepcion,11070,Confirmed Eruption,,1.0,1985.0,12.0,2.0,Historical Observations,1986.0,4.0,20.0,11.538,-85.622
355020,Guallatiri,11822,Uncertain Eruption,,,1985.0,12.0,1.0,,,,,-18.42,-69.092
252120,Ulawun,15058,Confirmed Eruption,,3.0,1985.0,11.0,17.0,Historical Observations,1985.0,11.0,22.0,-5.05,151.33
343100,San Miguel,10863,Confirmed Eruption,,1.0,1985.0,11.0,16.0,Historical Observations,1986.0,2.0,16.0,13.434,-88.269
241100,Ruapehu,14653,Confirmed Eruption,,1.0,1985.0,11.0,15.0,Historical Observations,1985.0,11.0,15.0,-39.28,175.57
263090,Tangkuban Parahu,15684,Uncertain Eruption,Kawah Baru,1.0,1985.0,11.0,15.0,,1985.0,11.0,15.0,-6.77,107.6
272020,Kanlaon,16737,Confirmed Eruption,,1.0,1985.0,10.0,5.0,Historical Observations,1985.0,12.0,7.0,10.412,123.132
282030,Suwanosejima,16939,Confirmed Eruption,O-take,2.0,1985.0,9.0,16.0,Historical Observations,1987.0,6.0,16.0,29.638,129.714
345020,Rincon de la Vieja,11101,Confirmed Eruption,,1.0,1985.0,9.0,16.0,Historical Observations,1986.0,4.0,16.0,10.83,-85.324
351020,"Ruiz, Nevado del",11290,Confirmed Eruption,Arenas Crater,3.0,1985.0,9.0,11.0,Historical Observations,1991.0,7.0,13.0,4.892,-75.324
344020,San Cristobal,10884,Uncertain Eruption,,,1985.0,9.0,2.0,,,,,12.702,-87.004
284142,Supply Reef,18476,Uncertain Eruption,25 km? NW of Supply Reef,0.0,1985.0,9.0,2.0,,,,,20.13,145.1
263340,Raung,16147,Confirmed Eruption,,2.0,1985.0,8.0,23.0,Historical Observations,1986.0,2.0,28.0,-8.119,114.056
300260,Klyuchevskoy,19466,Confirmed Eruption,Summit and NW flank (3100 m),3.0,1985.0,8.0,16.0,Historical Observations,1986.0,1.0,21.0,56.056,160.642
264050,Sangeang Api,16251,Confirmed Eruption,Doro Api,3.0,1985.0,7.0,30.0,Historical Observations,1988.0,2.0,16.0,-8.2,119.07
341040,Colima,10470,Confirmed Eruption,,1.0,1985.0,7.0,2.0,Historical Observations,1986.0,1.0,5.0,19.514,-103.62
354010,"Misti, El",11774,Confirmed Eruption,,1.0,1985.0,7.0,2.0,Historical Observations,,,,-16.294,-71.409
390028,Hudson Mountains,19976,Uncertain Eruption,Webber Nunatak,,1985.0,7.0,2.0,,,,,-74.33,-99.42
285050,Tokachidake,18659,Confirmed Eruption,East wall of 1962 crater,1.0,1985.0,6.0,19.0,Historical Observations,1985.0,6.0,22.0,43.418,142.686
233020,"Fournaise, Piton de la",14372,Confirmed Eruption,"Dolomieu and flanks, SE rift zone",1.0,1985.0,6.0,14.0,Historical Observations,1988.0,12.0,29.0,-21.244,55.708
300250,Bezymianny,19362,Confirmed Eruption,,3.0,1985.0,6.0,12.0,Historical Observations,1985.0,12.0,14.0,55.972,160.595
300270,Sheveluch,19582,Confirmed Eruption,,2.0,1985.0,5.0,26.0,Historical Observations,1985.0,10.0,25.0,56.653,161.36
241100,Ruapehu,14652,Confirmed Eruption,,1.0,1985.0,5.0,21.0,Historical Observations,1985.0,6.0,9.0,-39.28,175.57
266030,Soputan,16430,Confirmed Eruption,,2.0,1985.0,5.0,19.0,Historical Observations,1985.0,5.0,20.0,1.112,124.737
352020,Guagua Pichincha,11492,Confirmed Eruption,1981 crater,1.0,1985.0,5.0,16.0,Historical Observations,1985.0,6.0,16.0,-0.171,-78.598
300130,Karymsky,19185,Discredited Eruption,,,1985.0,5.0,3.0,,,,,54.049,159.443
243110,Niuafo'ou,14798,Confirmed Eruption,NE part of caldera lake (Vai Lahi),0.0,1985.0,3.0,21.0,Historical Observations,1985.0,3.0,22.0,-15.6,-175.63
272020,Kanlaon,16736,Confirmed Eruption,,1.0,1985.0,3.0,13.0,Historical Observations,1985.0,3.0,14.0,10.412,123.132
211060,Etna,13814,Confirmed Eruption,"SE Crater, south flank (2620-2480 m)",1.0,1985.0,3.0,8.0,Historical Observations,1985.0,7.0,13.0,37.748,14.999
264150,Paluweh,16272,Confirmed Eruption,Rokatenda (west side of lava dome),1.0,1985.0,2.0,3.0,Historical Observations,1985.0,2.0,3.0,-8.32,121.708
234010,Heard,14405,Confirmed Eruption,Mawson Peak,2.0,1985.0,1.0,14.0,Historical Observations,1987.0,1.0,16.0,-53.106,73.513
333010,Teahitia,10302,Confirmed Eruption,,0.0,1985.0,1.0,10.0,Hydrophonic,1985.0,1.0,25.0,-17.564,-148.821
376010,Jan Mayen,12972,Confirmed Eruption,"Beerenberg (NE flank, 0-200 m)",0.0,1985.0,1.0,6.0,Historical Observations,1985.0,1.0,9.0,71.082,-8.155
252120,Ulawun,15057,Confirmed Eruption,,1.0,1984.0,12.0,30.0,Historical Observations,1985.0,1.0,27.0,-5.05,151.33
284100,Kaitoku Seamount,18375,Uncertain Eruption,,0.0,1984.0,12.0,23.0,,1984.0,12.0,23.0,26.127,141.102
351020,"Ruiz, Nevado del",11289,Confirmed Eruption,Arenas Crater,1.0,1984.0,12.0,22.0,Historical Observations,1985.0,3.0,19.0,4.892,-75.324
344120,Concepcion,11069,Confirmed Eruption,,2.0,1984.0,12.0,16.0,Historical Observations,1985.0,1.0,2.0,11.538,-85.622
355100,Lascar,11863,Confirmed Eruption,Western crater of east summit cone,0.0,1984.0,12.0,16.0,Historical Observations,1985.0,7.0,16.0,-23.37,-67.73
312070,Veniaminof,20168,Confirmed Eruption,Western intracaldera cone,2.0,1984.0,11.0,29.0,Historical Observations,1984.0,12.0,6.0,56.17,-159.38
261140,Marapi,15474,Confirmed Eruption,"Kepundan Tuo, Kepundan B",1.0,1984.0,11.0,15.0,Historical Observations,1984.0,11.0,15.0,-0.38,100.474
332000,Loihi,20730,Uncertain Eruption,,0.0,1984.0,11.0,11.0,,1985.0,1.0,21.0,18.92,-155.27
241100,Ruapehu,14651,Confirmed Eruption,,1.0,1984.0,10.0,25.0,Historical Observations,1984.0,12.0,16.0,-39.28,175.57
282030,Suwanosejima,16938,Confirmed Eruption,O-take,2.0,1984.0,10.0,16.0,Historical Observations,1984.0,10.0,16.0,29.638,129.714
273030,Mayon,16806,Confirmed Eruption,,3.0,1984.0,9.0,9.0,Historical Observations,1984.0,10.0,6.0,13.257,123.685
373080,Krafla,12953,Confirmed Eruption,Leirhnjúkur to 8.5 km north,0.0,1984.0,9.0,4.0,Historical Observations,1984.0,9.0,18.0,65.715,-16.728
252120,Ulawun,15056,Confirmed Eruption,,1.0,1984.0,8.0,23.0,Historical Observations,1984.0,9.0,11.0,-5.05,151.33
373010,Grimsvotn,12839,Uncertain Eruption,,0.0,1984.0,8.0,20.0,,,,,64.416,-17.316
357120,Villarrica,12169,Confirmed Eruption,,2.0,1984.0,8.0,11.0,Historical Observations,1985.0,11.0,18.0,-39.42,-71.93
300070,Gorely,19025,Confirmed Eruption,,2.0,1984.0,8.0,4.0,Historical Observations,1986.0,9.0,21.0,52.559,158.03
211060,Etna,13813,Confirmed Eruption,NE Crater,3.0,1984.0,7.0,20.0,Historical Observations,1986.0,9.0,24.0,37.748,14.999
311240,Cleveland,19808,Confirmed Eruption,,1.0,1984.0,7.0,12.0,Historical Observations,1984.0,7.0,12.0,52.825,-169.944
257040,Ambrym,15285,Confirmed Eruption,,2.0,1984.0,7.0,2.0,Historical Observations,1986.0,3.0,8.0,-16.25,168.12
266100,Lokon-Empung,16456,Uncertain Eruption,Tompaluan,1.0,1984.0,6.0,5.0,,1984.0,11.0,16.0,1.358,124.792
256010,Tinakula,15202,Confirmed Eruption,Upper NW flank,2.0,1984.0,6.0,3.0,Historical Observations,1985.0,6.0,13.0,-10.386,165.804
266030,Soputan,16429,Confirmed Eruption,,3.0,1984.0,5.0,24.0,Historical Observations,1984.0,8.0,31.0,1.112,124.737
263310,Tengger Caldera,16059,Confirmed Eruption,Bromo,1.0,1984.0,5.0,12.0,Historical Observations,1984.0,5.0,31.0,-7.942,112.95
264150,Paluweh,16271,Confirmed Eruption,Rokatenda (west side of lava dome),2.0,1984.0,5.0,9.0,Historical Observations,1984.0,5.0,21.0,-8.32,121.708
285070,Akan,18700,Confirmed Eruption,Me-Akan (Ponmachineshiri),1.0,1984.0,5.0,1.0,Historical Observations,1984.0,5.0,1.0,43.384,144.013
211060,Etna,13812,Confirmed Eruption,SE Crater,1.0,1984.0,4.0,28.0,Historical Observations,1984.0,10.0,18.0,37.748,14.999
357110,Llaima,12066,Confirmed Eruption,,2.0,1984.0,4.0,20.0,Historical Observations,1984.0,11.0,26.0,-38.692,-71.729
282110,Asosan,17343,Confirmed Eruption,Naka-dake,1.0,1984.0,4.0,13.0,Historical Observations,1985.0,6.0,24.0,32.884,131.104
241100,Ruapehu,14650,Confirmed Eruption,,1.0,1984.0,4.0,2.0,Historical Observations,,,,-39.28,175.57
345020,Rincon de la Vieja,11100,Confirmed Eruption,,2.0,1984.0,3.0,31.0,Historical Observations,1984.0,4.0,16.0,10.83,-85.324
353010,Fernandina,11672,Confirmed Eruption,NW corner of caldera,1.0,1984.0,3.0,30.0,Historical Observations,,,,-0.37,-91.55
332020,Mauna Loa,10226,Confirmed Eruption,"Mokuaweoweo, SW and NE rift zones",0.0,1984.0,3.0,25.0,Historical Observations,1984.0,4.0,15.0,19.475,-155.608
300270,Sheveluch,19581,Confirmed Eruption,,2.0,1984.0,3.0,17.0,Historical Observations,1984.0,9.0,6.0,56.653,161.36
300260,Klyuchevskoy,19465,Confirmed Eruption,,3.0,1984.0,3.0,10.0,Historical Observations,1985.0,1.0,28.0,56.056,160.642
284100,Kaitoku Seamount,18374,Confirmed Eruption,Higashi-Kaitokuba,0.0,1984.0,3.0,8.0,Historical Observations,1984.0,3.0,26.0,26.127,141.102
243080,Home Reef,14770,Confirmed Eruption,,3.0,1984.0,3.0,1.0,Historical Observations,1984.0,3.0,5.0,-18.992,-174.775
223020,Nyamuragira,14071,Confirmed Eruption,NW flank (Kivandimwe),2.0,1984.0,2.0,23.0,Historical Observations,1984.0,3.0,14.0,-1.408,29.2
300250,Bezymianny,19361,Confirmed Eruption,,3.0,1984.0,2.0,5.0,Historical Observations,1984.0,12.0,16.0,55.972,160.595
263140,Galunggung,15722,Confirmed Eruption,,1.0,1984.0,1.0,9.0,Historical Observations,1984.0,1.0,31.0,-7.25,108.058
241040,Whakaari/White Island,14489,Confirmed Eruption,North margin of 1978 crater complex,2.0,1983.0,12.0,26.0,Historical Observations,1984.0,2.0,12.0,-37.52,177.18
263310,Tengger Caldera,16058,Confirmed Eruption,Bromo,1.0,1983.0,12.0,21.0,Historical Observations,1983.0,12.0,21.0,-7.942,112.95
333010,Teahitia,10301,Confirmed Eruption,,0.0,1983.0,12.0,18.0,Hydrophonic,1984.0,7.0,14.0,-17.564,-148.821
233020,"Fournaise, Piton de la",14371,Confirmed Eruption,SSW flank of Dolomieu (2110-2300 m),2.0,1983.0,12.0,4.0,Historical Observations,1984.0,2.0,18.0,-21.244,55.708
312030,Pavlof,20148,Confirmed Eruption,Upper NNE flank,3.0,1983.0,11.0,11.0,Historical Observations,1983.0,12.0,18.0,55.417,-161.894
252120,Ulawun,15055,Confirmed Eruption,,1.0,1983.0,11.0,6.0,Historical Observations,1984.0,3.0,13.0,-5.05,151.33
333060,Macdonald,10321,Confirmed Eruption,,0.0,1983.0,10.0,27.0,Hydrophonic,1984.0,1.0,3.0,-28.98,-140.25
357120,Villarrica,12168,Confirmed Eruption,,1.0,1983.0,10.0,14.0,Historical Observations,1983.0,10.0,16.0,-39.42,-71.93
284040,Miyakejima,18272,Confirmed Eruption,SW flank (4.5 km long NE-SW fissure),3.0,1983.0,10.0,3.0,Historical Observations,1983.0,10.0,4.0,34.094,139.526
263090,Tangkuban Parahu,15683,Confirmed Eruption,Kawah Ratu,1.0,1983.0,9.0,14.0,Historical Observations,,,,-6.77,107.6
264250,Iliwerung,16348,Confirmed Eruption,Hobal (submarine vent on SE flank),1.0,1983.0,8.0,17.0,Historical Observations,1983.0,8.0,18.0,-8.53,123.57
268060,Gamalama,16668,Confirmed Eruption,,3.0,1983.0,8.0,9.0,Historical Observations,1983.0,8.0,12.0,0.8,127.33
283120,Kusatsu-Shiranesan,17844,Confirmed Eruption,"Yu-gama, Kara-gama",1.0,1983.0,7.0,26.0,Historical Observations,1983.0,12.0,21.0,36.618,138.528
266010,Colo,16423,Confirmed Eruption,Gunung Colo,4.0,1983.0,7.0,18.0,Historical Observations,1983.0,12.0,16.0,-0.162,121.601
282110,Asosan,17342,Confirmed Eruption,Naka-dake,1.0,1983.0,7.0,16.0,Historical Observations,1983.0,10.0,16.0,32.884,131.104
284110,Kita-Ioto,18383,Uncertain Eruption,Funka-Asane,0.0,1983.0,7.0,16.0,,1983.0,7.0,16.0,25.424,141.284
333010,Teahitia,10300,Confirmed Eruption,,0.0,1983.0,7.0,12.0,Hydrophonic,1983.0,7.0,26.0,-17.564,-148.821
312030,Pavlof,20147,Confirmed Eruption,,2.0,1983.0,7.0,11.0,Historical Observations,1983.0,7.0,18.0,55.417,-161.894
311290,Okmok,19849,Confirmed Eruption,SW part of caldera (Cone A),2.0,1983.0,7.0,8.0,Historical Observations,1983.0,7.0,8.0,53.43,-168.13
284096,Nishinoshima,18363,Uncertain Eruption,,0.0,1983.0,7.0,2.0,,1984.0,7.0,2.0,27.247,140.874
261140,Marapi,15472,Confirmed Eruption,Kepundan Tuo and Kepundan Verbeek,1.0,1983.0,7.0,2.0,Historical Observations,,,,-0.38,100.474
257040,Ambrym,15284,Confirmed Eruption,Marum,2.0,1983.0,7.0,2.0,Historical Observations,,,,-16.25,168.12
273010,Bulusan,16767,Confirmed Eruption,,2.0,1983.0,6.0,25.0,Historical Observations,1983.0,6.0,29.0,12.769,124.056
312070,Veniaminof,20167,Confirmed Eruption,Western intracaldera cone,3.0,1983.0,6.0,2.0,Historical Observations,1984.0,4.0,17.0,56.17,-159.38
373010,Grimsvotn,12838,Confirmed Eruption,Near south caldera wall,2.0,1983.0,5.0,28.0,Historical Observations,1983.0,6.0,2.0,64.416,-17.316
267020,Karangetang,16533,Confirmed Eruption,Summit and SW flank (1443 m),3.0,1983.0,5.0,16.0,Historical Observations,1988.0,12.0,31.0,2.781,125.407
284070,Myojinsho,18328,Uncertain Eruption,Myojinsho,0.0,1983.0,5.0,12.0,,,,,31.888,139.918
264220,Iliboleng,16323,Confirmed Eruption,,2.0,1983.0,5.0,11.0,Historical Observations,1984.0,4.0,13.0,-8.342,123.258
263310,Tengger Caldera,16057,Uncertain Eruption,Bromo,1.0,1983.0,4.0,15.0,,1983.0,6.0,28.0,-7.942,112.95
283090,Niigata-Yakeyama,17547,Confirmed Eruption,,1.0,1983.0,4.0,14.0,Historical Observations,1983.0,4.0,15.0,36.921,138.036
283110,Asamayama,17807,Confirmed Eruption,,2.0,1983.0,4.0,8.0,Historical Observations,1983.0,4.0,8.0,36.406,138.523
211060,Etna,13811,Confirmed Eruption,South flank (2680-2250 m),1.0,1983.0,3.0,28.0,Historical Observations,1983.0,8.0,6.0,37.748,14.999
344120,Concepcion,11068,Confirmed Eruption,,2.0,1983.0,3.0,16.0,Historical Observations,1983.0,3.0,25.0,11.538,-85.622
333060,Macdonald,10320,Confirmed Eruption,,0.0,1983.0,3.0,14.0,Hydrophonic,1983.0,5.0,21.0,-28.98,-140.25
258020,Hunter Island,15368,Discredited Eruption,,,1983.0,3.0,9.0,,,,,-22.4,172.05
341040,Colima,10461,Uncertain Eruption,,1.0,1983.0,2.0,11.0,,1983.0,2.0,15.0,19.514,-103.62
345020,Rincon de la Vieja,11099,Confirmed Eruption,,1.0,1983.0,2.0,6.0,Historical Observations,1983.0,2.0,21.0,10.83,-85.324
332010,Kilauea,10119,Confirmed Eruption,"East rift zone (Puu O'o), Halemaumau",3.0,1983.0,1.0,3.0,Historical Observations,2018.0,9.0,5.0,19.421,-155.287
222120,"Lengai, Ol Doinyo",14023,Confirmed Eruption,North Crater,2.0,1983.0,1.0,1.0,Historical Observations,1993.0,9.0,24.0,-2.764,35.914
261140,Marapi,15471,Confirmed Eruption,,1.0,1982.0,12.0,16.0,Historical Observations,1982.0,12.0,16.0,-0.38,100.474
284133,Fukujin,18441,Uncertain Eruption,,0.0,1982.0,12.0,15.0,,,,,21.93,143.47
284120,Ioto,18417,Confirmed Eruption,West side (Asodai),1.0,1982.0,11.0,28.0,Historical Observations,1982.0,12.0,16.0,24.751,141.289
290150,Chirpoi,18785,Confirmed Eruption,Snow,2.0,1982.0,11.0,22.0,Historical Observations,,,,46.532,150.871
264220,Iliboleng,16322,Confirmed Eruption,,2.0,1982.0,11.0,17.0,Historical Observations,1982.0,11.0,17.0,-8.342,123.258
283120,Kusatsu-Shiranesan,17843,Confirmed Eruption,"Kara-gama, Yu-gama",1.0,1982.0,10.0,26.0,Historical Observations,1982.0,12.0,29.0,36.618,138.528
257050,Lopevi,15315,Confirmed Eruption,,2.0,1982.0,10.0,24.0,Historical Observations,1982.0,10.0,25.0,-16.507,168.346
224010,Cameroon,14132,Confirmed Eruption,SW flank (2500 m),2.0,1982.0,10.0,16.0,Historical Observations,1982.0,11.0,12.0,4.203,9.17
300260,Klyuchevskoy,19464,Confirmed Eruption,Summit and east flank (2875 m),2.0,1982.0,10.0,7.0,Historical Observations,1983.0,6.0,27.0,56.056,160.642
311320,Akutan,20029,Confirmed Eruption,,2.0,1982.0,10.0,5.0,Historical Observations,1983.0,5.0,16.0,54.134,-165.986
283110,Asamayama,17806,Confirmed Eruption,,1.0,1982.0,10.0,2.0,Historical Observations,1982.0,10.0,2.0,36.406,138.523
332010,Kilauea,10118,Confirmed Eruption,Kilauea Caldera (SSE of Halemaumau),0.0,1982.0,9.0,25.0,Historical Observations,1982.0,9.0,26.0,19.421,-155.287
353020,Wolf,11690,Confirmed Eruption,Caldera and SE flank (875 m),1.0,1982.0,8.0,28.0,Historical Observations,1982.0,9.0,6.0,0.02,-91.35
266030,Soputan,16428,Confirmed Eruption,,3.0,1982.0,8.0,26.0,Historical Observations,1982.0,11.0,10.0,1.112,124.737
284070,Myojinsho,18327,Uncertain Eruption,Myojinsho,0.0,1982.0,8.0,10.0,,,,,31.888,139.918
263340,Raung,16146,Confirmed Eruption,,3.0,1982.0,7.0,18.0,Historical Observations,1982.0,7.0,20.0,-8.119,114.056
312030,Pavlof,20146,Uncertain Eruption,,1.0,1982.0,7.0,15.0,,,,,55.417,-161.894
331030,Cleft Segment,20718,Confirmed Eruption,"N Cleft Segment, S Juan de Fuca Ridge",0.0,1982.0,7.0,2.0,Historical Observations,,,,44.83,-130.3
267020,Karangetang,16532,Confirmed Eruption,,1.0,1982.0,7.0,2.0,Historical Observations,,,,2.781,125.407
241040,Whakaari/White Island,14488,Discredited Eruption,,,1982.0,7.0,1.0,,,,,-37.52,177.18
223030,Nyiragongo,14104,Confirmed Eruption,,1.0,1982.0,6.0,21.0,Historical Observations,1982.0,10.0,17.0,-1.52,29.25
284110,Kita-Ioto,18382,Uncertain Eruption,Funka-Asane,0.0,1982.0,6.0,16.0,,1982.0,6.0,16.0,25.424,141.284
242050,Monowai,14709,Confirmed Eruption,,0.0,1982.0,5.0,16.0,Hydrophonic,1982.0,5.0,16.0,-25.887,-177.188
332010,Kilauea,10117,Confirmed Eruption,Kilauea Caldera (NE of Halemaumau),0.0,1982.0,4.0,30.0,Historical Observations,1982.0,5.0,1.0,19.421,-155.287
283110,Asamayama,17805,Confirmed Eruption,,2.0,1982.0,4.0,26.0,Historical Observations,1982.0,4.0,26.0,36.406,138.523
257020,Gaua,15230,Confirmed Eruption,Mt. Garat,2.0,1982.0,4.0,18.0,Historical Observations,1982.0,4.0,18.0,-14.27,167.5
284096,Nishinoshima,18362,Uncertain Eruption,,0.0,1982.0,4.0,16.0,,1982.0,4.0,16.0,27.247,140.874
255060,Kavachi,15170,Confirmed Eruption,,2.0,1982.0,4.0,7.0,Historical Observations,1982.0,6.0,2.0,-8.991,157.979
284210,Esmeralda Bank,18544,Uncertain Eruption,,0.0,1982.0,4.0,6.0,,,,,15.0,145.25
263140,Galunggung,15721,Confirmed Eruption,New crater at Gunung Jadi location,4.0,1982.0,4.0,5.0,Historical Observations,1983.0,1.0,8.0,-7.25,108.058
290390,Alaid,18889,Confirmed Eruption,,2.0,1982.0,3.0,29.0,Historical Observations,1982.0,3.0,29.0,50.861,155.565
341120,"Chichon, El",10610,Confirmed Eruption,,5.0,1982.0,3.0,28.0,Historical Observations,1982.0,9.0,11.0,17.36,-93.228
300260,Klyuchevskoy,19463,Confirmed Eruption,,1.0,1982.0,3.0,24.0,Historical Observations,1982.0,5.0,2.0,56.056,160.642
333010,Teahitia,10299,Confirmed Eruption,,0.0,1982.0,3.0,16.0,Hydrophonic,1982.0,5.0,19.0,-17.564,-148.821
261140,Marapi,15470,Confirmed Eruption,,1.0,1982.0,3.0,10.0,Historical Observations,1982.0,5.0,16.0,-0.38,100.474
284120,Ioto,18416,Confirmed Eruption,NW side (Idogahama beach),1.0,1982.0,3.0,9.0,Historical Observations,1982.0,3.0,10.0,24.751,141.289
333060,Macdonald,10319,Confirmed Eruption,,0.0,1982.0,3.0,1.0,Hydrophonic,1982.0,6.0,6.0,-28.98,-140.25
290030,Chachadake [Tiatia],18744,Uncertain Eruption,,1.0,1982.0,2.0,10.0,,1982.0,2.0,14.0,44.353,146.252
311070,Gareloi,19686,Confirmed Eruption,,3.0,1982.0,1.0,15.0,Historical Observations,1982.0,1.0,15.0,51.79,-178.794
344120,Concepcion,11067,Confirmed Eruption,,2.0,1982.0,1.0,15.0,Historical Observations,1982.0,2.0,14.0,11.538,-85.622
284133,Fukujin,18440,Uncertain Eruption,,0.0,1982.0,1.0,12.0,,1982.0,3.0,16.0,21.93,143.47
223020,Nyamuragira,14070,Confirmed Eruption,SE flank (Rugarambiro),3.0,1981.0,12.0,25.0,Historical Observations,1982.0,1.0,14.0,-1.408,29.2
300260,Klyuchevskoy,19462,Uncertain Eruption,,,1981.0,12.0,21.0,,,,,56.056,160.642
211060,Etna,13810,Confirmed Eruption,NE Crater,2.0,1981.0,11.0,26.0,Historical Observations,1981.0,11.0,26.0,37.748,14.999
290390,Alaid,18888,Confirmed Eruption,,2.0,1981.0,11.0,25.0,Historical Observations,,,,50.861,155.565
344040,Telica,10931,Confirmed Eruption,,2.0,1981.0,11.0,25.0,Historical Observations,1982.0,3.0,2.0,12.606,-86.84
373080,Krafla,12952,Confirmed Eruption,Leirhnjúkur to 9 km north,0.0,1981.0,11.0,18.0,Historical Observations,1981.0,11.0,23.0,65.715,-16.728
241100,Ruapehu,14649,Confirmed Eruption,,1.0,1981.0,10.0,25.0,Historical Observations,1982.0,4.0,12.0,-39.28,175.57
312030,Pavlof,20145,Confirmed Eruption,Upper NNE flank (100 m below summit),3.0,1981.0,9.0,25.0,Historical Observations,1981.0,9.0,27.0,55.417,-161.894
311360,Shishaldin,20089,Uncertain Eruption,,,1981.0,9.0,25.0,,,,,54.756,-163.97
255060,Kavachi,15169,Uncertain Eruption,,0.0,1981.0,9.0,15.0,,,,,-8.991,157.979
352020,Guagua Pichincha,11491,Confirmed Eruption,NE side of 1660 lava dome,1.0,1981.0,8.0,31.0,Historical Observations,1982.0,11.0,16.0,-0.171,-78.598
353010,Fernandina,11671,Confirmed Eruption,South caldera rim,0.0,1981.0,8.0,1.0,Historical Observations,,,,-0.37,-91.55
257020,Gaua,15229,Confirmed Eruption,Mt. Garat,1.0,1981.0,7.0,9.0,Historical Observations,1981.0,7.0,9.0,-14.27,167.5
263200,Dieng Volcanic Complex,15787,Confirmed Eruption,Sikidang,1.0,1981.0,7.0,2.0,Historical Observations,,,,-7.2,109.879
282110,Asosan,17341,Confirmed Eruption,Naka-dake,1.0,1981.0,6.0,15.0,Historical Observations,1981.0,6.0,15.0,32.884,131.104
300250,Bezymianny,19360,Confirmed Eruption,,3.0,1981.0,6.0,12.0,Historical Observations,1983.0,5.0,22.0,55.972,160.595
290030,Chachadake [Tiatia],18743,Confirmed Eruption,,2.0,1981.0,6.0,10.0,Historical Observations,1981.0,6.0,25.0,44.353,146.252
241050,Okataina,14526,Confirmed Eruption,Waimangu (Raupo Pond crater),1.0,1981.0,5.0,16.0,Historical Observations,1981.0,5.0,16.0,-38.12,176.5
284170,Pagan,18515,Confirmed Eruption,North Pagan (summit and north flank),4.0,1981.0,5.0,15.0,Historical Observations,1985.0,5.0,1.0,18.13,145.8
290390,Alaid,18887,Confirmed Eruption,,4.0,1981.0,4.0,27.0,Historical Observations,1981.0,6.0,5.0,50.861,155.565
262000,Krakatau,15615,Confirmed Eruption,Anak Krakatau,1.0,1981.0,4.0,24.0,Historical Observations,1981.0,10.0,20.0,-6.102,105.423
273010,Bulusan,16766,Confirmed Eruption,,3.0,1981.0,4.0,9.0,Historical Observations,1981.0,4.0,27.0,12.769,124.056
372070,Hekla,12752,Confirmed Eruption,Summit and north flank (900 and 740 m),2.0,1981.0,4.0,9.0,Historical Observations,1981.0,4.0,16.0,63.983,-19.666
312030,Pavlof,20144,Confirmed Eruption,,1.0,1981.0,3.0,30.0,Historical Observations,1981.0,5.0,28.0,55.417,-161.894
311290,Okmok,19848,Confirmed Eruption,SW part of caldera (Cone A),3.0,1981.0,3.0,24.0,Historical Observations,1981.0,3.0,24.0,53.43,-168.13
211060,Etna,13809,Confirmed Eruption,NNW flank (2550-1140 m),2.0,1981.0,3.0,17.0,Historical Observations,1981.0,3.0,23.0,37.748,14.999
345040,Poas,11182,Confirmed Eruption,,1.0,1981.0,3.0,16.0,Historical Observations,1981.0,5.0,16.0,10.2,-84.233
333040,Mehetia,10307,Uncertain Eruption,SE of Mehetia (-1700 m?),0.0,1981.0,3.0,5.0,,1981.0,12.0,16.0,-17.874,-148.068
268040,Gamkonora,16593,Confirmed Eruption,,1.0,1981.0,3.0,4.0,Historical Observations,1981.0,7.0,25.0,1.38,127.53
285040,Shikotsu,18633,Confirmed Eruption,Tarumai,1.0,1981.0,2.0,27.0,Historical Observations,1981.0,2.0,27.0,42.688,141.38
257040,Ambrym,15283,Confirmed Eruption,"Benbow, Marum",2.0,1981.0,2.0,20.0,Historical Observations,1981.0,9.0,30.0,-16.25,168.12
344040,Telica,10930,Confirmed Eruption,,1.0,1981.0,2.0,16.0,Historical Observations,,,,12.606,-86.84
233020,"Fournaise, Piton de la",14370,Confirmed Eruption,"Bory, SW, N & NE of Dolomieu",2.0,1981.0,2.0,3.0,Historical Observations,1981.0,5.0,5.0,-21.244,55.708
373080,Krafla,12951,Confirmed Eruption,6-8 km N of Leirhnjúkur,0.0,1981.0,1.0,30.0,Historical Observations,1981.0,2.0,4.0,65.715,-16.728
211060,Etna,13808,Confirmed Eruption,NE Crater,2.0,1981.0,1.0,26.0,Historical Observations,1981.0,3.0,5.0,37.748,14.999
300260,Klyuchevskoy,19461,Confirmed Eruption,,1.0,1981.0,1.0,25.0,Historical Observations,1981.0,8.0,4.0,56.056,160.642
284133,Fukujin,18439,Uncertain Eruption,,0.0,1981.0,1.0,7.0,,1981.0,1.0,8.0,21.93,143.47
345040,Poas,11181,Confirmed Eruption,,1.0,1980.0,12.0,26.0,Historical Observations,1980.0,12.0,26.0,10.2,-84.233
284070,Myojinsho,18326,Uncertain Eruption,Myojinsho,0.0,1980.0,11.0,15.0,,1980.0,12.0,23.0,31.888,139.918
333060,Macdonald,10318,Confirmed Eruption,,0.0,1980.0,11.0,10.0,Hydrophonic,1981.0,2.0,15.0,-28.98,-140.25
312030,Pavlof,20143,Confirmed Eruption,Upper NNE flank,3.0,1980.0,11.0,8.0,Historical Observations,1980.0,11.0,13.0,55.417,-161.894
264150,Paluweh,16270,Confirmed Eruption,Rokatenda,2.0,1980.0,11.0,5.0,Historical Observations,1981.0,9.0,16.0,-8.32,121.708
241100,Ruapehu,14648,Confirmed Eruption,,1.0,1980.0,10.0,18.0,Historical Observations,1980.0,11.0,3.0,-39.28,175.57
357091,Callaqui,11997,Confirmed Eruption,,1.0,1980.0,10.0,16.0,Historical Observations,1980.0,10.0,16.0,-37.92,-71.45
255060,Kavachi,15168,Confirmed Eruption,,1.0,1980.0,10.0,7.0,Historical Observations,1981.0,2.0,25.0,-8.991,157.979
252120,Ulawun,15054,Confirmed Eruption,,3.0,1980.0,10.0,6.0,Historical Observations,1980.0,10.0,7.0,-5.05,151.33
282050,Kuchinoerabujima,16979,Confirmed Eruption,NNE-SSW fissure on E side of Shindake,2.0,1980.0,9.0,28.0,Historical Observations,1980.0,9.0,28.0,30.443,130.217
282110,Asosan,17340,Confirmed Eruption,Naka-dake,1.0,1980.0,9.0,24.0,Historical Observations,1980.0,9.0,24.0,32.884,131.104
234070,Marion Island,14413,Confirmed Eruption,E-W fissure from summit to W coast,1.0,1980.0,9.0,16.0,Historical Observations,,,,-46.9,37.75
345040,Poas,11180,Confirmed Eruption,,1.0,1980.0,9.0,12.0,Historical Observations,1980.0,9.0,12.0,10.2,-84.233
268060,Gamalama,16667,Confirmed Eruption,,2.0,1980.0,9.0,4.0,Historical Observations,1980.0,9.0,23.0,0.8,127.33
300270,Sheveluch,19580,Confirmed Eruption,Center of 1964 crater,1.0,1980.0,8.0,23.0,Historical Observations,1981.0,12.0,1.0,56.653,161.36
300250,Bezymianny,19356,Confirmed Eruption,,2.0,1980.0,8.0,21.0,Historical Observations,1980.0,8.0,27.0,55.972,160.595
257070,Kuwae,15350,Uncertain Eruption,Karua,0.0,1980.0,8.0,20.0,,,,,-16.829,168.536
372070,Hekla,12751,Confirmed Eruption,"Summit, SW and NE flanks",3.0,1980.0,8.0,17.0,Historical Observations,1980.0,8.0,20.0,63.983,-19.666
272020,Kanlaon,16735,Confirmed Eruption,,2.0,1980.0,8.0,8.0,Historical Observations,,,,10.412,123.132
311070,Gareloi,19685,Confirmed Eruption,,3.0,1980.0,8.0,7.0,Historical Observations,1980.0,9.0,17.0,51.79,-178.794
211060,Etna,13807,Confirmed Eruption,NE Crater,3.0,1980.0,7.0,8.0,Historical Observations,1980.0,9.0,26.0,37.748,14.999
284096,Nishinoshima,18361,Uncertain Eruption,"South, east, and west sides",0.0,1980.0,7.0,7.0,,1981.0,7.0,2.0,27.247,140.874
312030,Pavlof,20142,Confirmed Eruption,,1.0,1980.0,7.0,6.0,Historical Observations,,,,55.417,-161.894
311320,Akutan,20028,Confirmed Eruption,,2.0,1980.0,7.0,3.0,Historical Observations,1980.0,7.0,8.0,54.134,-165.986
257020,Gaua,15228,Confirmed Eruption,Mt. Garat,1.0,1980.0,7.0,2.0,Historical Observations,,,,-14.27,167.5
357120,Villarrica,12167,Confirmed Eruption,,2.0,1980.0,6.0,20.0,Historical Observations,1980.0,9.0,24.0,-39.42,-71.93
390050,Seal Nunataks Group,13200,Uncertain Eruption,"Dallman, Murdoch",,1980.0,6.0,15.0,,,,,-65.03,-60.05
300070,Gorely,19024,Confirmed Eruption,,3.0,1980.0,6.0,15.0,Historical Observations,1981.0,7.0,3.0,52.559,158.03
263310,Tengger Caldera,16056,Confirmed Eruption,Bromo,2.0,1980.0,6.0,5.0,Historical Observations,1980.0,9.0,20.0,-7.942,112.95
290270,Ekarma,18832,Confirmed Eruption,,1.0,1980.0,5.0,24.0,Historical Observations,,,,48.958,153.93
257040,Ambrym,15282,Confirmed Eruption,Marum,3.0,1980.0,5.0,16.0,Historical Observations,1980.0,8.0,18.0,-16.25,168.12
311310,Makushin,19988,Confirmed Eruption,SE side of summit,1.0,1980.0,5.0,1.0,Historical Observations,,,,53.891,-166.923
300250,Bezymianny,19355,Confirmed Eruption,,3.0,1980.0,4.0,18.0,Historical Observations,1980.0,4.0,19.0,55.972,160.595
257050,Lopevi,15314,Confirmed Eruption,"Summit, NW and SE flanks",3.0,1980.0,4.0,15.0,Historical Observations,1980.0,8.0,20.0,-16.507,168.346
261140,Marapi,15469,Confirmed Eruption,,1.0,1980.0,3.0,29.0,Historical Observations,,,,-0.38,100.474
321050,St. Helens,20557,Confirmed Eruption,Summit and north flank,5.0,1980.0,3.0,27.0,Historical Observations,1986.0,10.0,28.0,46.2,-122.18
267020,Karangetang,16531,Confirmed Eruption,,1.0,1980.0,3.0,24.0,Historical Observations,1980.0,9.0,13.0,2.781,125.407
373080,Krafla,12950,Confirmed Eruption,Leirhnjúkur to 11 km north,0.0,1980.0,3.0,16.0,Historical Observations,1980.0,10.0,23.0,65.715,-16.728
262000,Krakatau,15614,Confirmed Eruption,Anak Krakatau,2.0,1980.0,3.0,15.0,Historical Observations,1980.0,12.0,16.0,-6.102,105.423
284120,Ioto,18415,Confirmed Eruption,Kitanohara,1.0,1980.0,3.0,13.0,Historical Observations,1980.0,3.0,13.0,24.751,141.289
332010,Kilauea,10116,Confirmed Eruption,East rift zone (near Mauna Ulu),0.0,1980.0,3.0,11.0,Historical Observations,1980.0,3.0,11.0,19.421,-155.287
333060,Macdonald,10317,Confirmed Eruption,,0.0,1980.0,2.0,12.0,Hydrophonic,1980.0,2.0,13.0,-28.98,-140.25
223020,Nyamuragira,14069,Confirmed Eruption,North flank (Gasenyi),3.0,1980.0,1.0,30.0,Historical Observations,1980.0,2.0,24.0,-1.408,29.2
242050,Monowai,14708,Confirmed Eruption,,0.0,1980.0,1.0,16.0,Hydrophonic,1980.0,1.0,16.0,-25.887,-177.188
241100,Ruapehu,14647,Confirmed Eruption,,1.0,1980.0,1.0,15.0,Historical Observations,1980.0,3.0,27.0,-39.28,175.57
357010,Tupungatito,20561,Confirmed Eruption,SW crater,2.0,1980.0,1.0,10.0,Historical Observations,1980.0,1.0,11.0,-33.425,-69.797
251030,Karkar,14949,Uncertain Eruption,,1.0,1980.0,1.0,7.0,,1980.0,1.0,17.0,-4.649,145.964
273010,Bulusan,16765,Confirmed Eruption,,3.0,1979.0,12.0,27.0,Historical Observations,1980.0,9.0,28.0,12.769,124.056
332010,Kilauea,10115,Confirmed Eruption,East rift zone (Pauahi Crater),0.0,1979.0,11.0,16.0,Historical Observations,1979.0,11.0,17.0,19.421,-155.287
284141,Ahyi,18470,Uncertain Eruption,,0.0,1979.0,11.0,15.0,,,,,20.42,145.03
353050,"Negra, Sierra",11712,Confirmed Eruption,Upper NW and NE flanks (Volcán Chico),3.0,1979.0,11.0,13.0,Historical Observations,1980.0,1.0,14.0,-0.83,-91.17
283040,Ontakesan,17457,Confirmed Eruption,200 m SW of Kengamine,2.0,1979.0,10.0,28.0,Historical Observations,1980.0,4.0,25.0,35.893,137.48
357110,Llaima,12065,Confirmed Eruption,,2.0,1979.0,10.0,15.0,Historical Observations,1979.0,11.0,28.0,-38.692,-71.729
333060,Macdonald,10316,Confirmed Eruption,,0.0,1979.0,9.0,30.0,Hydrophonic,1979.0,9.0,30.0,-28.98,-140.25
300250,Bezymianny,19354,Confirmed Eruption,,2.0,1979.0,9.0,18.0,Historical Observations,,,,55.972,160.595
257070,Kuwae,15349,Uncertain Eruption,Karua,0.0,1979.0,9.0,16.0,,,,,-16.829,168.536
345040,Poas,11179,Confirmed Eruption,,1.0,1979.0,9.0,8.0,Historical Observations,1980.0,1.0,16.0,10.2,-84.233
211060,Etna,13806,Confirmed Eruption,"SE Crater, SE, E and NE flanks",3.0,1979.0,7.0,16.0,Historical Observations,1980.0,9.0,1.0,37.748,14.999
262000,Krakatau,15613,Confirmed Eruption,Anak Krakatau,2.0,1979.0,7.0,15.0,Historical Observations,1979.0,11.0,16.0,-6.102,105.423
284070,Myojinsho,18325,Uncertain Eruption,Myojinsho,0.0,1979.0,7.0,13.0,,,,,31.888,139.918
284132,Nikko,18430,Uncertain Eruption,,0.0,1979.0,7.0,12.0,,,,,23.078,142.326
211060,Etna,13805,Confirmed Eruption,Central Crater,2.0,1979.0,7.0,3.0,Historical Observations,1992.0,12.0,16.0,37.748,14.999
257060,Epi,15095,Confirmed Eruption,South flank of Epi B,0.0,1979.0,7.0,2.0,Historical Observations,,,,-16.68,168.37
257050,Lopevi,15313,Confirmed Eruption,NW flank,2.0,1979.0,7.0,2.0,Historical Observations,1979.0,9.0,12.0,-16.507,168.346
261030,Peuet Sague,15392,Confirmed Eruption,,2.0,1979.0,7.0,2.0,Historical Observations,,,,4.903,96.289
241100,Ruapehu,14646,Confirmed Eruption,,1.0,1979.0,6.0,30.0,Historical Observations,1979.0,7.0,15.0,-39.28,175.57
257040,Ambrym,15281,Confirmed Eruption,"Benbow, Marum",2.0,1979.0,6.0,6.0,Historical Observations,1979.0,9.0,16.0,-16.25,168.12
282110,Asosan,17339,Confirmed Eruption,Naka-dake,2.0,1979.0,6.0,5.0,Historical Observations,1980.0,3.0,8.0,32.884,131.104
267020,Karangetang,16530,Confirmed Eruption,"NNW flank, 1300 m (Kawah Maralebule)",1.0,1979.0,5.0,31.0,Historical Observations,1979.0,5.0,31.0,2.781,125.407
233020,"Fournaise, Piton de la",14369,Confirmed Eruption,"SE, SW and N flanks, Dolomieu & Bory",1.0,1979.0,5.0,28.0,Historical Observations,1979.0,7.0,14.0,-21.244,55.708
243102,Curacoa,14776,Confirmed Eruption,13 km north of Tafahi,1.0,1979.0,5.0,14.0,Historical Observations,,,,-15.62,-173.67
243070,Lateiki,14765,Confirmed Eruption,,2.0,1979.0,5.0,10.0,Historical Observations,1979.0,7.0,21.0,-19.18,-174.87
284133,Fukujin,18438,Uncertain Eruption,,0.0,1979.0,4.0,26.0,,1980.0,5.0,12.0,21.93,143.47
290260,Chirinkotan,18828,Confirmed Eruption,,2.0,1979.0,4.0,16.0,Historical Observations,1980.0,10.0,10.0,48.98,153.48
357140,Carran-Los Venados,12189,Confirmed Eruption,Mirador,2.0,1979.0,4.0,14.0,Historical Observations,1979.0,5.0,20.0,-40.35,-72.07
360150,Soufriere St. Vincent,12455,Confirmed Eruption,,3.0,1979.0,4.0,13.0,Historical Observations,1979.0,10.0,26.0,13.33,-61.18
358059,Arenales,12300,Confirmed Eruption,,1.0,1979.0,3.0,8.0,Historical Observations,,,,-47.2,-73.48
358060,Lautaro,12322,Confirmed Eruption,,2.0,1979.0,3.0,8.0,Historical Observations,,,,-49.019,-73.504
263200,Dieng Volcanic Complex,15786,Confirmed Eruption,Sinila and Sigluduk,1.0,1979.0,2.0,20.0,Historical Observations,1979.0,2.0,20.0,-7.2,109.879
282090,Kirishimayama,17161,Confirmed Eruption,Shinmoe-dake,1.0,1979.0,2.0,16.0,Historical Observations,,,,31.934,130.862
242050,Monowai,14707,Confirmed Eruption,,1.0,1979.0,2.0,16.0,Hydrophonic,1979.0,4.0,19.0,-25.887,-177.188
311360,Shishaldin,20088,Confirmed Eruption,,2.0,1979.0,2.0,16.0,Historical Observations,,,,54.756,-163.97
300250,Bezymianny,19353,Confirmed Eruption,,3.0,1979.0,2.0,11.0,Historical Observations,,,,55.972,160.595
311340,Westdahl,20045,Uncertain Eruption,,3.0,1979.0,2.0,8.0,,1979.0,2.0,9.0,54.516,-164.65
353060,"Azul, Cerro",11728,Confirmed Eruption,East flank (300 m) and summit,2.0,1979.0,1.0,29.0,Historical Observations,1979.0,3.0,4.0,-0.92,-91.408
257040,Ambrym,15280,Confirmed Eruption,Benbow,2.0,1979.0,1.0,26.0,Historical Observations,1979.0,2.0,18.0,-16.25,168.12
251030,Karkar,14948,Confirmed Eruption,SE foot of Bagiai,2.0,1979.0,1.0,12.0,Historical Observations,1979.0,8.0,9.0,-4.649,145.964
285040,Shikotsu,18632,Confirmed Eruption,Tarumai (SE foot of summit dome),1.0,1978.0,12.0,12.0,Historical Observations,1979.0,5.0,11.0,42.688,141.38
284120,Ioto,18414,Confirmed Eruption,West side (Asodai),1.0,1978.0,12.0,11.0,Historical Observations,1978.0,12.0,11.0,24.751,141.289
257050,Lopevi,15312,Confirmed Eruption,Summit and NW flank,2.0,1978.0,11.0,22.0,Historical Observations,1979.0,3.0,16.0,-16.507,168.346
284096,Nishinoshima,18360,Uncertain Eruption,6.5 km NW of Nishino-shima,0.0,1978.0,11.0,16.0,,1979.0,7.0,2.0,27.247,140.874
313020,Iliamna,20288,Discredited Eruption,,,1978.0,11.0,7.0,,1978.0,11.0,7.0,60.032,-153.09
221126,Ardoukoba,13946,Confirmed Eruption,,1.0,1978.0,11.0,7.0,Historical Observations,1978.0,11.0,14.0,11.58,42.47
311320,Akutan,20027,Confirmed Eruption,,2.0,1978.0,9.0,25.0,Historical Observations,1978.0,10.0,16.0,54.134,-165.986
345040,Poas,11178,Confirmed Eruption,,1.0,1978.0,9.0,22.0,Historical Observations,1978.0,12.0,16.0,10.2,-84.233
300250,Bezymianny,19352,Confirmed Eruption,,2.0,1978.0,9.0,8.0,Historical Observations,,,,55.972,160.595
284133,Fukujin,18437,Uncertain Eruption,,0.0,1978.0,8.0,24.0,,1978.0,8.0,25.0,21.93,143.47
353010,Fernandina,11670,Confirmed Eruption,NW caldera bench,2.0,1978.0,8.0,8.0,Historical Observations,1978.0,8.0,26.0,-0.37,-91.55
273010,Bulusan,16764,Confirmed Eruption,,2.0,1978.0,7.0,29.0,Historical Observations,1978.0,8.0,14.0,12.769,124.056
290030,Chachadake [Tiatia],18742,Confirmed Eruption,,2.0,1978.0,7.0,20.0,Historical Observations,,,,44.353,146.252
262000,Krakatau,15612,Confirmed Eruption,Anak Krakatau,1.0,1978.0,7.0,10.0,Historical Observations,1978.0,11.0,16.0,-6.102,105.423
272020,Kanlaon,16734,Confirmed Eruption,,2.0,1978.0,6.0,27.0,Historical Observations,1978.0,9.0,2.0,10.412,123.132
255060,Kavachi,15167,Confirmed Eruption,,2.0,1978.0,6.0,21.0,Historical Observations,1978.0,7.0,22.0,-8.991,157.979
358060,Lautaro,12321,Confirmed Eruption,,1.0,1978.0,6.0,16.0,Historical Observations,,,,-49.019,-73.504
285040,Shikotsu,18631,Confirmed Eruption,Tarumai (SE foot of summit dome),1.0,1978.0,5.0,14.0,Historical Observations,1978.0,5.0,17.0,42.688,141.38
252120,Ulawun,15053,Confirmed Eruption,"Summit, lower east flank",3.0,1978.0,5.0,7.0,Historical Observations,1978.0,5.0,14.0,-5.05,151.33
211060,Etna,13804,Confirmed Eruption,"SE Crater, SE and ENE flanks (3050-1675 m)",2.0,1978.0,4.0,29.0,Historical Observations,1978.0,11.0,30.0,37.748,14.999
344120,Concepcion,11066,Confirmed Eruption,,2.0,1978.0,3.0,30.0,Historical Observations,1978.0,5.0,16.0,11.538,-85.622
273030,Mayon,16805,Confirmed Eruption,,2.0,1978.0,3.0,7.0,Historical Observations,1978.0,9.0,16.0,13.257,123.685
241050,Okataina,14525,Confirmed Eruption,"Waimangu (Raupo Pond, Inferno Crater)",1.0,1978.0,2.0,23.0,Historical Observations,1978.0,2.0,23.0,-38.12,176.5
267020,Karangetang,16529,Confirmed Eruption,,1.0,1978.0,2.0,22.0,Historical Observations,1978.0,12.0,18.0,2.781,125.407
242050,Monowai,14706,Confirmed Eruption,,0.0,1978.0,2.0,16.0,Hydrophonic,1978.0,7.0,16.0,-25.887,-177.188
311360,Shishaldin,20087,Confirmed Eruption,,2.0,1978.0,2.0,8.0,Historical Observations,1978.0,2.0,9.0,54.756,-163.97
311340,Westdahl,20044,Confirmed Eruption,South of Westdahl Peak (1450 m),3.0,1978.0,2.0,4.0,Historical Observations,1978.0,2.0,9.0,54.516,-164.65
284131,Minami-Hiyoshi,18427,Uncertain Eruption,,0.0,1978.0,1.0,26.0,,1978.0,3.0,24.0,23.5,141.935
263340,Raung,16145,Confirmed Eruption,,1.0,1978.0,1.0,16.0,Historical Observations,1979.0,12.0,16.0,-8.119,114.056
274020,Didicas,16878,Confirmed Eruption,NNE side,2.0,1978.0,1.0,6.0,Historical Observations,1978.0,1.0,9.0,19.077,122.202
345040,Poas,11177,Confirmed Eruption,,2.0,1977.0,12.0,18.0,Historical Observations,1978.0,6.0,15.0,10.2,-84.233
341040,Colima,10460,Confirmed Eruption,,1.0,1977.0,12.0,16.0,Historical Observations,1982.0,6.0,16.0,19.514,-103.62
333060,Macdonald,10315,Confirmed Eruption,,0.0,1977.0,12.0,10.0,Hydrophonic,1977.0,12.0,15.0,-28.98,-140.25
283180,Azumayama,17937,Confirmed Eruption,Issaikyo (Oana),1.0,1977.0,12.0,7.0,Historical Observations,1977.0,12.0,7.0,37.735,140.244
266110,Mahawu,16470,Confirmed Eruption,,0.0,1977.0,11.0,16.0,Historical Observations,,,,1.352,124.865
360160,Kick 'em Jenny,12465,Confirmed Eruption,,0.0,1977.0,11.0,11.0,Hydrophonic,,,,12.3,-61.64
233020,"Fournaise, Piton de la",14368,Confirmed Eruption,"ENE flank (2050-2200 m, 1850-1920 m)",1.0,1977.0,10.0,24.0,Historical Observations,1977.0,11.0,17.0,-21.244,55.708
242050,Monowai,14705,Confirmed Eruption,,0.0,1977.0,10.0,17.0,Historical Observations,1977.0,10.0,27.0,-25.887,-177.188
284080,Sumisujima,18339,Uncertain Eruption,,0.0,1977.0,10.0,16.0,,1977.0,10.0,16.0,31.44,140.051
344020,San Cristobal,10883,Confirmed Eruption,,2.0,1977.0,10.0,16.0,Historical Observations,1977.0,10.0,16.0,12.702,-87.004
284133,Fukujin,18436,Uncertain Eruption,,0.0,1977.0,10.0,14.0,,1978.0,3.0,24.0,21.93,143.47
273070,Taal,16860,Confirmed Eruption,SW flank (near Mt. Tabaro),2.0,1977.0,10.0,3.0,Historical Observations,1977.0,11.0,12.0,14.002,120.993
332010,Kilauea,10114,Confirmed Eruption,East rift zone (near Kalalua Crater),0.0,1977.0,9.0,13.0,Historical Observations,1977.0,10.0,1.0,19.421,-155.287
342090,Fuego,10730,Confirmed Eruption,,2.0,1977.0,9.0,11.0,Historical Observations,1979.0,8.0,8.0,14.473,-90.88
257040,Ambrym,15279,Confirmed Eruption,,2.0,1977.0,8.0,16.0,Historical Observations,1977.0,9.0,30.0,-16.25,168.12
285030,Toya,18601,Confirmed Eruption,Usu-Shinzan,3.0,1977.0,8.0,7.0,Historical Observations,1982.0,3.0,16.0,42.544,140.839
300260,Klyuchevskoy,19460,Confirmed Eruption,"Summit, NE flank (1700 m)",3.0,1977.0,8.0,2.0,Historical Observations,1980.0,3.0,12.0,56.056,160.642
255060,Kavachi,15166,Confirmed Eruption,,1.0,1977.0,7.0,17.0,Historical Observations,1977.0,7.0,22.0,-8.991,157.979
241100,Ruapehu,14645,Confirmed Eruption,,2.0,1977.0,7.0,16.0,Historical Observations,1979.0,1.0,17.0,-39.28,175.57
241080,Tongariro,14605,Confirmed Eruption,Ngauruhoe,1.0,1977.0,7.0,4.0,Historical Observations,1977.0,7.0,4.0,-39.157,175.632
263340,Raung,16144,Confirmed Eruption,,2.0,1977.0,6.0,9.0,Historical Observations,1977.0,6.0,30.0,-8.119,114.056
345040,Poas,11176,Confirmed Eruption,,1.0,1977.0,5.0,16.0,Historical Observations,1977.0,7.0,16.0,10.2,-84.233
373080,Krafla,12949,Confirmed Eruption,3 km north of Leirhnjúkur,1.0,1977.0,4.0,27.0,Historical Observations,1977.0,9.0,8.0,65.715,-16.728
242050,Monowai,14704,Confirmed Eruption,,0.0,1977.0,4.0,16.0,Hydrophonic,1977.0,4.0,16.0,-25.887,-177.188
257020,Gaua,15227,Confirmed Eruption,Mt. Garat,2.0,1977.0,4.0,13.0,Historical Observations,1977.0,4.0,13.0,-14.27,167.5
282110,Asosan,17338,Confirmed Eruption,Naka-dake,2.0,1977.0,4.0,11.0,Historical Observations,1978.0,8.0,16.0,32.884,131.104
233010,Karthala,14203,Confirmed Eruption,SW flank,1.0,1977.0,4.0,5.0,Historical Observations,1977.0,4.0,10.0,-11.75,43.38
344120,Concepcion,11065,Confirmed Eruption,,2.0,1977.0,4.0,4.0,Historical Observations,1977.0,5.0,3.0,11.538,-85.622
312131,Ukinrek Maars,20206,Confirmed Eruption,West and East Ukinrek Maars,3.0,1977.0,3.0,30.0,Historical Observations,1977.0,4.0,9.0,57.832,-156.51
300250,Bezymianny,19351,Confirmed Eruption,,3.0,1977.0,3.0,25.0,Historical Observations,,,,55.972,160.595
233020,"Fournaise, Piton de la",14367,Confirmed Eruption,"NE and SE of Dolomieu, NE rift zone",0.0,1977.0,3.0,24.0,Historical Observations,1977.0,4.0,16.0,-21.244,55.708
353010,Fernandina,11669,Confirmed Eruption,SE caldera bench,1.0,1977.0,3.0,23.0,Historical Observations,1977.0,3.0,27.0,-0.37,-91.55
351060,Purace,11339,Confirmed Eruption,,2.0,1977.0,3.0,19.0,Historical Observations,1977.0,3.0,28.0,2.32,-76.4
311180,Seguam,19780,Confirmed Eruption,Pyre Peak (2.5 km SE of summit),1.0,1977.0,3.0,6.0,Historical Observations,1977.0,3.0,8.0,52.315,-172.51
342090,Fuego,10729,Confirmed Eruption,,1.0,1977.0,3.0,3.0,Historical Observations,1977.0,4.0,19.0,14.473,-90.88
345060,Irazu,11231,Confirmed Eruption,,1.0,1977.0,3.0,3.0,Historical Observations,,,,9.979,-83.852
255060,Kavachi,15165,Confirmed Eruption,,1.0,1977.0,2.0,22.0,Historical Observations,,,,-8.991,157.979
257070,Kuwae,15348,Uncertain Eruption,Karua,0.0,1977.0,2.0,1.0,,,,,-16.829,168.536
357120,Villarrica,12166,Confirmed Eruption,,1.0,1977.0,1.0,26.0,Historical Observations,1977.0,1.0,30.0,-39.42,-71.93
257040,Ambrym,15278,Confirmed Eruption,,2.0,1977.0,1.0,20.0,Historical Observations,1977.0,1.0,28.0,-16.25,168.12
360160,Kick 'em Jenny,12464,Confirmed Eruption,,0.0,1977.0,1.0,14.0,Hydrophonic,1977.0,1.0,14.0,12.3,-61.64
223030,Nyiragongo,14101,Confirmed Eruption,"North, south, and west flanks",1.0,1977.0,1.0,10.0,Historical Observations,1977.0,1.0,10.0,-1.52,29.25
223020,Nyamuragira,14068,Confirmed Eruption,SSW flank (Murara and Harakandi),1.0,1976.0,12.0,23.0,Historical Observations,1977.0,6.0,15.0,-1.408,29.2
284131,Minami-Hiyoshi,18426,Uncertain Eruption,Hiyoshi-Okinoba (also 23.48 N 141.67 E),0.0,1976.0,12.0,20.0,,1977.0,3.0,28.0,23.5,141.935
241040,Whakaari/White Island,14487,Confirmed Eruption,"Christmas, Gibrus, and 1978 craters",3.0,1976.0,12.0,18.0,Historical Observations,1982.0,1.0,29.0,-37.52,177.18
343100,San Miguel,10862,Confirmed Eruption,,1.0,1976.0,12.0,2.0,Historical Observations,1977.0,3.0,1.0,13.434,-88.269
258010,Matthew Island,15362,Uncertain Eruption,,1.0,1976.0,11.0,27.0,,,,,-22.33,171.32
344040,Telica,10929,Confirmed Eruption,,1.0,1976.0,11.0,3.0,Historical Observations,1978.0,1.0,16.0,12.606,-86.84
233020,"Fournaise, Piton de la",14366,Confirmed Eruption,North of Dolomieu (2250-2330 m),1.0,1976.0,11.0,2.0,Historical Observations,1976.0,11.0,4.0,-21.244,55.708
311320,Akutan,20025,Confirmed Eruption,,2.0,1976.0,10.0,15.0,Historical Observations,1977.0,5.0,9.0,54.134,-165.986
290240,Sarychev Peak,18816,Confirmed Eruption,,2.0,1976.0,9.0,23.0,Historical Observations,1976.0,10.0,2.0,48.092,153.2
267020,Karangetang,16528,Confirmed Eruption,South flank (1100 m) and summit,2.0,1976.0,9.0,15.0,Historical Observations,1977.0,9.0,16.0,2.781,125.407
241100,Ruapehu,14644,Confirmed Eruption,,1.0,1976.0,9.0,12.0,Historical Observations,1976.0,11.0,22.0,-39.28,175.57
273070,Taal,16859,Confirmed Eruption,SW flank (near Mt. Tabaro),2.0,1976.0,9.0,3.0,Historical Observations,1976.0,10.0,17.0,14.002,120.993
344020,San Cristobal,10882,Confirmed Eruption,,1.0,1976.0,8.0,29.0,Historical Observations,1976.0,8.0,29.0,12.702,-87.004
255060,Kavachi,15164,Confirmed Eruption,,1.0,1976.0,8.0,24.0,Historical Observations,1976.0,10.0,13.0,-8.991,157.979
241080,Tongariro,14604,Confirmed Eruption,Ngauruhoe,1.0,1976.0,8.0,23.0,Historical Observations,1976.0,8.0,28.0,-39.157,175.632
284080,Sumisujima,18338,Uncertain Eruption,,0.0,1976.0,8.0,16.0,,1976.0,8.0,16.0,31.44,140.051
284133,Fukujin,18435,Uncertain Eruption,21.95 N 143.45 E,0.0,1976.0,8.0,2.0,,1977.0,4.0,21.0,21.93,143.47
284130,Fukutoku-Oka-no-Ba,17599,Uncertain Eruption,,0.0,1976.0,8.0,2.0,,1985.0,12.0,23.0,24.285,141.481
360060,Soufriere Guadeloupe,12368,Confirmed Eruption,SE side of summit (Gouffre Tarissan),2.0,1976.0,7.0,8.0,Historical Observations,1977.0,3.0,1.0,16.044,-61.664
311161,Korovin,19758,Uncertain Eruption,,,1976.0,7.0,2.0,,,,,52.381,-174.166
345040,Poas,11175,Confirmed Eruption,,2.0,1976.0,6.0,21.0,Historical Observations,1976.0,11.0,16.0,10.2,-84.233
263340,Raung,16143,Confirmed Eruption,,2.0,1976.0,6.0,7.0,Historical Observations,1976.0,11.0,21.0,-8.119,114.056
257050,Lopevi,15311,Confirmed Eruption,,1.0,1976.0,5.0,1.0,Historical Observations,1976.0,9.0,5.0,-16.507,168.346
282050,Kuchinoerabujima,16978,Confirmed Eruption,Shindake,2.0,1976.0,4.0,2.0,Historical Observations,1976.0,4.0,2.0,30.443,130.217
264010,Batur,16203,Uncertain Eruption,,1.0,1976.0,3.0,26.0,,1976.0,3.0,26.0,-8.242,115.375
300250,Bezymianny,19350,Confirmed Eruption,,2.0,1976.0,3.0,25.0,Historical Observations,,,,55.972,160.595
344020,San Cristobal,10881,Confirmed Eruption,,1.0,1976.0,3.0,9.0,Historical Observations,1976.0,3.0,16.0,12.702,-87.004
264250,Iliwerung,16347,Uncertain Eruption,Hobal (submarine vent on SE flank),0.0,1976.0,3.0,8.0,,,,,-8.53,123.57
241100,Ruapehu,14643,Confirmed Eruption,,1.0,1976.0,3.0,6.0,Historical Observations,1976.0,3.0,6.0,-39.28,175.57
283120,Kusatsu-Shiranesan,17842,Confirmed Eruption,NE corner of Mizu-gama Crater,1.0,1976.0,3.0,2.0,Historical Observations,1976.0,3.0,2.0,36.618,138.528
284131,Minami-Hiyoshi,18425,Uncertain Eruption,,0.0,1976.0,2.0,16.0,,,,,23.5,141.935
313010,Augustine,20272,Confirmed Eruption,,4.0,1976.0,1.0,22.0,Historical Observations,1977.0,5.0,14.0,59.363,-153.43
311360,Shishaldin,20086,Confirmed Eruption,,2.0,1976.0,1.0,16.0,Historical Observations,1976.0,9.0,28.0,54.756,-163.97
284120,Ioto,18413,Confirmed Eruption,West side (Asodai),1.0,1976.0,1.0,16.0,Historical Observations,,,,24.751,141.289
257020,Gaua,15226,Confirmed Eruption,Mt. Garat,2.0,1976.0,1.0,15.0,Historical Observations,,,,-14.27,167.5
352010,Reventador,11445,Confirmed Eruption,,2.0,1976.0,1.0,4.0,Historical Observations,1976.0,5.0,16.0,-0.077,-77.656
251050,Long Island,14964,Confirmed Eruption,Motmot,1.0,1976.0,1.0,2.0,Historical Observations,,,,-5.358,147.12
331021,Axial Seamount,20922,Confirmed Eruption,,0.0,1976.0,1.0,1.0,Historical Observations,1982.0,,,45.95,-130.0
373080,Krafla,12948,Confirmed Eruption,1.5-2.5 km north of Leirhnjúkur,0.0,1975.0,12.0,20.0,Historical Observations,1975.0,12.0,20.0,65.715,-16.728
341040,Colima,10469,Confirmed Eruption,,2.0,1975.0,12.0,11.0,Historical Observations,1976.0,6.0,20.0,19.514,-103.62
332010,Kilauea,10113,Confirmed Eruption,"Kilauea Caldera, Halemaumau",0.0,1975.0,11.0,29.0,Historical Observations,1975.0,11.0,29.0,19.421,-155.287
284134,Kasuga 1,18443,Uncertain Eruption,21.78 N 143.71 E,0.0,1975.0,11.0,16.0,,,,,21.765,143.71
266100,Lokon-Empung,16455,Confirmed Eruption,Tompaluan,2.0,1975.0,11.0,16.0,Historical Observations,1980.0,7.0,2.0,1.358,124.792
233020,"Fournaise, Piton de la",14365,Confirmed Eruption,Dolomieu and SE flank (1320-2350 m),1.0,1975.0,11.0,4.0,Historical Observations,1976.0,4.0,6.0,-21.244,55.708
241100,Ruapehu,14642,Confirmed Eruption,,1.0,1975.0,10.0,17.0,Historical Observations,1975.0,10.0,17.0,-39.28,175.57
282110,Asosan,17337,Confirmed Eruption,Naka-dake,1.0,1975.0,10.0,16.0,Historical Observations,1976.0,1.0,13.0,32.884,131.104
284090,Izu-Torishima,18371,Confirmed Eruption,9 km S of Torishima,2.0,1975.0,10.0,2.0,Historical Observations,,,,30.484,140.303
311240,Cleveland,19807,Uncertain Eruption,,,1975.0,9.0,16.0,,,,,52.825,-169.944
311360,Shishaldin,20085,Confirmed Eruption,,2.0,1975.0,9.0,13.0,Historical Observations,1975.0,10.0,26.0,54.756,-163.97
312030,Pavlof,20141,Confirmed Eruption,,2.0,1975.0,9.0,13.0,Historical Observations,1977.0,3.0,16.0,55.417,-161.894
284131,Minami-Hiyoshi,18424,Confirmed Eruption,23.50 N 141.92 E,0.0,1975.0,8.0,25.0,Historical Observations,,,,23.5,141.935
332000,Loihi,20729,Uncertain Eruption,,0.0,1975.0,8.0,24.0,,1975.0,11.0,16.0,18.92,-155.27
255060,Kavachi,15163,Confirmed Eruption,,1.0,1975.0,8.0,16.0,Historical Observations,,,,-8.991,157.979
284080,Sumisujima,18337,Uncertain Eruption,,0.0,1975.0,8.0,13.0,,1975.0,9.0,26.0,31.44,140.051
332020,Mauna Loa,10225,Confirmed Eruption,"Mokuaweoweo and NE and SW rift zones,",0.0,1975.0,7.0,5.0,Historical Observations,1975.0,7.0,6.0,19.475,-155.608
284096,Nishinoshima,18359,Uncertain Eruption,,0.0,1975.0,7.0,2.0,,1977.0,7.0,2.0,27.247,140.874
284091,Sofugan,18357,Uncertain Eruption,,0.0,1975.0,7.0,2.0,,,,,29.794,140.342
390070,Southern Thule,13201,Confirmed Eruption,South flank of Bellinghausen Island,1.0,1975.0,7.0,2.0,Historical Observations,,,,-59.442,-27.225
300240,Tolbachik,19323,Confirmed Eruption,South flank (18 & 28 km from summit),4.0,1975.0,6.0,28.0,Historical Observations,1976.0,12.0,10.0,55.832,160.326
342090,Fuego,10728,Confirmed Eruption,,1.0,1975.0,5.0,28.0,Historical Observations,1975.0,10.0,21.0,14.473,-90.88
344040,Telica,10928,Confirmed Eruption,,0.0,1975.0,5.0,16.0,Historical Observations,1976.0,3.0,16.0,12.606,-86.84
284210,Esmeralda Bank,18543,Uncertain Eruption,,0.0,1975.0,4.0,26.0,,1975.0,4.0,29.0,15.0,145.25
241100,Ruapehu,14641,Confirmed Eruption,,2.0,1975.0,4.0,24.0,Historical Observations,1975.0,4.0,27.0,-39.28,175.57
262000,Krakatau,15611,Confirmed Eruption,Anak Krakatau,2.0,1975.0,3.0,27.0,Historical Observations,1975.0,10.0,26.0,-6.102,105.423
263340,Raung,16142,Confirmed Eruption,,1.0,1975.0,3.0,16.0,Historical Observations,1975.0,5.0,16.0,-8.119,114.056
257050,Lopevi,15310,Confirmed Eruption,Summit and NW flank,2.0,1975.0,3.0,6.0,Historical Observations,1975.0,6.0,23.0,-16.507,168.346
211060,Etna,13803,Confirmed Eruption,North flank (2625 m),1.0,1975.0,2.0,24.0,Historical Observations,1975.0,8.0,29.0,37.748,14.999
241080,Tongariro,14603,Confirmed Eruption,Ngauruhoe,3.0,1975.0,2.0,12.0,Historical Observations,1975.0,2.0,23.0,-39.157,175.632
261140,Marapi,15468,Confirmed Eruption,"Verbeek Crater, B and C Craters",2.0,1975.0,1.0,16.0,Historical Observations,1979.0,9.0,11.0,-0.38,100.474
332010,Kilauea,10112,Confirmed Eruption,SW rift zone (1095 m),0.0,1974.0,12.0,31.0,Historical Observations,1974.0,12.0,31.0,19.421,-155.287
251030,Karkar,14947,Confirmed Eruption,Bagiai,2.0,1974.0,12.0,30.0,Historical Observations,1975.0,6.0,26.0,-4.649,145.964
284130,Fukutoku-Oka-no-Ba,17598,Confirmed Eruption,,2.0,1974.0,12.0,24.0,Historical Observations,1975.0,11.0,13.0,24.285,141.481
257060,Epi,15094,Uncertain Eruption,Epi A and Epi B,0.0,1974.0,11.0,16.0,,1974.0,11.0,16.0,-16.68,168.37
255060,Kavachi,15162,Confirmed Eruption,,1.0,1974.0,11.0,12.0,Historical Observations,1974.0,12.0,12.0,-8.991,157.979
251070,Ritter Island,14974,Confirmed Eruption,600-900 m W of Ritter Island,1.0,1974.0,10.0,17.0,Historical Observations,1974.0,10.0,17.0,-5.519,148.115
342090,Fuego,10727,Confirmed Eruption,,4.0,1974.0,10.0,10.0,Historical Observations,1974.0,12.0,4.0,14.473,-90.88
211060,Etna,13801,Confirmed Eruption,NE Crater,2.0,1974.0,9.0,29.0,Historical Observations,1978.0,3.0,29.0,37.748,14.999
332010,Kilauea,10111,Confirmed Eruption,Kilauea Caldera (Halemaumau and to SW),0.0,1974.0,9.0,19.0,Historical Observations,1974.0,9.0,19.0,19.421,-155.287
345040,Poas,11174,Confirmed Eruption,,2.0,1974.0,9.0,11.0,Historical Observations,1975.0,2.0,16.0,10.2,-84.233
241040,Whakaari/White Island,14486,Confirmed Eruption,"SE of Donald Mound,",2.0,1974.0,9.0,8.0,Historical Observations,,,,-37.52,177.18
360160,Kick 'em Jenny,12463,Confirmed Eruption,,0.0,1974.0,9.0,5.0,Historical Observations,1974.0,9.0,6.0,12.3,-61.64
312030,Pavlof,20140,Confirmed Eruption,,3.0,1974.0,9.0,1.0,Historical Observations,1975.0,1.0,13.0,55.417,-161.894
222120,"Lengai, Ol Doinyo",14022,Discredited Eruption,,,1974.0,8.0,16.0,,1974.0,9.0,16.0,-2.764,35.914
283090,Niigata-Yakeyama,17546,Confirmed Eruption,WNW and NNE side of lava dome,2.0,1974.0,7.0,28.0,Historical Observations,1974.0,7.0,28.0,36.921,138.036
222010,Central Island,13959,Uncertain Eruption,East side of Central Island,1.0,1974.0,7.0,22.0,,1974.0,7.0,27.0,3.496,36.04
332010,Kilauea,10110,Confirmed Eruption,"Kilauea Caldera, Keanakakoi",0.0,1974.0,7.0,19.0,Historical Observations,1974.0,7.0,22.0,19.421,-155.287
355100,Lascar,11862,Uncertain Eruption,,1.0,1974.0,7.0,16.0,,1974.0,9.0,16.0,-23.37,-67.73
312160,Trident,20236,Confirmed Eruption,SW flank,3.0,1974.0,7.0,15.0,Historical Observations,,,,58.236,-155.1
284080,Sumisujima,18336,Uncertain Eruption,,0.0,1974.0,7.0,6.0,,1974.0,7.0,6.0,31.44,140.051
290030,Chachadake [Tiatia],18741,Discredited Eruption,,,1974.0,7.0,2.0,,1975.0,7.0,2.0,44.353,146.252
351080,Galeras,11371,Confirmed Eruption,,1.0,1974.0,7.0,2.0,Historical Observations,1983.0,7.0,2.0,1.22,-77.37
263340,Raung,16141,Confirmed Eruption,,2.0,1974.0,6.0,15.0,Historical Observations,1974.0,7.0,17.0,-8.119,114.056
282050,Kuchinoerabujima,16977,Confirmed Eruption,Shindake,1.0,1974.0,6.0,3.0,Historical Observations,1974.0,6.0,3.0,30.443,130.217
263180,Slamet,15257,Uncertain Eruption,,2.0,1974.0,5.0,29.0,,1974.0,5.0,29.0,-7.242,109.208
300260,Klyuchevskoy,19459,Confirmed Eruption,Summit and SW flank (3400-3600 m),3.0,1974.0,4.0,8.0,Historical Observations,1974.0,12.0,16.0,56.056,160.642
312030,Pavlof,20139,Confirmed Eruption,,1.0,1974.0,3.0,12.0,Historical Observations,1974.0,3.0,24.0,55.417,-161.894
264010,Batur,16202,Confirmed Eruption,Batur III,2.0,1974.0,3.0,12.0,Historical Observations,1974.0,4.0,16.0,-8.242,115.375
251020,Manam,14927,Confirmed Eruption,"South Crater, Main Crater",3.0,1974.0,3.0,4.0,Historical Observations,1999.0,11.0,9.0,-4.08,145.037
345060,Irazu,11230,Discredited Eruption,,,1974.0,3.0,2.0,,1974.0,3.0,7.0,9.979,-83.852
283220,Chokaisan,18034,Confirmed Eruption,"E side of Shinzan, W of Kojin-yama",1.0,1974.0,3.0,1.0,Historical Observations,1974.0,4.0,30.0,39.099,140.049
284010,Izu-Oshima,18241,Confirmed Eruption,Mihara-yama,1.0,1974.0,2.0,28.0,Historical Observations,1974.0,6.0,20.0,34.724,139.394
261230,Dempo,15572,Confirmed Eruption,,2.0,1974.0,2.0,26.0,Historical Observations,1974.0,10.0,20.0,-4.016,103.121
311120,Great Sitkin,19739,Confirmed Eruption,,2.0,1974.0,2.0,19.0,Historical Observations,1974.0,9.0,16.0,52.076,-176.13
243100,Fonualei,14784,Uncertain Eruption,,1.0,1974.0,2.0,16.0,,,,,-18.023,-174.317
251030,Karkar,14946,Confirmed Eruption,Bagiai,2.0,1974.0,2.0,14.0,Historical Observations,1974.0,8.0,8.0,-4.649,145.964
311320,Akutan,20024,Confirmed Eruption,West flank ?,2.0,1974.0,2.0,11.0,Historical Observations,,,,54.134,-165.986
257070,Kuwae,15347,Confirmed Eruption,Karua,0.0,1974.0,2.0,4.0,Historical Observations,1974.0,9.0,16.0,-16.829,168.536
211060,Etna,13800,Confirmed Eruption,West flank (1670 m and 1650 m),2.0,1974.0,1.0,30.0,Historical Observations,1974.0,3.0,29.0,37.748,14.999
257050,Lopevi,15309,Confirmed Eruption,Summit and NW flank,2.0,1974.0,1.0,16.0,Historical Observations,1974.0,10.0,7.0,-16.507,168.346
284120,Ioto,18412,Uncertain Eruption,NW of Iwo-jima (Kaiseinishinoba),0.0,1974.0,1.0,16.0,,1974.0,2.0,2.0,24.751,141.289
344120,Concepcion,11064,Confirmed Eruption,,2.0,1973.0,12.0,24.0,Historical Observations,1974.0,1.0,12.0,11.538,-85.622
284130,Fukutoku-Oka-no-Ba,17597,Confirmed Eruption,3.8 km NNE of Minami-Iwo-jima,2.0,1973.0,12.0,18.0,Historical Observations,1974.0,2.0,16.0,24.285,141.481
353010,Fernandina,11668,Confirmed Eruption,ESE caldera wall,2.0,1973.0,12.0,9.0,Historical Observations,1973.0,12.0,16.0,-0.37,-91.55
264250,Iliwerung,16346,Confirmed Eruption,Hobal (submarine vent on SE flank),2.0,1973.0,12.0,5.0,Historical Observations,1974.0,8.0,22.0,-8.53,123.57
352010,Reventador,11444,Confirmed Eruption,,3.0,1973.0,11.0,16.0,Historical Observations,1974.0,7.0,16.0,-0.077,-77.656
312030,Pavlof,20138,Confirmed Eruption,Upper NE flank,2.0,1973.0,11.0,12.0,Historical Observations,1973.0,11.0,13.0,55.417,-161.894
332010,Kilauea,10109,Confirmed Eruption,"East rift zone, Pauahi",0.0,1973.0,11.0,10.0,Historical Observations,1973.0,12.0,9.0,19.421,-155.287
282050,Kuchinoerabujima,16976,Confirmed Eruption,Shindake,2.0,1973.0,11.0,5.0,Historical Observations,1973.0,11.0,19.0,30.443,130.217
241100,Ruapehu,14640,Confirmed Eruption,,1.0,1973.0,10.0,31.0,Historical Observations,1974.0,10.0,25.0,-39.28,175.57
264150,Paluweh,16269,Confirmed Eruption,,2.0,1973.0,10.0,27.0,Historical Observations,1973.0,10.0,28.0,-8.32,121.708
353020,Wolf,11689,Uncertain Eruption,,,1973.0,10.0,25.0,,1973.0,10.0,29.0,0.02,-91.35
300240,Tolbachik,19322,Uncertain Eruption,,1.0,1973.0,10.0,16.0,,1974.0,12.0,16.0,55.832,160.326
241130,Rumble III,14674,Confirmed Eruption,,0.0,1973.0,10.0,15.0,Hydrophonic,1973.0,10.0,17.0,-35.745,178.478
257020,Gaua,15225,Confirmed Eruption,Mt. Garat (upper SE flank),2.0,1973.0,10.0,9.0,Historical Observations,1974.0,1.0,21.0,-14.27,167.5
252120,Ulawun,15052,Confirmed Eruption,,2.0,1973.0,10.0,4.0,Historical Observations,1973.0,10.0,19.0,-5.05,151.33
284133,Fukujin,18434,Confirmed Eruption,21.93 N 143.46 E,1.0,1973.0,9.0,27.0,Historical Observations,1974.0,3.0,5.0,21.93,143.47
266100,Lokon-Empung,16454,Confirmed Eruption,Tompaluan,1.0,1973.0,9.0,15.0,Historical Observations,1974.0,12.0,16.0,1.358,124.792
311161,Korovin,19757,Confirmed Eruption,,0.0,1973.0,8.0,25.0,Historical Observations,,,,52.381,-174.166
263180,Slamet,13404,Confirmed Eruption,,1.0,1973.0,8.0,16.0,Historical Observations,,,,-7.242,109.208
290360,Chikurachki,18853,Confirmed Eruption,,2.0,1973.0,8.0,10.0,Historical Observations,1973.0,9.0,28.0,50.324,155.461
290120,Kolokol Group,18774,Confirmed Eruption,Berg (northern part of lava dome),1.0,1973.0,7.0,25.0,Historical Observations,1973.0,7.0,26.0,46.042,150.083
261140,Marapi,15467,Confirmed Eruption,Verbeek Crater,2.0,1973.0,7.0,24.0,Historical Observations,1973.0,7.0,24.0,-0.38,100.474
357070,"Chillan, Nevados de",11991,Confirmed Eruption,Volcán Arrau (SE flank of Volcán Nuevo),2.0,1973.0,7.0,16.0,Historical Observations,1986.0,7.0,2.0,-36.868,-71.378
290030,Chachadake [Tiatia],18740,Confirmed Eruption,NNW and SSE flanks,4.0,1973.0,7.0,14.0,Historical Observations,1973.0,7.0,28.0,44.353,146.252
243102,Curacoa,14775,Confirmed Eruption,6.4 km SW of Curacoa Reef,3.0,1973.0,7.0,11.0,Historical Observations,1973.0,7.0,16.0,-15.62,-173.67
244000,Vailulu'u,14801,Confirmed Eruption,,0.0,1973.0,7.0,10.0,Hydrophonic,1973.0,7.0,10.0,-14.215,-169.058
290390,Alaid,18886,Uncertain Eruption,,,1973.0,7.0,2.0,,,,,50.861,155.565
290070,Etorofu-Yakeyama [Grozny Group],18753,Confirmed Eruption,Ivan Grozny (N flank of cent. dome),2.0,1973.0,5.0,16.0,Historical Observations,1973.0,5.0,17.0,45.012,147.871
263340,Raung,16140,Confirmed Eruption,,1.0,1973.0,5.0,16.0,Historical Observations,1973.0,10.0,16.0,-8.119,114.056
351080,Galeras,11370,Uncertain Eruption,,2.0,1973.0,5.0,16.0,,,,,1.22,-77.37
233020,"Fournaise, Piton de la",14364,Confirmed Eruption,Dolomieu (SSW wall),2.0,1973.0,5.0,10.0,Historical Observations,1973.0,9.0,5.0,-21.244,55.708
257060,Epi,13366,Uncertain Eruption,,0.0,1973.0,5.0,5.0,,1973.0,10.0,26.0,-16.68,168.37
257070,Kuwae,15346,Uncertain Eruption,Karua,0.0,1973.0,5.0,5.0,,1973.0,10.0,16.0,-16.829,168.536
332010,Kilauea,10108,Confirmed Eruption,"East rift zone, Pauahi, Hiiaka",0.0,1973.0,5.0,5.0,Historical Observations,1973.0,5.0,5.0,19.421,-155.287
251050,Long Island,14963,Confirmed Eruption,Motmot,2.0,1973.0,4.0,16.0,Historical Observations,1974.0,2.0,28.0,-5.358,147.12
264220,Iliboleng,16321,Confirmed Eruption,,2.0,1973.0,4.0,16.0,Historical Observations,1974.0,4.0,16.0,-8.342,123.258
257040,Ambrym,15277,Confirmed Eruption,"Benbow, Mbuelesu, Marum",3.0,1973.0,4.0,15.0,Historical Observations,1976.0,10.0,14.0,-16.25,168.12
284096,Nishinoshima,18358,Confirmed Eruption,East of Nishino-shima,2.0,1973.0,4.0,12.0,Historical Observations,1974.0,5.0,5.0,27.247,140.874
264010,Batur,16201,Uncertain Eruption,,1.0,1973.0,3.0,30.0,Historical Observations,,,,-8.242,115.375
311320,Akutan,20023,Confirmed Eruption,,2.0,1973.0,3.0,16.0,Historical Observations,1973.0,5.0,16.0,54.134,-165.986
252010,Langila,14997,Confirmed Eruption,"Crater 3, Crater 2",3.0,1973.0,2.0,24.0,Historical Observations,2000.0,10.0,16.0,-5.525,148.42
342090,Fuego,10726,Confirmed Eruption,,2.0,1973.0,2.0,23.0,Historical Observations,1973.0,3.0,23.0,14.473,-90.88
241050,Okataina,14524,Confirmed Eruption,Waimangu (Echo Crater),1.0,1973.0,2.0,22.0,Historical Observations,1973.0,2.0,22.0,-38.12,176.5
283110,Asamayama,17804,Confirmed Eruption,,2.0,1973.0,2.0,1.0,Historical Observations,1973.0,5.0,24.0,36.406,138.523
341040,Colima,10468,Uncertain Eruption,,1.0,1973.0,1.0,30.0,,,,,19.514,-103.62
261230,Dempo,15571,Confirmed Eruption,,2.0,1973.0,1.0,24.0,Historical Observations,1973.0,1.0,25.0,-4.016,103.121
372010,Vestmannaeyjar,12558,Confirmed Eruption,Heimaey (Eldfell),3.0,1973.0,1.0,23.0,Historical Observations,1973.0,6.0,28.0,63.416,-20.266
282110,Asosan,17336,Confirmed Eruption,Naka-dake,2.0,1973.0,1.0,16.0,Historical Observations,1975.0,6.0,16.0,32.884,131.104
290070,Etorofu-Yakeyama [Grozny Group],18752,Confirmed Eruption,Ivan Grozny,1.0,1973.0,1.0,16.0,Historical Observations,1973.0,1.0,16.0,45.012,147.871
376010,Jan Mayen,12971,Confirmed Eruption,"Beerenberg (NE flank, Skrukkelia)",1.0,1973.0,1.0,15.0,Historical Observations,,,,71.082,-8.155
266030,Soputan,16427,Confirmed Eruption,,2.0,1973.0,1.0,6.0,Historical Observations,1973.0,5.0,27.0,1.112,124.737
390020,Erebus,13162,Confirmed Eruption,,2.0,1972.0,12.0,16.0,Historical Observations,2020.0,4.0,18.0,-77.53,167.17
241080,Tongariro,14602,Confirmed Eruption,Ngauruhoe,3.0,1972.0,11.0,22.0,Historical Observations,1974.0,8.0,19.0,-39.157,175.632
342080,Acatenango,10655,Confirmed Eruption,Pico Central-Yepocapa saddle,1.0,1972.0,11.0,12.0,Historical Observations,1972.0,12.0,16.0,14.501,-90.876
255060,Kavachi,15161,Confirmed Eruption,,0.0,1972.0,10.0,24.0,Historical Observations,,,,-8.991,157.979
241100,Ruapehu,14639,Confirmed Eruption,,1.0,1972.0,10.0,22.0,Historical Observations,1973.0,1.0,10.0,-39.28,175.57
264150,Paluweh,16268,Confirmed Eruption,Rokatenda,3.0,1972.0,10.0,22.0,Historical Observations,1973.0,1.0,16.0,-8.32,121.708
251070,Ritter Island,14973,Confirmed Eruption,West of Ritter Island,1.0,1972.0,10.0,9.0,Historical Observations,1972.0,10.0,9.0,-5.519,148.115
263250,Merapi,15916,Confirmed Eruption,,2.0,1972.0,10.0,6.0,Historical Observations,1985.0,3.0,16.0,-7.54,110.446
284130,Fukutoku-Oka-no-Ba,17596,Uncertain Eruption,,0.0,1972.0,10.0,1.0,,1972.0,10.0,1.0,24.285,141.481
390030,Deception Island,13196,Uncertain Eruption,,,1972.0,9.0,29.0,,1972.0,9.0,29.0,-63.001,-60.652
311320,Akutan,20022,Uncertain Eruption,,2.0,1972.0,9.0,16.0,,,,,54.134,-165.986
233010,Karthala,14202,Confirmed Eruption,North end of summit crater,1.0,1972.0,9.0,8.0,Historical Observations,1972.0,10.0,5.0,-11.75,43.38
282050,Kuchinoerabujima,16975,Confirmed Eruption,Shindake,2.0,1972.0,9.0,2.0,Historical Observations,1972.0,9.0,2.0,30.443,130.217
358020,Calbuco,12263,Confirmed Eruption,,2.0,1972.0,8.0,26.0,Historical Observations,1972.0,8.0,26.0,-41.33,-72.618
352010,Reventador,11443,Confirmed Eruption,,2.0,1972.0,7.0,16.0,Historical Observations,1972.0,9.0,16.0,-0.077,-77.656
360160,Kick 'em Jenny,12462,Confirmed Eruption,,0.0,1972.0,7.0,5.0,Hydrophonic,1972.0,7.0,5.0,12.3,-61.64
333020,Rocard,10304,Confirmed Eruption,,0.0,1972.0,7.0,4.0,Hydrophonic,1972.0,7.0,19.0,-17.662,-148.586
255020,Bagana,15138,Confirmed Eruption,,2.0,1972.0,7.0,2.0,Historical Observations,1995.0,7.0,2.0,-6.137,155.196
358060,Lautaro,12320,Confirmed Eruption,,1.0,1972.0,7.0,2.0,Historical Observations,,,,-49.019,-73.504
357070,"Chillan, Nevados de",11990,Uncertain Eruption,Volcán Nuevo,,1972.0,7.0,2.0,,,,,-36.868,-71.378
357080,Antuco,19913,Discredited Eruption,,,1972.0,7.0,2.0,,,,,-37.406,-71.349
355100,Lascar,11861,Uncertain Eruption,,2.0,1972.0,7.0,2.0,,,,,-23.37,-67.73
355090,Putana,11842,Uncertain Eruption,,,1972.0,7.0,2.0,,,,,-22.557,-67.853
334070,Galapagos Rift,10347,Confirmed Eruption,Galápagos Rift (Clambake vent area),0.0,1972.0,6.0,29.0,Historical Observations,,,,0.792,-86.15
290390,Alaid,18885,Confirmed Eruption,NW foot,3.0,1972.0,6.0,18.0,Historical Observations,1972.0,9.0,11.0,50.861,155.565
262000,Krakatau,15610,Confirmed Eruption,Anak Krakatau,2.0,1972.0,6.0,10.0,Historical Observations,1973.0,7.0,1.0,-6.102,105.423
233020,"Fournaise, Piton de la",14363,Confirmed Eruption,"South, ENE, north and SE of Dolomieu",2.0,1972.0,6.0,9.0,Historical Observations,1973.0,1.0,16.0,-21.244,55.708
353010,Fernandina,11667,Confirmed Eruption,SE caldera bench,0.0,1972.0,6.0,4.0,Historical Observations,,,,-0.37,-91.55
257060,Epi,13365,Uncertain Eruption,,0.0,1972.0,5.0,15.0,,1972.0,6.0,25.0,-16.68,168.37
290160,Unnamed,18786,Confirmed Eruption,,0.0,1972.0,4.0,29.0,Hydrophonic,1972.0,4.0,30.0,46.47,151.28
257040,Ambrym,15276,Confirmed Eruption,"Benbow, Marum",3.0,1972.0,4.0,15.0,Historical Observations,1972.0,8.0,15.0,-16.25,168.12
241080,Tongariro,14601,Confirmed Eruption,Ngauruhoe,2.0,1972.0,3.0,19.0,Historical Observations,1972.0,6.0,6.0,-39.157,175.632
300040,Zheltovsky,18920,Uncertain Eruption,,1.0,1972.0,3.0,16.0,,,,,51.577,157.328
373010,Grimsvotn,12837,Uncertain Eruption,,0.0,1972.0,3.0,16.0,,1972.0,4.0,16.0,64.416,-17.316
257070,Kuwae,15345,Uncertain Eruption,Karua,0.0,1972.0,3.0,5.0,,1972.0,5.0,15.0,-16.829,168.536
345040,Poas,11173,Confirmed Eruption,,2.0,1972.0,2.0,9.0,Historical Observations,1973.0,9.0,8.0,10.2,-84.233
263310,Tengger Caldera,16055,Confirmed Eruption,Bromo,2.0,1972.0,1.0,26.0,Historical Observations,1972.0,3.0,16.0,-7.942,112.95
264010,Batur,16200,Confirmed Eruption,Batur III,2.0,1972.0,1.0,19.0,Historical Observations,1972.0,3.0,16.0,-8.242,115.375
267020,Karangetang,16527,Confirmed Eruption,,3.0,1972.0,1.0,16.0,Historical Observations,1976.0,4.0,5.0,2.781,125.407
250030,Central Bismarck Sea,14860,Confirmed Eruption,,0.0,1972.0,1.0,8.0,Hydrophonic,1972.0,1.0,12.0,-3.03,147.78
390020,Erebus,13161,Confirmed Eruption,,1.0,1972.0,1.0,3.0,Historical Observations,,,,-77.53,167.17
357110,Llaima,12064,Confirmed Eruption,,2.0,1971.0,12.0,1.0,Historical Observations,1972.0,3.0,12.0,-38.692,-71.729
300260,Klyuchevskoy,19458,Confirmed Eruption,,1.0,1971.0,11.0,16.0,Historical Observations,1973.0,12.0,16.0,56.056,160.642
263210,Sundoro,15804,Confirmed Eruption,,2.0,1971.0,10.0,29.0,Historical Observations,1971.0,11.0,9.0,-7.3,109.992
357120,Villarrica,12165,Confirmed Eruption,"Summit, NE and SW flanks",2.0,1971.0,10.0,29.0,Historical Observations,1972.0,2.0,21.0,-39.42,-71.93
257060,Epi,15329,Uncertain Eruption,,0.0,1971.0,10.0,28.0,,1971.0,11.0,15.0,-16.68,168.37
383010,La Palma,13058,Confirmed Eruption,Teneguia,2.0,1971.0,10.0,26.0,Historical Observations,1971.0,11.0,18.0,28.57,-17.83
313010,Augustine,20271,Confirmed Eruption,,1.0,1971.0,10.0,7.0,Historical Observations,1971.0,10.0,8.0,59.363,-153.43
360150,Soufriere St. Vincent,12454,Confirmed Eruption,,0.0,1971.0,10.0,4.0,Historical Observations,1972.0,3.0,20.0,13.33,-61.18
332010,Kilauea,10107,Confirmed Eruption,Halemaumau and upper SW rift zone,0.0,1971.0,9.0,24.0,Historical Observations,1971.0,9.0,29.0,19.421,-155.287
211060,Etna,13799,Confirmed Eruption,Central Crater,2.0,1971.0,9.0,19.0,Historical Observations,1979.0,3.0,16.0,37.748,14.999
332000,Loihi,20728,Uncertain Eruption,,0.0,1971.0,9.0,17.0,,1972.0,9.0,16.0,18.92,-155.27
342090,Fuego,10725,Confirmed Eruption,,3.0,1971.0,9.0,14.0,Historical Observations,1971.0,9.0,15.0,14.473,-90.88
263340,Raung,16139,Confirmed Eruption,,1.0,1971.0,9.0,14.0,Historical Observations,1971.0,9.0,14.0,-8.119,114.056
256010,Tinakula,15201,Confirmed Eruption,Upper and lower NW flanks,2.0,1971.0,9.0,6.0,Historical Observations,1971.0,12.0,11.0,-10.386,165.804
333020,Rocard,10256,Confirmed Eruption,,0.0,1971.0,9.0,6.0,Hydrophonic,,,,-17.662,-148.586
332010,Kilauea,10106,Confirmed Eruption,Kilauea Caldera,0.0,1971.0,8.0,14.0,Historical Observations,1971.0,8.0,14.0,19.421,-155.287
358057,"Hudson, Cerro",12298,Confirmed Eruption,NW part of caldera,3.0,1971.0,8.0,12.0,Historical Observations,1971.0,9.0,18.0,-45.9,-72.97
282090,Kirishimayama,17160,Confirmed Eruption,"North foot, near Tearai hot springs",1.0,1971.0,8.0,5.0,Historical Observations,1971.0,8.0,5.0,31.934,130.862
241040,Whakaari/White Island,14485,Confirmed Eruption,South of Rudolf (1971 crater),2.0,1971.0,7.0,19.0,Historical Observations,1971.0,7.0,20.0,-37.52,177.18
312110,Chiginagak,20198,Confirmed Eruption,,2.0,1971.0,7.0,16.0,Historical Observations,1971.0,7.0,16.0,57.135,-156.99
290380,Ebeko,18873,Uncertain Eruption,Northern crater,1.0,1971.0,7.0,2.0,,,,,50.686,156.014
300260,Klyuchevskoy,19457,Confirmed Eruption,,1.0,1971.0,6.0,16.0,Historical Observations,1971.0,7.0,16.0,56.056,160.642
264110,Iya,16260,Uncertain Eruption,,1.0,1971.0,6.0,16.0,,1971.0,6.0,16.0,-8.891,121.641
261170,Kerinci,15520,Uncertain Eruption,,1.0,1971.0,6.0,16.0,,1971.0,6.0,16.0,-1.697,101.264
266030,Soputan,16426,Confirmed Eruption,,1.0,1971.0,5.0,19.0,Historical Observations,1971.0,5.0,19.0,1.112,124.737
257020,Gaua,15224,Confirmed Eruption,Mt. Garat (upper SE flank),2.0,1971.0,5.0,12.0,Historical Observations,1971.0,5.0,13.0,-14.27,167.5
266100,Lokon-Empung,16453,Confirmed Eruption,Tompaluan,2.0,1971.0,5.0,11.0,Historical Observations,1971.0,10.0,26.0,1.358,124.792
344020,San Cristobal,10880,Confirmed Eruption,,1.0,1971.0,5.0,3.0,Historical Observations,1971.0,7.0,5.0,12.702,-87.004
241040,Whakaari/White Island,14484,Confirmed Eruption,Noisy Nellie Crater,2.0,1971.0,4.0,9.0,Historical Observations,,,,-37.52,177.18
211060,Etna,13798,Confirmed Eruption,"SE flank (3050 m), E flank (2880-1800 m)",2.0,1971.0,4.0,5.0,Historical Observations,1971.0,6.0,12.0,37.748,14.999
284010,Izu-Oshima,18240,Confirmed Eruption,Mihara-yama,1.0,1971.0,4.0,5.0,Historical Observations,1971.0,4.0,5.0,34.724,139.394
241100,Ruapehu,14638,Confirmed Eruption,,2.0,1971.0,4.0,3.0,Historical Observations,1971.0,11.0,1.0,-39.28,175.57
223020,Nyamuragira,14067,Confirmed Eruption,WNW flank (Rugarama),3.0,1971.0,3.0,24.0,Historical Observations,1971.0,5.0,5.0,-1.408,29.2
284070,Myojinsho,18324,Uncertain Eruption,,0.0,1971.0,3.0,18.0,,,,,31.888,139.918
300250,Bezymianny,19349,Confirmed Eruption,,3.0,1971.0,3.0,16.0,Historical Observations,1974.0,12.0,16.0,55.972,160.595
264010,Batur,16199,Confirmed Eruption,,1.0,1971.0,3.0,11.0,Historical Observations,1971.0,8.0,25.0,-8.242,115.375
257070,Kuwae,15344,Confirmed Eruption,Karua,2.0,1971.0,2.0,22.0,Historical Observations,1971.0,2.0,22.0,-16.829,168.536
257040,Ambrym,15275,Confirmed Eruption,"Marum, Benbow",2.0,1971.0,2.0,3.0,Historical Observations,1971.0,11.0,5.0,-16.25,168.12
344070,"Negro, Cerro",10964,Confirmed Eruption,Summit and east flank,3.0,1971.0,2.0,3.0,Historical Observations,1971.0,2.0,14.0,12.506,-86.702
252010,Langila,14996,Confirmed Eruption,Crater 2,2.0,1971.0,1.0,26.0,Historical Observations,1972.0,7.0,5.0,-5.525,148.42
264180,Lewotobi,16296,Confirmed Eruption,Lewotobi Lakilaki,2.0,1971.0,1.0,16.0,Historical Observations,,,,-8.542,122.775
263250,Merapi,15915,Uncertain Eruption,,1.0,1971.0,1.0,16.0,,1971.0,7.0,26.0,-7.54,110.446
267020,Karangetang,16526,Confirmed Eruption,,2.0,1970.0,11.0,27.0,Historical Observations,1971.0,3.0,16.0,2.781,125.407
273070,Taal,16858,Confirmed Eruption,SW flank (near Mt. Tabaro),1.0,1970.0,11.0,9.0,Historical Observations,1970.0,11.0,13.0,14.002,120.993
283230,Akita-Komagatake,18053,Confirmed Eruption,Me-dake,2.0,1970.0,9.0,18.0,Historical Observations,1971.0,1.0,26.0,39.761,140.799
376010,Jan Mayen,12970,Confirmed Eruption,"Beerenberg (NE & SW flanks, summit)",3.0,1970.0,9.0,18.0,Historical Observations,1972.0,7.0,2.0,71.082,-8.155
300240,Tolbachik,19321,Confirmed Eruption,,2.0,1970.0,9.0,16.0,Historical Observations,1970.0,12.0,1.0,55.832,160.326
241100,Ruapehu,14637,Confirmed Eruption,,1.0,1970.0,9.0,16.0,Historical Observations,1970.0,9.0,17.0,-39.28,175.57
257070,Kuwae,15343,Uncertain Eruption,Karua,0.0,1970.0,9.0,12.0,,1970.0,9.0,20.0,-16.829,168.536
345020,Rincon de la Vieja,11098,Confirmed Eruption,,1.0,1970.0,8.0,14.0,Historical Observations,1970.0,8.0,15.0,10.83,-85.324
390030,Deception Island,13195,Confirmed Eruption,NE of Telefon Bay,3.0,1970.0,8.0,12.0,Historical Observations,,,,-63.001,-60.652
261140,Marapi,15466,Confirmed Eruption,"Bungo, Bongsu, Tuo, B and C Craters",2.0,1970.0,7.0,26.0,Historical Observations,1971.0,8.0,20.0,-0.38,100.474
345040,Poas,11172,Confirmed Eruption,,1.0,1970.0,7.0,16.0,Historical Observations,,,,10.2,-84.233
371020,Reykjanes,19918,Uncertain Eruption,Reykjaneshryggur (Eldeyjarbodi),0.0,1970.0,7.0,2.0,,,,,63.85,-22.566
261120,Sorikmarapi,15413,Confirmed Eruption,,2.0,1970.0,7.0,2.0,Historical Observations,,,,0.686,99.539
264180,Lewotobi,16295,Confirmed Eruption,Lewotobi Lakilaki,2.0,1970.0,7.0,2.0,Historical Observations,,,,-8.542,122.775
264270,Sirung,16364,Confirmed Eruption,,2.0,1970.0,7.0,2.0,Historical Observations,,,,-8.508,124.13
241130,Rumble III,14673,Confirmed Eruption,,0.0,1970.0,7.0,2.0,Hydrophonic,,,,-35.745,178.478
290070,Etorofu-Yakeyama [Grozny Group],18751,Confirmed Eruption,Ivan Grozny,1.0,1970.0,7.0,2.0,Historical Observations,,,,45.012,147.871
284210,Esmeralda Bank,18542,Uncertain Eruption,,0.0,1970.0,7.0,2.0,,,,,15.0,145.25
284010,Izu-Oshima,18239,Confirmed Eruption,Mihara-yama,1.0,1970.0,6.0,30.0,Historical Observations,1970.0,11.0,12.0,34.724,139.394
241040,Whakaari/White Island,14483,Confirmed Eruption,Rudolf vent,2.0,1970.0,6.0,30.0,Historical Observations,,,,-37.52,177.18
333030,Moua Pihaa,10306,Confirmed Eruption,,0.0,1970.0,6.0,21.0,Hydrophonic,1970.0,6.0,23.0,-18.325,-148.525
272020,Kanlaon,16733,Confirmed Eruption,,1.0,1970.0,6.0,5.0,Historical Observations,1970.0,8.0,24.0,10.412,123.132
300260,Klyuchevskoy,19456,Confirmed Eruption,,2.0,1970.0,5.0,26.0,Historical Observations,1970.0,12.0,27.0,56.056,160.642
255020,Bagana,15137,Confirmed Eruption,,2.0,1970.0,5.0,21.0,Historical Observations,1971.0,8.0,16.0,-6.137,155.196
252010,Langila,14995,Confirmed Eruption,Crater 2,2.0,1970.0,5.0,20.0,Historical Observations,1970.0,9.0,22.0,-5.525,148.42
300130,Karymsky,19184,Confirmed Eruption,,3.0,1970.0,5.0,11.0,Historical Observations,1982.0,10.0,11.0,54.049,159.443
257050,Lopevi,15308,Confirmed Eruption,"Summit, NW and east flanks",2.0,1970.0,5.0,9.0,Historical Observations,1972.0,8.0,7.0,-16.507,168.346
372070,Hekla,12750,Confirmed Eruption,"Sudurgigar, Hlidargigar, Oldugigar",3.0,1970.0,5.0,5.0,Historical Observations,1970.0,7.0,5.0,63.983,-19.666
282110,Asosan,17335,Confirmed Eruption,Naka-dake,2.0,1970.0,4.0,21.0,Historical Observations,1972.0,9.0,16.0,32.884,131.104
343100,San Miguel,10861,Confirmed Eruption,,1.0,1970.0,3.0,30.0,Historical Observations,1970.0,4.0,5.0,13.434,-88.269
266030,Soputan,13598,Confirmed Eruption,,2.0,1970.0,2.0,16.0,Historical Observations,1970.0,5.0,26.0,1.112,124.737
290120,Kolokol Group,18773,Confirmed Eruption,Berg,3.0,1970.0,2.0,16.0,Historical Observations,1970.0,3.0,16.0,46.042,150.083
284070,Myojinsho,18323,Confirmed Eruption,Myojinsho,2.0,1970.0,1.0,29.0,Historical Observations,1970.0,6.0,16.0,31.888,139.918
284010,Izu-Oshima,18238,Confirmed Eruption,Mihara-yama,1.0,1970.0,1.0,26.0,Historical Observations,1970.0,1.0,31.0,34.724,139.394
300240,Tolbachik,19320,Confirmed Eruption,,1.0,1970.0,1.0,16.0,Historical Observations,1970.0,4.0,16.0,55.832,160.326
252120,Ulawun,15051,Confirmed Eruption,,3.0,1970.0,1.0,15.0,Historical Observations,1970.0,2.0,11.0,-5.05,151.33
264010,Batur,16198,Confirmed Eruption,SW flank (1963 vent),1.0,1970.0,1.0,5.0,Historical Observations,1970.0,1.0,15.0,-8.242,115.375
243030,Unnamed,14743,Uncertain Eruption,,0.0,1970.0,1.0,3.0,Historical Observations,1970.0,1.0,3.0,-20.852,-175.55
344070,"Negro, Cerro",10963,Confirmed Eruption,,1.0,1969.0,12.0,19.0,Historical Observations,1969.0,12.0,29.0,12.506,-86.702
284120,Ioto,18411,Confirmed Eruption,,1.0,1969.0,12.0,1.0,Historical Observations,1969.0,12.0,1.0,24.751,141.289
266100,Lokon-Empung,16452,Confirmed Eruption,Tompaluan,2.0,1969.0,11.0,27.0,Historical Observations,1970.0,12.0,26.0,1.358,124.792
273070,Taal,16857,Confirmed Eruption,SW flank (near Mt. Tabaro),2.0,1969.0,10.0,29.0,Historical Observations,1969.0,12.0,10.0,14.002,120.993
255060,Kavachi,15160,Confirmed Eruption,,2.0,1969.0,10.0,28.0,Historical Observations,1970.0,2.0,6.0,-8.991,157.979
272020,Kanlaon,16732,Confirmed Eruption,,2.0,1969.0,10.0,10.0,Historical Observations,1969.0,10.0,29.0,10.412,123.132
252010,Langila,14994,Confirmed Eruption,Crater 2 or 3,2.0,1969.0,9.0,29.0,Historical Observations,1969.0,9.0,29.0,-5.525,148.42
257020,Gaua,15223,Confirmed Eruption,Mt. Garat,2.0,1969.0,9.0,22.0,Historical Observations,,,,-14.27,167.5
345020,Rincon de la Vieja,11078,Confirmed Eruption,,2.0,1969.0,9.0,20.0,Historical Observations,1969.0,10.0,16.0,10.83,-85.324
300260,Klyuchevskoy,19455,Confirmed Eruption,,2.0,1969.0,9.0,16.0,Historical Observations,1969.0,12.0,16.0,56.056,160.642
311020,Kiska,19665,Confirmed Eruption,,2.0,1969.0,9.0,11.0,Historical Observations,1969.0,9.0,16.0,52.103,177.602
315020,Wrangell,20418,Uncertain Eruption,West Crater,1.0,1969.0,8.0,16.0,Historical Observations,,,,62.006,-144.017
241040,Whakaari/White Island,14482,Confirmed Eruption,Rudolf vent,2.0,1969.0,8.0,16.0,Historical Observations,1969.0,9.0,16.0,-37.52,177.18
263090,Tangkuban Parahu,15682,Confirmed Eruption,Kawah Ecoma,1.0,1969.0,7.0,20.0,Historical Observations,1969.0,10.0,21.0,-6.77,107.6
222120,"Lengai, Ol Doinyo",14021,Uncertain Eruption,,,1969.0,7.0,16.0,,,,,-2.764,35.914
261170,Kerinci,15519,Confirmed Eruption,,2.0,1969.0,7.0,2.0,Historical Observations,1970.0,7.0,2.0,-1.697,101.264
262000,Krakatau,15609,Uncertain Eruption,Anak Krakatau,2.0,1969.0,7.0,2.0,,,,,-6.102,105.423
263180,Slamet,13403,Confirmed Eruption,,2.0,1969.0,6.0,23.0,Historical Observations,1969.0,8.0,16.0,-7.242,109.208
241100,Ruapehu,14636,Confirmed Eruption,,2.0,1969.0,6.0,22.0,Historical Observations,1969.0,6.0,23.0,-39.28,175.57
354020,Ubinas,11790,Confirmed Eruption,,2.0,1969.0,6.0,16.0,Historical Observations,,,,-16.355,-70.903
332010,Kilauea,10105,Confirmed Eruption,"East rift zone (Mauna Ulu, 960 m)",0.0,1969.0,5.0,24.0,Historical Observations,1974.0,7.0,22.0,19.421,-155.287
355100,Lascar,11860,Confirmed Eruption,,1.0,1969.0,5.0,16.0,Historical Observations,,,,-23.37,-67.73
345040,Poas,11171,Confirmed Eruption,,2.0,1969.0,5.0,3.0,Historical Observations,1969.0,6.0,3.0,10.2,-84.233
345020,Rincon de la Vieja,11097,Confirmed Eruption,,2.0,1969.0,4.0,22.0,Historical Observations,1969.0,5.0,16.0,10.83,-85.324
333030,Moua Pihaa,10305,Confirmed Eruption,,0.0,1969.0,4.0,22.0,Hydrophonic,1969.0,4.0,29.0,-18.325,-148.525
274020,Didicas,16877,Confirmed Eruption,North side,2.0,1969.0,3.0,21.0,Historical Observations,1969.0,6.0,16.0,19.077,122.202
284142,Supply Reef,18475,Confirmed Eruption,"NW of Supply Reef (20.24 N, 145.02 E)",0.0,1969.0,3.0,11.0,Hydrophonic,1969.0,3.0,13.0,20.13,145.1
264100,Ebulobo,13704,Confirmed Eruption,,2.0,1969.0,2.0,27.0,Historical Observations,,,,-8.817,121.191
332010,Kilauea,10104,Confirmed Eruption,East rift zone (885-945 m),0.0,1969.0,2.0,22.0,Historical Observations,1969.0,2.0,28.0,19.421,-155.287
390030,Deception Island,13194,Confirmed Eruption,West side of Mount Pond,3.0,1969.0,2.0,21.0,Historical Observations,1969.0,3.0,16.0,-63.001,-60.652
290380,Ebeko,18872,Confirmed Eruption,Northern crater,1.0,1969.0,2.0,16.0,Historical Observations,1969.0,2.0,16.0,50.686,156.014
344040,Telica,10927,Confirmed Eruption,,2.0,1969.0,2.0,11.0,Historical Observations,1971.0,12.0,16.0,12.606,-86.84
264110,Iya,16259,Confirmed Eruption,Crater II (upper SW flank),3.0,1969.0,1.0,27.0,Historical Observations,1969.0,1.0,30.0,-8.891,121.641
241080,Tongariro,14600,Confirmed Eruption,Ngauruhoe,2.0,1969.0,1.0,21.0,Historical Observations,,,,-39.157,175.632
284010,Izu-Oshima,18237,Confirmed Eruption,Mihara-yama,1.0,1969.0,1.0,19.0,Historical Observations,1969.0,7.0,16.0,34.724,139.394
284120,Ioto,18410,Confirmed Eruption,West side (Asodai),1.0,1969.0,1.0,12.0,Historical Observations,1969.0,1.0,21.0,24.751,141.289
282050,Kuchinoerabujima,16974,Confirmed Eruption,Shindake,3.0,1968.0,12.0,21.0,Historical Observations,1969.0,3.0,10.0,30.443,130.217
261140,Marapi,15465,Uncertain Eruption,Craters B and C,1.0,1968.0,12.0,16.0,,1968.0,12.0,16.0,-0.38,100.474
264180,Lewotobi,16294,Confirmed Eruption,Lewotobi Lakilaki,2.0,1968.0,11.0,28.0,Historical Observations,1969.0,2.0,2.0,-8.542,122.775
312160,Trident,20092,Confirmed Eruption,SW flank,3.0,1968.0,11.0,13.0,Historical Observations,1968.0,11.0,13.0,58.236,-155.1
344070,"Negro, Cerro",10962,Confirmed Eruption,Summit and south flank,3.0,1968.0,10.0,23.0,Historical Observations,1968.0,12.0,10.0,12.506,-86.702
332010,Kilauea,10103,Confirmed Eruption,East rift zone (730-915 m),0.0,1968.0,10.0,7.0,Historical Observations,1968.0,10.0,22.0,19.421,-155.287
284133,Fukujin,18094,Confirmed Eruption,,0.0,1968.0,9.0,16.0,Historical Observations,,,,21.93,143.47
261160,Talang,15492,Confirmed Eruption,NE flank,2.0,1968.0,9.0,16.0,Historical Observations,1968.0,10.0,16.0,-0.979,100.681
267030,Banua Wuhu,16551,Uncertain Eruption,,0.0,1968.0,9.0,5.0,,1968.0,9.0,9.0,3.138,125.491
332010,Kilauea,10102,Confirmed Eruption,East rift zone (580-885 m),0.0,1968.0,8.0,22.0,Historical Observations,1968.0,8.0,26.0,19.421,-155.287
241080,Tongariro,14599,Confirmed Eruption,Ngauruhoe,2.0,1968.0,8.0,18.0,Historical Observations,,,,-39.157,175.632
255020,Bagana,15136,Confirmed Eruption,,2.0,1968.0,8.0,16.0,Historical Observations,1968.0,8.0,16.0,-6.137,155.196
267040,Awu,16568,Uncertain Eruption,,2.0,1968.0,8.0,16.0,,1968.0,9.0,16.0,3.689,125.447
284110,Kita-Ioto,18381,Uncertain Eruption,Funka-Asane,0.0,1968.0,8.0,16.0,,1968.0,8.0,16.0,25.424,141.284
284130,Fukutoku-Oka-no-Ba,17595,Uncertain Eruption,,0.0,1968.0,8.0,14.0,,1968.0,8.0,20.0,24.285,141.481
345033,Arenal,11134,Confirmed Eruption,W flank & summit,3.0,1968.0,7.0,29.0,Historical Observations,2010.0,12.0,16.0,10.463,-84.703
284010,Izu-Oshima,18236,Confirmed Eruption,Mihara-yama,1.0,1968.0,7.0,28.0,Historical Observations,1968.0,7.0,28.0,34.724,139.394
282020,Io-Torishima,16920,Confirmed Eruption,,1.0,1968.0,7.0,18.0,Historical Observations,1968.0,7.0,18.0,27.881,128.223
266030,Soputan,13597,Confirmed Eruption,,1.0,1968.0,7.0,16.0,Historical Observations,1968.0,8.0,16.0,1.112,124.737
211050,Vulcano,13483,Discredited Eruption,,,1968.0,7.0,11.0,,,,,38.404,14.962
300260,Klyuchevskoy,19454,Confirmed Eruption,,3.0,1968.0,7.0,3.0,Historical Observations,1968.0,7.0,3.0,56.056,160.642
300240,Tolbachik,19319,Confirmed Eruption,,1.0,1968.0,7.0,2.0,Historical Observations,1969.0,7.0,2.0,55.832,160.326
257020,Gaua,15222,Confirmed Eruption,Mt. Garat (upper SE flank),2.0,1968.0,7.0,2.0,Historical Observations,1968.0,12.0,1.0,-14.27,167.5
345040,Poas,11170,Confirmed Eruption,,1.0,1968.0,7.0,2.0,Historical Observations,,,,10.2,-84.233
357010,Tupungatito,14112,Confirmed Eruption,,2.0,1968.0,7.0,2.0,Historical Observations,,,,-33.425,-69.797
353060,"Azul, Cerro",11727,Uncertain Eruption,North flank?,,1968.0,6.0,12.0,,,,,-0.92,-91.408
353010,Fernandina,11666,Confirmed Eruption,West caldera wall,4.0,1968.0,6.0,11.0,Historical Observations,1968.0,7.0,4.0,-0.37,-91.55
264140,Kelimutu,16263,Confirmed Eruption,Tiwu Nua Muri,1.0,1968.0,6.0,3.0,Historical Observations,1968.0,7.0,29.0,-8.77,121.82
373050,Kverkfjoll,12903,Confirmed Eruption,,0.0,1968.0,5.0,23.0,Historical Observations,1968.0,6.0,16.0,64.653,-16.647
353010,Fernandina,11665,Confirmed Eruption,ESE flank (600 m),2.0,1968.0,5.0,21.0,Historical Observations,1968.0,5.0,23.0,-0.37,-91.55
265060,Nila,16382,Confirmed Eruption,East flank,1.0,1968.0,5.0,7.0,Historical Observations,1968.0,6.0,16.0,-6.73,129.5
273030,Mayon,16803,Confirmed Eruption,,3.0,1968.0,4.0,21.0,Historical Observations,1968.0,5.0,20.0,13.257,123.685
241100,Ruapehu,14635,Confirmed Eruption,,2.0,1968.0,4.0,6.0,Historical Observations,1968.0,6.0,10.0,-39.28,175.57
251050,Long Island,14962,Confirmed Eruption,Motmot,2.0,1968.0,3.0,16.0,Historical Observations,1968.0,6.0,12.0,-5.358,147.12
290070,Etorofu-Yakeyama [Grozny Group],18750,Confirmed Eruption,Ivan Grozny,1.0,1968.0,2.0,16.0,Historical Observations,1968.0,2.0,16.0,45.012,147.871
284130,Fukutoku-Oka-no-Ba,17594,Uncertain Eruption,,0.0,1968.0,2.0,9.0,,1968.0,2.0,9.0,24.285,141.481
261170,Kerinci,15518,Confirmed Eruption,,2.0,1968.0,2.0,3.0,Historical Observations,1968.0,3.0,18.0,-1.697,101.264
273070,Taal,16856,Confirmed Eruption,SW flank (near Mt. Tabaro),2.0,1968.0,1.0,31.0,Historical Observations,1968.0,4.0,2.0,14.002,120.993
241040,Whakaari/White Island,14481,Confirmed Eruption,Rudolf vent (back wall of 1933 crater),3.0,1968.0,1.0,27.0,Historical Observations,1969.0,2.0,16.0,-37.52,177.18
264010,Batur,16197,Confirmed Eruption,SW flank (Batur III),2.0,1968.0,1.0,23.0,Historical Observations,1968.0,2.0,15.0,-8.242,115.375
284010,Izu-Oshima,18235,Confirmed Eruption,Mihara-yama,1.0,1968.0,1.0,19.0,Historical Observations,1968.0,1.0,19.0,34.724,139.394
261160,Talang,15491,Confirmed Eruption,NE flank,1.0,1968.0,1.0,14.0,Historical Observations,1968.0,1.0,14.0,-0.979,100.681
211060,Etna,13797,Confirmed Eruption,SE flank (2550 m),0.0,1968.0,1.0,7.0,Historical Observations,1968.0,5.0,4.0,37.748,14.999
284120,Ioto,18409,Confirmed Eruption,West side (Asodai),1.0,1967.0,12.0,23.0,Historical Observations,1967.0,12.0,23.0,24.751,141.289
243070,Lateiki,14764,Confirmed Eruption,,2.0,1967.0,12.0,11.0,Historical Observations,1968.0,1.0,4.0,-19.18,-174.87
263280,Kelut,15424,Confirmed Eruption,Crater floor at foot of Kelut Peak,1.0,1967.0,12.0,11.0,Historical Observations,1967.0,12.0,11.0,-7.93,112.308
313030,Redoubt,20389,Confirmed Eruption,North end of summit crater (2300 m),3.0,1967.0,12.0,6.0,Historical Observations,1968.0,4.0,28.0,60.485,-152.742
390030,Deception Island,13193,Confirmed Eruption,"North side (Telefon Bay, Yelcho I)",3.0,1967.0,12.0,4.0,Historical Observations,1967.0,12.0,7.0,-63.001,-60.652
267020,Karangetang,16525,Confirmed Eruption,,2.0,1967.0,11.0,29.0,Historical Observations,1967.0,12.0,2.0,2.781,125.407
282020,Io-Torishima,16919,Confirmed Eruption,,1.0,1967.0,11.0,25.0,Historical Observations,,,,27.881,128.223
300130,Karymsky,19183,Confirmed Eruption,,1.0,1967.0,11.0,16.0,Historical Observations,1967.0,11.0,16.0,54.049,159.443
332010,Kilauea,10101,Confirmed Eruption,Halemaumau,0.0,1967.0,11.0,5.0,Historical Observations,1968.0,7.0,13.0,19.421,-155.287
261170,Kerinci,15517,Confirmed Eruption,,2.0,1967.0,11.0,2.0,Historical Observations,,,,-1.697,101.264
300240,Tolbachik,19318,Confirmed Eruption,,2.0,1967.0,10.0,16.0,Historical Observations,1967.0,11.0,16.0,55.832,160.326
261160,Talang,15490,Confirmed Eruption,NE flank (200 m below summit),1.0,1967.0,10.0,10.0,Historical Observations,1967.0,10.0,10.0,-0.979,100.681
290360,Chikurachki,18852,Confirmed Eruption,,2.0,1967.0,9.0,6.0,Historical Observations,1967.0,9.0,20.0,50.324,155.461
312160,Trident,20235,Confirmed Eruption,SW flank,3.0,1967.0,9.0,5.0,Historical Observations,1968.0,2.0,25.0,58.236,-155.1
263300,Semeru,16007,Confirmed Eruption,Jonggring Seloko,3.0,1967.0,8.0,31.0,Historical Observations,2009.0,3.0,15.0,-8.108,112.922
273070,Taal,16855,Confirmed Eruption,SW flank (near Mt. Tabaro),1.0,1967.0,8.0,16.0,Historical Observations,1967.0,8.0,19.0,14.002,120.993
357060,"Azul, Cerro",11960,Confirmed Eruption,Quizapu,2.0,1967.0,8.0,9.0,Historical Observations,,,,-35.653,-70.761
345060,Irazu,11229,Discredited Eruption,,,1967.0,8.0,7.0,,,,,9.979,-83.852
241100,Ruapehu,14634,Confirmed Eruption,,1.0,1967.0,7.0,22.0,Historical Observations,1967.0,10.0,4.0,-39.28,175.57
257020,Gaua,15221,Confirmed Eruption,Mt. Garat,2.0,1967.0,7.0,16.0,Historical Observations,,,,-14.27,167.5
257040,Ambrym,15274,Confirmed Eruption,"Marum, Benbow, Mbuelesu",2.0,1967.0,7.0,16.0,Historical Observations,1970.0,8.0,29.0,-16.25,168.12
263090,Tangkuban Parahu,15681,Confirmed Eruption,Kawah Ecoma,1.0,1967.0,7.0,16.0,Historical Observations,1967.0,7.0,16.0,-6.77,107.6
222120,"Lengai, Ol Doinyo",14020,Confirmed Eruption,North Crater,3.0,1967.0,7.0,8.0,Historical Observations,1967.0,9.0,4.0,-2.764,35.914
221080,Erta Ale,13935,Confirmed Eruption,,0.0,1967.0,7.0,2.0,Historical Observations,2020.0,3.0,4.0,13.6,40.67
264040,Tambora,16234,Confirmed Eruption,NE part of caldera floor,0.0,1967.0,7.0,2.0,Historical Observations,,,,-8.25,118.0
300260,Klyuchevskoy,19453,Confirmed Eruption,,1.0,1967.0,7.0,2.0,Historical Observations,,,,56.056,160.642
284130,Fukutoku-Oka-no-Ba,17593,Uncertain Eruption,,0.0,1967.0,7.0,1.0,,1967.0,7.0,1.0,24.285,141.481
333060,Macdonald,10314,Confirmed Eruption,,0.0,1967.0,5.0,29.0,Hydrophonic,1967.0,5.0,29.0,-28.98,-140.25
284010,Izu-Oshima,18234,Confirmed Eruption,Mihara-yama,1.0,1967.0,5.0,16.0,Historical Observations,1967.0,8.0,16.0,34.724,139.394
282110,Asosan,17334,Confirmed Eruption,Naka-dake,1.0,1967.0,5.0,16.0,Historical Observations,1969.0,12.0,16.0,32.884,131.104
263180,Slamet,13402,Confirmed Eruption,,2.0,1967.0,5.0,7.0,Historical Observations,1967.0,7.0,16.0,-7.242,109.208
290061,Unnamed,18749,Uncertain Eruption,17.5 km NW of Iturup Island,,1967.0,4.0,26.0,,,,,45.022,147.019
223020,Nyamuragira,14066,Confirmed Eruption,North flank (Gakararanga),2.0,1967.0,4.0,23.0,Historical Observations,1967.0,5.0,9.0,-1.408,29.2
342090,Fuego,10724,Confirmed Eruption,,2.0,1967.0,4.0,22.0,Historical Observations,1967.0,4.0,24.0,14.473,-90.88
261140,Marapi,15464,Confirmed Eruption,"Crater C, Bungsu Crater",1.0,1967.0,4.0,16.0,Historical Observations,1967.0,7.0,16.0,-0.38,100.474
284140,Farallon de Pajaros,18494,Confirmed Eruption,SW of Uracas (Makhahnas seamount),0.0,1967.0,3.0,27.0,Hydrophonic,1967.0,4.0,10.0,20.546,144.893
300240,Tolbachik,19317,Confirmed Eruption,,2.0,1967.0,3.0,16.0,Historical Observations,1967.0,5.0,16.0,55.832,160.326
263280,Kelut,15423,Confirmed Eruption,,1.0,1967.0,2.0,18.0,Historical Observations,1967.0,2.0,18.0,-7.93,112.308
357040,Planchon-Peteroa,11944,Uncertain Eruption,Peteroa (1889-94 crater),1.0,1967.0,2.0,16.0,,,,,-35.223,-70.568
311360,Shishaldin,20084,Confirmed Eruption,,2.0,1967.0,1.0,28.0,Historical Observations,,,,54.756,-163.97
257050,Lopevi,15307,Confirmed Eruption,Summit and NW flank,3.0,1967.0,1.0,27.0,Historical Observations,1969.0,3.0,31.0,-16.507,168.346
252120,Ulawun,15050,Confirmed Eruption,,2.0,1967.0,1.0,22.0,Historical Observations,1967.0,12.0,28.0,-5.05,151.33
252010,Langila,14993,Confirmed Eruption,"Crater 2, Crater 3",2.0,1967.0,1.0,19.0,Historical Observations,1968.0,6.0,16.0,-5.525,148.42
290380,Ebeko,18871,Confirmed Eruption,Northern crater,1.0,1967.0,1.0,16.0,Historical Observations,1967.0,4.0,16.0,50.686,156.014
263250,Merapi,15914,Confirmed Eruption,Upper Batang breach (2600 m),2.0,1967.0,1.0,12.0,Historical Observations,1970.0,7.0,2.0,-7.54,110.446
343100,San Miguel,10860,Confirmed Eruption,,2.0,1967.0,1.0,5.0,Historical Observations,,,,13.434,-88.269
345040,Poas,11169,Confirmed Eruption,,1.0,1967.0,1.0,1.0,Historical Observations,,,,10.2,-84.233
282050,Kuchinoerabujima,16973,Confirmed Eruption,Shindake,2.0,1966.0,11.0,22.0,Historical Observations,1966.0,11.0,22.0,30.443,130.217
241040,Whakaari/White Island,14480,Confirmed Eruption,Gilliver Crater,3.0,1966.0,11.0,13.0,Historical Observations,1967.0,3.0,16.0,-37.52,177.18
345020,Rincon de la Vieja,11096,Confirmed Eruption,,3.0,1966.0,11.0,6.0,Historical Observations,1967.0,12.0,16.0,10.83,-85.324
343030,Izalco,10821,Confirmed Eruption,SSE flank (550 m below summit),0.0,1966.0,10.0,28.0,Historical Observations,1966.0,11.0,16.0,13.813,-89.633
313030,Redoubt,20388,Confirmed Eruption,North end of summit crater (2300 m),3.0,1966.0,10.0,7.0,Historical Observations,1967.0,1.0,15.0,60.485,-152.742
266100,Lokon-Empung,16451,Confirmed Eruption,Tompaluan,2.0,1966.0,9.0,24.0,Historical Observations,1966.0,9.0,30.0,1.358,124.792
258010,Matthew Island,15361,Uncertain Eruption,,,1966.0,8.0,16.0,,,,,-22.33,171.32
267040,Awu,16567,Confirmed Eruption,,4.0,1966.0,8.0,12.0,Historical Observations,1966.0,10.0,16.0,3.689,125.447
342090,Fuego,10723,Confirmed Eruption,,3.0,1966.0,8.0,12.0,Historical Observations,1966.0,8.0,13.0,14.473,-90.88
343100,San Miguel,10859,Confirmed Eruption,,2.0,1966.0,7.0,16.0,Historical Observations,,,,13.434,-88.269
273070,Taal,16854,Confirmed Eruption,SW flank (near Mt. Tabaro),3.0,1966.0,7.0,5.0,Historical Observations,1966.0,8.0,4.0,14.002,120.993
263180,Slamet,13401,Confirmed Eruption,,2.0,1966.0,7.0,2.0,Historical Observations,,,,-7.242,109.208
257020,Gaua,15220,Confirmed Eruption,Mt. Garat,2.0,1966.0,7.0,2.0,Historical Observations,,,,-14.27,167.5
312160,Trident,20234,Confirmed Eruption,SW flank,0.0,1966.0,7.0,2.0,Historical Observations,,,,58.236,-155.1
371020,Reykjanes,12510,Uncertain Eruption,Reykjaneshryggur (Eldeyjarbodi),0.0,1966.0,7.0,2.0,,,,,63.85,-22.566
344040,Telica,10926,Confirmed Eruption,,1.0,1966.0,6.0,16.0,Historical Observations,1966.0,6.0,16.0,12.606,-86.84
285070,Akan,18699,Confirmed Eruption,Me-Akan (Nakamachineshiri),1.0,1966.0,6.0,15.0,Historical Observations,1966.0,6.0,15.0,43.384,144.013
261170,Kerinci,15516,Confirmed Eruption,,2.0,1966.0,6.0,9.0,Historical Observations,1966.0,6.0,30.0,-1.697,101.264
284170,Pagan,18514,Discredited Eruption,,,1966.0,5.0,23.0,,,,,18.13,145.8
266030,Soputan,13596,Confirmed Eruption,Kawah Soputan,3.0,1966.0,5.0,21.0,Historical Observations,1967.0,11.0,16.0,1.112,124.737
283180,Azumayama,17936,Uncertain Eruption,Issaikyo (Oana),1.0,1966.0,5.0,16.0,,1966.0,8.0,16.0,37.735,140.244
360160,Kick 'em Jenny,12461,Confirmed Eruption,,0.0,1966.0,5.0,5.0,Hydrophonic,1966.0,8.0,6.0,12.3,-61.64
264010,Batur,16196,Confirmed Eruption,SW flank (west of 1965 vent),1.0,1966.0,4.0,28.0,Historical Observations,,,,-8.242,115.375
263280,Kelut,15956,Confirmed Eruption,,4.0,1966.0,4.0,26.0,Historical Observations,1966.0,4.0,27.0,-7.93,112.308
284202,Ruby,18533,Confirmed Eruption,,0.0,1966.0,4.0,21.0,Hydrophonic,1966.0,5.0,16.0,15.62,145.57
241120,Rumble IV,14670,Discredited Eruption,,,1966.0,4.0,16.0,,1966.0,12.0,16.0,-36.13,178.05
300240,Tolbachik,19316,Confirmed Eruption,,2.0,1966.0,4.0,15.0,Historical Observations,,,,55.832,160.326
241100,Ruapehu,14633,Confirmed Eruption,,1.0,1966.0,4.0,4.0,Historical Observations,1966.0,9.0,27.0,-39.28,175.57
264030,Rinjani,16223,Confirmed Eruption,East side of Barujari (2250 m),1.0,1966.0,3.0,28.0,Historical Observations,1966.0,8.0,8.0,-8.42,116.47
255020,Bagana,15135,Confirmed Eruption,,3.0,1966.0,3.0,20.0,Historical Observations,1967.0,11.0,30.0,-6.137,155.196
255060,Kavachi,15159,Confirmed Eruption,,2.0,1966.0,3.0,19.0,Historical Observations,1966.0,3.0,22.0,-8.991,157.979
261140,Marapi,15463,Confirmed Eruption,"B and C Craters, Kebun Bungo",1.0,1966.0,3.0,16.0,Historical Observations,1966.0,6.0,16.0,-0.38,100.474
233020,"Fournaise, Piton de la",14362,Confirmed Eruption,"SE flank (Cratere Maillard, 2400 m)",2.0,1966.0,3.0,15.0,Historical Observations,1966.0,5.0,15.0,-21.244,55.708
312030,Pavlof,20137,Confirmed Eruption,Upper NE or NNE flank,2.0,1966.0,3.0,15.0,Historical Observations,,,,55.417,-161.894
333020,Rocard,10303,Confirmed Eruption,,0.0,1966.0,3.0,9.0,Hydrophonic,1966.0,3.0,20.0,-17.662,-148.586
264050,Sangeang Api,16250,Confirmed Eruption,,2.0,1966.0,2.0,28.0,Historical Observations,1966.0,11.0,16.0,-8.2,119.07
343100,San Miguel,10858,Confirmed Eruption,,2.0,1966.0,2.0,22.0,Historical Observations,,,,13.434,-88.269
342090,Fuego,10722,Confirmed Eruption,,3.0,1966.0,2.0,7.0,Historical Observations,1966.0,5.0,1.0,14.473,-90.88
313030,Redoubt,20387,Confirmed Eruption,North end of summit crater (2300 m),3.0,1966.0,1.0,24.0,Historical Observations,1966.0,2.0,20.0,60.485,-152.742
211060,Etna,13796,Confirmed Eruption,"NE Crater, Central Crater",2.0,1966.0,1.0,10.0,Historical Observations,1971.0,3.0,16.0,37.748,14.999
332010,Kilauea,10100,Confirmed Eruption,East rift zone (915-960 m),0.0,1965.0,12.0,24.0,Historical Observations,1965.0,12.0,25.0,19.421,-155.287
255060,Kavachi,15158,Confirmed Eruption,,2.0,1965.0,12.0,11.0,Historical Observations,1965.0,12.0,13.0,-8.991,157.979
290240,Sarychev Peak,18815,Confirmed Eruption,,2.0,1965.0,12.0,9.0,Historical Observations,1965.0,12.0,9.0,48.092,153.2
284010,Izu-Oshima,18037,Confirmed Eruption,Mihara-yama,1.0,1965.0,11.0,25.0,Historical Observations,1966.0,6.0,13.0,34.724,139.394
256010,Tinakula,15200,Confirmed Eruption,Upper NW flank,3.0,1965.0,11.0,23.0,Historical Observations,1966.0,6.0,11.0,-10.386,165.804
284090,Izu-Torishima,18370,Confirmed Eruption,,0.0,1965.0,11.0,13.0,Hydrophonic,1965.0,12.0,5.0,30.484,140.303
264270,Sirung,16363,Confirmed Eruption,,1.0,1965.0,11.0,2.0,Historical Observations,1965.0,11.0,2.0,-8.508,124.13
360160,Kick 'em Jenny,12460,Confirmed Eruption,,0.0,1965.0,10.0,24.0,Hydrophonic,1965.0,10.0,24.0,12.3,-61.64
263090,Tangkuban Parahu,15680,Confirmed Eruption,,1.0,1965.0,10.0,16.0,Historical Observations,1965.0,10.0,16.0,-6.77,107.6
344100,Masaya,11029,Confirmed Eruption,Santiago,1.0,1965.0,10.0,10.0,Historical Observations,1985.0,4.0,16.0,11.985,-86.165
273070,Taal,16853,Confirmed Eruption,SW flank (near Mt. Tabaro),4.0,1965.0,9.0,28.0,Historical Observations,1965.0,9.0,30.0,14.002,120.993
257020,Gaua,15219,Confirmed Eruption,Mt. Garat,3.0,1965.0,9.0,27.0,Historical Observations,1965.0,9.0,30.0,-14.27,167.5
264030,Rinjani,16222,Confirmed Eruption,Gunung Barujari,0.0,1965.0,9.0,16.0,Historical Observations,,,,-8.42,116.47
264010,Batur,16195,Confirmed Eruption,SW flank (near Batur III),1.0,1965.0,8.0,18.0,Historical Observations,1965.0,12.0,16.0,-8.242,115.375
290380,Ebeko,18870,Confirmed Eruption,Middle Crater,1.0,1965.0,8.0,16.0,Historical Observations,1965.0,8.0,16.0,50.686,156.014
300260,Klyuchevskoy,19452,Confirmed Eruption,"Summit, NE flank (Piip Crater)",3.0,1965.0,8.0,16.0,Historical Observations,1966.0,12.0,26.0,56.056,160.642
257010,Suretamatai,15215,Confirmed Eruption,NW flank,2.0,1965.0,8.0,9.0,Historical Observations,1966.0,7.0,2.0,-13.8,167.47
233010,Karthala,14201,Confirmed Eruption,Between Changomeni & Chahalé Craters,2.0,1965.0,7.0,12.0,Historical Observations,1965.0,7.0,12.0,-11.75,43.38
266100,Lokon-Empung,16450,Confirmed Eruption,Tompaluan,1.0,1965.0,7.0,10.0,Historical Observations,1965.0,7.0,10.0,1.358,124.792
342110,Pacaya,10761,Confirmed Eruption,MacKenney Crater and flank vents,3.0,1965.0,7.0,4.0,Historical Observations,1989.0,3.0,10.0,14.382,-90.601
334120,Southern EPR-Segment K,10356,Confirmed Eruption,South of Aldo-Kihi lava flow,0.0,1965.0,7.0,2.0,Magnetism,,,,-17.436,-113.206
300240,Tolbachik,19315,Confirmed Eruption,,1.0,1965.0,7.0,2.0,Historical Observations,,,,55.832,160.326
262000,Krakatau,15608,Confirmed Eruption,Anak Krakatau,1.0,1965.0,7.0,2.0,Historical Observations,,,,-6.102,105.423
251020,Manam,14926,Confirmed Eruption,South Crater,2.0,1965.0,7.0,2.0,Historical Observations,1966.0,1.0,25.0,-4.08,145.037
357070,"Chillan, Nevados de",11989,Uncertain Eruption,Volcán Nuevo,,1965.0,7.0,2.0,,,,,-36.868,-71.378
343100,San Miguel,21078,Confirmed Eruption,Summit crater,2.0,1965.0,6.0,14.0,Historical Observations,,,,13.434,-88.269
283110,Asamayama,17803,Confirmed Eruption,,2.0,1965.0,5.0,23.0,Historical Observations,1965.0,5.0,23.0,36.406,138.523
300130,Karymsky,19182,Confirmed Eruption,,3.0,1965.0,5.0,15.0,Historical Observations,1967.0,2.0,16.0,54.049,159.443
285070,Akan,18698,Confirmed Eruption,Me-Akan (Nakamachineshiri),1.0,1965.0,5.0,15.0,Historical Observations,1965.0,5.0,15.0,43.384,144.013
264270,Sirung,16362,Confirmed Eruption,,1.0,1965.0,5.0,7.0,Historical Observations,1965.0,5.0,18.0,-8.508,124.13
267020,Karangetang,16524,Confirmed Eruption,,2.0,1965.0,4.0,5.0,Historical Observations,1967.0,6.0,16.0,2.781,125.407
300250,Bezymianny,19348,Confirmed Eruption,,3.0,1965.0,3.0,9.0,Historical Observations,1970.0,3.0,16.0,55.972,160.595
332010,Kilauea,10099,Confirmed Eruption,East rift zone (700-915 m),0.0,1965.0,3.0,5.0,Historical Observations,1965.0,3.0,15.0,19.421,-155.287
263090,Tangkuban Parahu,15679,Confirmed Eruption,,1.0,1965.0,2.0,16.0,Historical Observations,1965.0,3.0,16.0,-6.77,107.6
313030,Redoubt,20386,Discredited Eruption,,,1965.0,1.0,29.0,,1965.0,2.0,16.0,60.485,-152.742
344040,Telica,10925,Confirmed Eruption,,1.0,1965.0,1.0,16.0,Historical Observations,1965.0,1.0,28.0,12.606,-86.84
345040,Poas,11168,Confirmed Eruption,,2.0,1964.0,12.0,25.0,Historical Observations,1965.0,3.0,16.0,10.2,-84.233
300250,Bezymianny,19347,Confirmed Eruption,,1.0,1964.0,12.0,25.0,Historical Observations,1964.0,12.0,26.0,55.972,160.595
233020,"Fournaise, Piton de la",14361,Confirmed Eruption,East flank (1930 m),2.0,1964.0,12.0,21.0,Historical Observations,1965.0,2.0,15.0,-21.244,55.708
263200,Dieng Volcanic Complex,15785,Confirmed Eruption,Sileri Crater,1.0,1964.0,12.0,13.0,Historical Observations,1964.0,12.0,13.0,-7.2,109.879
252010,Langila,14992,Confirmed Eruption,"Crater 2, Crater 3",2.0,1964.0,12.0,4.0,Historical Observations,1966.0,9.0,23.0,-5.525,148.42
242030,Raoul Island,14700,Confirmed Eruption,"West side of Green Lake, Denham caldera",2.0,1964.0,11.0,19.0,Historical Observations,1965.0,4.0,25.0,-29.27,-177.92
300270,Sheveluch,19579,Confirmed Eruption,Molodoy Sheveluch summit domes,4.0,1964.0,11.0,12.0,Historical Observations,1964.0,11.0,12.0,56.653,161.36
343100,San Miguel,10857,Confirmed Eruption,,2.0,1964.0,10.0,23.0,Historical Observations,1964.0,11.0,16.0,13.434,-88.269
282110,Asosan,17333,Confirmed Eruption,Naka-dake,2.0,1964.0,10.0,16.0,Historical Observations,1966.0,12.0,16.0,32.884,131.104
357010,Tupungatito,14111,Confirmed Eruption,,2.0,1964.0,8.0,3.0,Historical Observations,1964.0,9.0,19.0,-33.425,-69.797
261170,Kerinci,15515,Confirmed Eruption,,2.0,1964.0,7.0,8.0,Historical Observations,1964.0,7.0,8.0,-1.697,101.264
334100,Southern EPR at 8°S,10352,Confirmed Eruption,East Pacific Rise (8.3 deg S),0.0,1964.0,7.0,2.0,Historical Observations,1969.0,7.0,2.0,-8.27,-107.95
357110,Llaima,12063,Confirmed Eruption,,2.0,1964.0,7.0,2.0,Historical Observations,,,,-38.692,-71.729
344070,"Negro, Cerro",10961,Uncertain Eruption,,2.0,1964.0,7.0,2.0,,,,,12.506,-86.702
300250,Bezymianny,19346,Confirmed Eruption,,2.0,1964.0,6.0,25.0,Historical Observations,1964.0,9.0,20.0,55.972,160.595
285070,Akan,18697,Confirmed Eruption,Me-Akan (Nakamachineshiri),1.0,1964.0,6.0,18.0,Historical Observations,1964.0,7.0,4.0,43.384,144.013
312160,Trident,20233,Confirmed Eruption,SW flank,3.0,1964.0,5.0,31.0,Historical Observations,,,,58.236,-155.1
282110,Asosan,17332,Confirmed Eruption,Naka-dake,1.0,1964.0,5.0,14.0,Historical Observations,1964.0,5.0,14.0,32.884,131.104
233020,"Fournaise, Piton de la",14360,Confirmed Eruption,"Dolomieu, upper east and NE flanks",2.0,1964.0,4.0,30.0,Historical Observations,1964.0,5.0,8.0,-21.244,55.708
255020,Bagana,15134,Confirmed Eruption,,2.0,1964.0,4.0,24.0,Historical Observations,1965.0,7.0,2.0,-6.137,155.196
284210,Esmeralda Bank,18541,Uncertain Eruption,,2.0,1964.0,4.0,14.0,,,,,15.0,145.25
311020,Kiska,19664,Confirmed Eruption,,0.0,1964.0,3.0,18.0,Historical Observations,,,,52.103,177.602
300240,Tolbachik,19314,Confirmed Eruption,,2.0,1964.0,3.0,16.0,Historical Observations,1964.0,4.0,24.0,55.832,160.326
265060,Nila,16381,Confirmed Eruption,,1.0,1964.0,3.0,16.0,Historical Observations,1964.0,3.0,16.0,-6.73,129.5
311340,Westdahl,20043,Confirmed Eruption,,2.0,1964.0,3.0,10.0,Historical Observations,1964.0,4.0,16.0,54.516,-164.65
357120,Villarrica,12164,Confirmed Eruption,,2.0,1964.0,3.0,2.0,Historical Observations,1964.0,4.0,21.0,-39.42,-71.93
382030,San Jorge,12997,Uncertain Eruption,Off SW coast,0.0,1964.0,2.0,18.0,,,,,38.65,-28.08
257040,Ambrym,15273,Confirmed Eruption,"Marum, Benbow",2.0,1964.0,2.0,16.0,Historical Observations,1966.0,9.0,16.0,-16.25,168.12
261230,Dempo,15570,Confirmed Eruption,,2.0,1964.0,2.0,14.0,Historical Observations,1964.0,2.0,14.0,-4.016,103.121
264270,Sirung,16361,Confirmed Eruption,,1.0,1964.0,2.0,8.0,Historical Observations,1964.0,10.0,5.0,-8.508,124.13
290360,Chikurachki,18851,Confirmed Eruption,,2.0,1964.0,2.0,1.0,Historical Observations,1964.0,2.0,16.0,50.324,155.461
264050,Sangeang Api,16249,Confirmed Eruption,Doro Api,2.0,1964.0,1.0,29.0,Historical Observations,1965.0,12.0,1.0,-8.2,119.07
264150,Paluweh,16267,Confirmed Eruption,Rokatenda (1928 crater),2.0,1963.0,12.0,31.0,Historical Observations,1966.0,3.0,16.0,-8.32,121.708
311360,Shishaldin,20083,Confirmed Eruption,,2.0,1963.0,12.0,28.0,Historical Observations,,,,54.756,-163.97
266100,Lokon-Empung,16449,Confirmed Eruption,Tompaluan,2.0,1963.0,12.0,17.0,Historical Observations,1964.0,4.0,16.0,1.358,124.792
382020,Pico,12990,Uncertain Eruption,Off NW coast,0.0,1963.0,12.0,15.0,,,,,38.47,-28.4
255060,Kavachi,15157,Confirmed Eruption,,2.0,1963.0,12.0,14.0,Historical Observations,1964.0,1.0,31.0,-8.991,157.979
251020,Manam,14925,Confirmed Eruption,South Crater,2.0,1963.0,11.0,26.0,Historical Observations,1964.0,4.0,16.0,-4.08,145.037
283150,Nasudake,17886,Confirmed Eruption,Chausu-dake (west side),1.0,1963.0,11.0,20.0,Historical Observations,1963.0,11.0,21.0,37.125,139.963
390020,Erebus,20616,Confirmed Eruption,,0.0,1963.0,11.0,16.0,Historical Observations,,,,-77.53,167.17
300260,Klyuchevskoy,19451,Confirmed Eruption,,1.0,1963.0,11.0,13.0,Historical Observations,1964.0,12.0,16.0,56.056,160.642
282110,Asosan,17331,Confirmed Eruption,Naka-dake,2.0,1963.0,11.0,10.0,Historical Observations,1964.0,1.0,16.0,32.884,131.104
372010,Vestmannaeyjar,12557,Confirmed Eruption,Surtsey,3.0,1963.0,11.0,8.0,Historical Observations,1967.0,6.0,5.0,63.416,-20.266
233020,"Fournaise, Piton de la",14359,Confirmed Eruption,"Dolomieu, upper east flank (2410 m)",2.0,1963.0,11.0,7.0,Historical Observations,1963.0,11.0,21.0,-21.244,55.708
284130,Fukutoku-Oka-no-Ba,17592,Uncertain Eruption,,0.0,1963.0,10.0,27.0,,,,,24.285,141.481
312160,Trident,20232,Confirmed Eruption,SW flank,3.0,1963.0,10.0,17.0,Historical Observations,1963.0,11.0,17.0,58.236,-155.1
313010,Augustine,20270,Confirmed Eruption,,2.0,1963.0,10.0,11.0,Historical Observations,1964.0,8.0,19.0,59.363,-153.43
332010,Kilauea,10098,Confirmed Eruption,East rift zone (700-840 m),0.0,1963.0,10.0,5.0,Historical Observations,1963.0,10.0,6.0,19.421,-155.287
342090,Fuego,10721,Confirmed Eruption,,3.0,1963.0,9.0,28.0,Historical Observations,1963.0,9.0,30.0,14.473,-90.88
257020,Gaua,15218,Confirmed Eruption,Mt. Garat (upper SE flank),2.0,1963.0,9.0,15.0,Historical Observations,1963.0,11.0,9.0,-14.27,167.5
258010,Matthew Island,15369,Uncertain Eruption,Norfolk Island Ridge,0.0,1963.0,9.0,11.0,Hydrophonic,1964.0,7.0,2.0,-22.33,171.32
264010,Batur,16194,Confirmed Eruption,"SW, W flanks (near Batur III, Butus)",2.0,1963.0,9.0,5.0,Historical Observations,1964.0,5.0,10.0,-8.242,115.375
257040,Ambrym,15272,Confirmed Eruption,"Benbow, Marum",2.0,1963.0,8.0,30.0,Historical Observations,1963.0,9.0,23.0,-16.25,168.12
332010,Kilauea,10097,Confirmed Eruption,East rift zone (825-960 m),0.0,1963.0,8.0,21.0,Historical Observations,1963.0,8.0,23.0,19.421,-155.287
261170,Kerinci,15514,Confirmed Eruption,,2.0,1963.0,7.0,16.0,Historical Observations,,,,-1.697,101.264
283150,Nasudake,17885,Uncertain Eruption,Chausu-dake,1.0,1963.0,7.0,10.0,,1963.0,7.0,11.0,37.125,139.963
283090,Niigata-Yakeyama,17545,Confirmed Eruption,,1.0,1963.0,7.0,10.0,Historical Observations,1963.0,9.0,30.0,36.921,138.036
257050,Lopevi,15306,Confirmed Eruption,"Summit, NW, north, east and SE flanks",3.0,1963.0,7.0,7.0,Historical Observations,1965.0,7.0,2.0,-16.507,168.346
261160,Talang,15489,Confirmed Eruption,,2.0,1963.0,7.0,2.0,Historical Observations,,,,-0.979,100.681
341040,Colima,10467,Confirmed Eruption,,1.0,1963.0,7.0,2.0,Historical Observations,1970.0,7.0,2.0,19.514,-103.62
345040,Poas,11167,Confirmed Eruption,,2.0,1963.0,5.0,23.0,Historical Observations,1963.0,7.0,2.0,10.2,-84.233
300250,Bezymianny,19345,Confirmed Eruption,,1.0,1963.0,5.0,16.0,Historical Observations,1963.0,9.0,16.0,55.972,160.595
344120,Concepcion,11063,Confirmed Eruption,,1.0,1963.0,5.0,9.0,Historical Observations,,,,11.538,-85.622
282110,Asosan,17330,Confirmed Eruption,Naka-dake,1.0,1963.0,4.0,21.0,Historical Observations,1963.0,7.0,16.0,32.884,131.104
353050,"Negra, Sierra",11711,Confirmed Eruption,Volcán Chico area & NW caldera rim,2.0,1963.0,4.0,13.0,Historical Observations,1963.0,5.0,16.0,-0.83,-91.17
312160,Trident,20231,Confirmed Eruption,SW flank,3.0,1963.0,4.0,1.0,Historical Observations,1963.0,4.0,3.0,58.236,-155.1
252120,Ulawun,15049,Confirmed Eruption,,2.0,1963.0,3.0,17.0,Historical Observations,1963.0,5.0,2.0,-5.05,151.33
344070,"Negro, Cerro",10960,Confirmed Eruption,,1.0,1963.0,3.0,16.0,Historical Observations,,,,12.506,-86.702
345060,Irazu,11228,Confirmed Eruption,,3.0,1963.0,3.0,13.0,Historical Observations,1965.0,2.0,13.0,9.979,-83.852
290380,Ebeko,18869,Confirmed Eruption,North wall of east amphitheater,1.0,1963.0,3.0,8.0,Historical Observations,1964.0,7.0,2.0,50.686,156.014
353020,Wolf,11688,Confirmed Eruption,SE flank (610 m),0.0,1963.0,3.0,4.0,Historical Observations,1963.0,3.0,16.0,0.02,-91.35
357120,Villarrica,12163,Confirmed Eruption,Summit and upper SW flank,3.0,1963.0,2.0,25.0,Historical Observations,1963.0,9.0,21.0,-39.42,-71.93
264020,Agung,16210,Confirmed Eruption,,5.0,1963.0,2.0,18.0,Historical Observations,1964.0,1.0,27.0,-8.343,115.508
251020,Manam,14924,Confirmed Eruption,South Crater,2.0,1963.0,2.0,15.0,Historical Observations,1963.0,5.0,8.0,-4.08,145.037
283090,Niigata-Yakeyama,17544,Confirmed Eruption,,1.0,1963.0,2.0,14.0,Historical Observations,,,,36.921,138.036
311190,Amukta,19787,Confirmed Eruption,,3.0,1963.0,2.0,13.0,Historical Observations,,,,52.5,-171.252
241130,Rumble III,14672,Confirmed Eruption,,0.0,1963.0,1.0,16.0,Hydrophonic,1966.0,12.0,16.0,-35.745,178.478
268060,Gamalama,16666,Confirmed Eruption,East flank,2.0,1962.0,12.0,31.0,Historical Observations,1963.0,1.0,2.0,0.8,127.33
241040,Whakaari/White Island,14479,Confirmed Eruption,Big John Crater,3.0,1962.0,12.0,15.0,Historical Observations,,,,-37.52,177.18
332010,Kilauea,10096,Confirmed Eruption,East rift zone (945-990 m),0.0,1962.0,12.0,7.0,Historical Observations,1962.0,12.0,9.0,19.421,-155.287
311320,Akutan,20021,Confirmed Eruption,,2.0,1962.0,11.0,5.0,Historical Observations,,,,54.134,-165.986
300250,Bezymianny,19344,Confirmed Eruption,,2.0,1962.0,10.0,21.0,Historical Observations,1962.0,11.0,6.0,55.972,160.595
284040,Miyakejima,18271,Confirmed Eruption,NE flank,2.0,1962.0,8.0,24.0,Historical Observations,1962.0,8.0,27.0,34.094,139.526
300240,Tolbachik,19313,Confirmed Eruption,,1.0,1962.0,8.0,16.0,Historical Observations,1963.0,7.0,2.0,55.832,160.326
345060,Irazu,11227,Discredited Eruption,,,1962.0,8.0,9.0,,,,,9.979,-83.852
342090,Fuego,10720,Confirmed Eruption,,3.0,1962.0,8.0,4.0,Historical Observations,1962.0,11.0,9.0,14.473,-90.88
257050,Lopevi,15305,Confirmed Eruption,NW flank,0.0,1962.0,7.0,16.0,Historical Observations,1962.0,7.0,16.0,-16.507,168.346
257020,Gaua,15217,Confirmed Eruption,Mt. Garat,2.0,1962.0,7.0,16.0,Historical Observations,,,,-14.27,167.5
251030,Karkar,14945,Uncertain Eruption,Ulumam,2.0,1962.0,7.0,2.0,,,,,-4.649,145.964
284130,Fukutoku-Oka-no-Ba,17591,Uncertain Eruption,,0.0,1962.0,7.0,1.0,,1962.0,10.0,1.0,24.285,141.481
285050,Tokachidake,18658,Confirmed Eruption,South of Shin-funkako,3.0,1962.0,6.0,29.0,Historical Observations,1962.0,9.0,16.0,43.418,142.686
283070,Yakedake,17523,Confirmed Eruption,North flank (Kurodani and Nakao-toge),2.0,1962.0,6.0,17.0,Historical Observations,1963.0,6.0,29.0,36.227,137.587
344120,Concepcion,11062,Confirmed Eruption,,2.0,1962.0,6.0,16.0,Historical Observations,1962.0,6.0,16.0,11.538,-85.622
312160,Trident,20230,Confirmed Eruption,SW flank,3.0,1962.0,6.0,9.0,Historical Observations,1962.0,6.0,9.0,58.236,-155.1
241080,Tongariro,14598,Confirmed Eruption,Ngauruhoe,2.0,1962.0,5.0,24.0,Historical Observations,,,,-39.157,175.632
285070,Akan,18696,Confirmed Eruption,Me-Akan (Nakamachineshiri),1.0,1962.0,4.0,28.0,Historical Observations,1962.0,4.0,28.0,43.384,144.013
251020,Manam,14923,Confirmed Eruption,South Crater,2.0,1962.0,4.0,16.0,Historical Observations,,,,-4.08,145.037
266100,Lokon-Empung,16448,Confirmed Eruption,Tompaluan,1.0,1962.0,4.0,16.0,Historical Observations,1962.0,11.0,16.0,1.358,124.792
344070,"Negro, Cerro",10959,Confirmed Eruption,,2.0,1962.0,3.0,21.0,Historical Observations,1962.0,4.0,16.0,12.506,-86.702
252010,Langila,14991,Confirmed Eruption,"Crater 2, Crater 3",2.0,1962.0,3.0,16.0,Historical Observations,1963.0,8.0,11.0,-5.525,148.42
283090,Niigata-Yakeyama,17543,Confirmed Eruption,,1.0,1962.0,3.0,14.0,Historical Observations,1962.0,3.0,14.0,36.921,138.036
390140,Protector Seamounts,13232,Confirmed Eruption,,0.0,1962.0,3.0,5.0,Historical Observations,,,,-55.912,-28.167
255020,Bagana,15133,Confirmed Eruption,,2.0,1962.0,2.0,15.0,Historical Observations,1963.0,7.0,2.0,-6.137,155.196
267020,Karangetang,16523,Confirmed Eruption,,2.0,1962.0,1.0,29.0,Historical Observations,1963.0,12.0,16.0,2.781,125.407
311020,Kiska,19663,Confirmed Eruption,North flank (Sirius Point),3.0,1962.0,1.0,24.0,Historical Observations,,,,52.103,177.602
284010,Izu-Oshima,18233,Confirmed Eruption,Mihara-yama,1.0,1962.0,1.0,16.0,Historical Observations,1965.0,5.0,16.0,34.724,139.394
255060,Kavachi,15156,Confirmed Eruption,,2.0,1962.0,1.0,16.0,Historical Observations,1962.0,2.0,16.0,-8.991,157.979
344040,Telica,10924,Confirmed Eruption,,1.0,1962.0,1.0,16.0,Historical Observations,1962.0,1.0,16.0,12.606,-86.84
357040,Planchon-Peteroa,11943,Confirmed Eruption,Peteroa,1.0,1962.0,1.0,16.0,Historical Observations,,,,-35.223,-70.568
344120,Concepcion,11061,Uncertain Eruption,,2.0,1961.0,11.0,28.0,,1961.0,12.0,16.0,11.538,-85.622
373060,Askja,12919,Confirmed Eruption,North of Öskjuvatn lake (Vikraborgir),2.0,1961.0,10.0,26.0,Historical Observations,1961.0,12.0,5.0,65.033,-16.783
344070,"Negro, Cerro",10958,Confirmed Eruption,NE-flank fissure,1.0,1961.0,10.0,25.0,Historical Observations,,,,12.506,-86.702
300250,Bezymianny,19343,Confirmed Eruption,,3.0,1961.0,10.0,18.0,Historical Observations,1961.0,12.0,15.0,55.972,160.595
358060,Lautaro,12319,Confirmed Eruption,Volcano Uncertain: aerial observation; possibly Lautaro,2.0,1961.0,10.0,16.0,Historical Observations,,,,-49.019,-73.504
386010,Tristan da Cunha,13147,Confirmed Eruption,North flank,2.0,1961.0,10.0,10.0,Historical Observations,1962.0,3.0,15.0,-37.092,-12.28
267020,Karangetang,16522,Confirmed Eruption,,2.0,1961.0,10.0,9.0,Historical Observations,1961.0,10.0,19.0,2.781,125.407
332010,Kilauea,10095,Confirmed Eruption,East rift zone (395-790 m),1.0,1961.0,9.0,22.0,Historical Observations,1961.0,9.0,24.0,19.421,-155.287
283110,Asamayama,17802,Confirmed Eruption,,2.0,1961.0,8.0,18.0,Historical Observations,1961.0,11.0,16.0,36.406,138.523
257040,Ambrym,15271,Confirmed Eruption,"Benbow, Marum, south of Marum",3.0,1961.0,8.0,15.0,Historical Observations,1963.0,4.0,3.0,-16.25,168.12
285050,Tokachidake,18657,Confirmed Eruption,NW of Kami-Horokamettoku-yama,1.0,1961.0,8.0,14.0,Historical Observations,1961.0,8.0,14.0,43.418,142.686
255020,Bagana,15132,Confirmed Eruption,,2.0,1961.0,7.0,26.0,Historical Observations,,,,-6.137,155.196
251020,Manam,14922,Confirmed Eruption,South Crater,2.0,1961.0,7.0,16.0,Historical Observations,1961.0,9.0,16.0,-4.08,145.037
263090,Tangkuban Parahu,15678,Confirmed Eruption,,1.0,1961.0,7.0,16.0,Historical Observations,1961.0,8.0,1.0,-6.77,107.6
332010,Kilauea,10094,Confirmed Eruption,Halemaumau,1.0,1961.0,7.0,10.0,Historical Observations,1961.0,7.0,17.0,19.421,-155.287
341040,Colima,10466,Confirmed Eruption,,1.0,1961.0,7.0,2.0,Historical Observations,1962.0,12.0,1.0,19.514,-103.62
284010,Izu-Oshima,18232,Uncertain Eruption,Mihara-yama,,1961.0,7.0,2.0,,,,,34.724,139.394
251050,Long Island,14961,Uncertain Eruption,Motmot,,1961.0,7.0,2.0,,,,,-5.358,147.12
357120,Villarrica,12162,Confirmed Eruption,,1.0,1961.0,7.0,2.0,Historical Observations,,,,-39.42,-71.93
357090,Copahue,12007,Confirmed Eruption,,2.0,1961.0,7.0,2.0,Historical Observations,,,,-37.856,-71.183
312160,Trident,20229,Confirmed Eruption,SW flank (1100 m),2.0,1961.0,6.0,30.0,Historical Observations,,,,58.236,-155.1
300250,Bezymianny,19342,Confirmed Eruption,,2.0,1961.0,5.0,21.0,Historical Observations,1961.0,6.0,6.0,55.972,160.595
266100,Lokon-Empung,16447,Confirmed Eruption,Tompaluan,2.0,1961.0,5.0,19.0,Historical Observations,1961.0,12.0,16.0,1.358,124.792
357010,Tupungatito,11536,Confirmed Eruption,,2.0,1961.0,5.0,5.0,Historical Observations,1961.0,8.0,16.0,-33.425,-69.797
290360,Chikurachki,18850,Confirmed Eruption,,1.0,1961.0,5.0,2.0,Historical Observations,1961.0,8.0,10.0,50.324,155.461
263250,Merapi,15913,Confirmed Eruption,,3.0,1961.0,4.0,11.0,Historical Observations,1961.0,11.0,28.0,-7.54,110.446
233020,"Fournaise, Piton de la",14358,Confirmed Eruption,NE flank (east of Cratère Picard),0.0,1961.0,4.0,5.0,Historical Observations,1961.0,4.0,25.0,-21.244,55.708
255060,Kavachi,15155,Confirmed Eruption,,2.0,1961.0,3.0,28.0,Historical Observations,,,,-8.991,157.979
300250,Bezymianny,19143,Confirmed Eruption,,3.0,1961.0,3.0,25.0,Historical Observations,1961.0,3.0,26.0,55.972,160.595
300240,Tolbachik,19312,Confirmed Eruption,,2.0,1961.0,3.0,24.0,Historical Observations,1962.0,2.0,16.0,55.832,160.326
353010,Fernandina,11664,Confirmed Eruption,SE flank,2.0,1961.0,3.0,21.0,Historical Observations,1961.0,9.0,16.0,-0.37,-91.55
342110,Pacaya,10760,Confirmed Eruption,"Cachajinas vent (South flank, 1860 m)",2.0,1961.0,3.0,11.0,Historical Observations,1961.0,4.0,15.0,14.382,-90.601
332010,Kilauea,10093,Confirmed Eruption,Halemaumau,1.0,1961.0,3.0,3.0,Historical Observations,1961.0,3.0,25.0,19.421,-155.287
267020,Karangetang,16521,Confirmed Eruption,,2.0,1961.0,2.0,28.0,Historical Observations,1961.0,4.0,16.0,2.781,125.407
332010,Kilauea,10092,Confirmed Eruption,Halemaumau,1.0,1961.0,2.0,24.0,Historical Observations,1961.0,2.0,24.0,19.421,-155.287
358020,Calbuco,12262,Confirmed Eruption,,3.0,1961.0,2.0,1.0,Historical Observations,1961.0,3.0,26.0,-41.33,-72.618
300070,Gorely,19023,Confirmed Eruption,,2.0,1961.0,1.0,16.0,Historical Observations,,,,52.559,158.03
252010,Langila,14990,Confirmed Eruption,"Crater 3, Crater 2",2.0,1960.0,12.0,19.0,Historical Observations,1961.0,9.0,25.0,-5.525,148.42
263180,Slamet,13400,Confirmed Eruption,,2.0,1960.0,12.0,16.0,Historical Observations,1961.0,1.0,16.0,-7.242,109.208
300060,Mutnovsky,18971,Confirmed Eruption,West wall of SW crater,2.0,1960.0,12.0,16.0,Historical Observations,1961.0,1.0,16.0,52.449,158.196
300260,Klyuchevskoy,19450,Confirmed Eruption,,3.0,1960.0,12.0,16.0,Historical Observations,1963.0,3.0,22.0,56.056,160.642
355070,San Pedro-San Pablo,11840,Confirmed Eruption,,2.0,1960.0,12.0,2.0,Historical Observations,,,,-21.888,-68.391
355020,Guallatiri,11821,Confirmed Eruption,,2.0,1960.0,12.0,2.0,Historical Observations,,,,-18.42,-69.092
290150,Chirpoi,18784,Confirmed Eruption,Snow,2.0,1960.0,10.0,20.0,Historical Observations,,,,46.532,150.871
311290,Okmok,19847,Confirmed Eruption,SW part of caldera (Cone A),3.0,1960.0,10.0,15.0,Historical Observations,1961.0,4.0,15.0,53.43,-168.13
283150,Nasudake,17884,Confirmed Eruption,Chausu-dake (50 m north of 1953 vent),1.0,1960.0,10.0,10.0,Historical Observations,,,,37.125,139.963
344070,"Negro, Cerro",10957,Confirmed Eruption,Summit and south flank,3.0,1960.0,9.0,28.0,Historical Observations,1960.0,12.0,26.0,12.506,-86.702
290200,Ketoi,18795,Confirmed Eruption,Pallas Peak,2.0,1960.0,9.0,27.0,Historical Observations,,,,47.35,152.475
257040,Ambrym,15270,Confirmed Eruption,"Mbuelesu, Benbow, near Marum",1.0,1960.0,9.0,17.0,Historical Observations,,,,-16.25,168.12
285070,Akan,18695,Confirmed Eruption,Me-Akan (Ponmachineshiri),1.0,1960.0,9.0,16.0,Historical Observations,1960.0,9.0,16.0,43.384,144.013
282110,Asosan,13845,Confirmed Eruption,Naka-dake,1.0,1960.0,9.0,16.0,Historical Observations,1962.0,11.0,16.0,32.884,131.104
290240,Sarychev Peak,18814,Confirmed Eruption,,3.0,1960.0,8.0,30.0,Historical Observations,1960.0,8.0,30.0,48.092,153.2
252120,Ulawun,15048,Confirmed Eruption,,2.0,1960.0,7.0,29.0,Historical Observations,1962.0,11.0,16.0,-5.05,151.33
284070,Myojinsho,18322,Confirmed Eruption,Myojinsho,2.0,1960.0,7.0,21.0,Historical Observations,,,,31.888,139.918
257060,Epi,15328,Confirmed Eruption,,0.0,1960.0,7.0,16.0,Historical Observations,,,,-16.68,168.37
261170,Kerinci,15513,Confirmed Eruption,,2.0,1960.0,7.0,16.0,Historical Observations,,,,-1.697,101.264
357010,Tupungatito,10351,Confirmed Eruption,,2.0,1960.0,7.0,15.0,Historical Observations,,,,-33.425,-69.797
357040,Planchon-Peteroa,11942,Confirmed Eruption,Petoroa (1889-94 crater),1.0,1960.0,7.0,10.0,Historical Observations,,,,-35.223,-70.568
257050,Lopevi,15304,Confirmed Eruption,NW flank (640 m),3.0,1960.0,7.0,10.0,Historical Observations,1960.0,9.0,16.0,-16.507,168.346
282030,Suwanosejima,16937,Confirmed Eruption,Submarine E flank (Suwanose-jima Oki),0.0,1960.0,7.0,2.0,Historical Observations,,,,29.638,129.714
312030,Pavlof,20136,Confirmed Eruption,Upper NE or NNE flank,2.0,1960.0,7.0,2.0,Historical Observations,1963.0,6.0,16.0,55.417,-161.894
357020,San Jose,11922,Confirmed Eruption,,2.0,1960.0,7.0,2.0,Historical Observations,,,,-33.789,-69.895
355030,Isluga,11826,Uncertain Eruption,,2.0,1960.0,7.0,2.0,,,,,-19.15,-68.83
357090,Copahue,12006,Confirmed Eruption,,,1960.0,7.0,2.0,Historical Observations,,,,-37.856,-71.183
357110,Llaima,12062,Uncertain Eruption,,,1960.0,7.0,2.0,,,,,-38.692,-71.729
357120,Villarrica,12161,Uncertain Eruption,,1.0,1960.0,7.0,2.0,,,,,-39.42,-71.93
284130,Fukutoku-Oka-no-Ba,18456,Uncertain Eruption,,0.0,1960.0,7.0,1.0,,1960.0,9.0,1.0,24.285,141.481
352010,Reventador,11442,Confirmed Eruption,,3.0,1960.0,6.0,16.0,Historical Observations,,,,-0.077,-77.656
357150,Puyehue-Cordon Caulle,12215,Confirmed Eruption,Cordón Caulle,3.0,1960.0,5.0,24.0,Historical Observations,1960.0,7.0,30.0,-40.59,-72.117
251010,Bam,14891,Confirmed Eruption,,2.0,1960.0,4.0,28.0,Historical Observations,1960.0,7.0,6.0,-3.613,144.818
300130,Karymsky,19181,Confirmed Eruption,,3.0,1960.0,4.0,16.0,Historical Observations,1964.0,12.0,16.0,54.049,159.443
300250,Bezymianny,13999,Confirmed Eruption,,2.0,1960.0,4.0,13.0,Historical Observations,1960.0,4.0,14.0,55.972,160.595
222120,"Lengai, Ol Doinyo",14019,Confirmed Eruption,North Crater,3.0,1960.0,3.0,16.0,Historical Observations,1966.0,11.0,28.0,-2.764,35.914
264270,Sirung,16360,Confirmed Eruption,,2.0,1960.0,3.0,13.0,Historical Observations,,,,-8.508,124.13
221080,Erta Ale,13934,Confirmed Eruption,,0.0,1960.0,1.0,16.0,Historical Observations,,,,13.6,40.67
282110,Asosan,13844,Confirmed Eruption,Naka-dake,2.0,1960.0,1.0,16.0,Historical Observations,1960.0,4.0,9.0,32.884,131.104
332010,Kilauea,10091,Confirmed Eruption,"East rift zone (near Kapoho, 30 m)",2.0,1960.0,1.0,13.0,Historical Observations,1960.0,2.0,19.0,19.421,-155.287
233020,"Fournaise, Piton de la",14357,Confirmed Eruption,"Bory, south flank (2030 m)",2.0,1960.0,1.0,11.0,Historical Observations,1960.0,3.0,10.0,-21.244,55.708
358060,Lautaro,12318,Confirmed Eruption,,2.0,1959.0,12.0,28.0,Historical Observations,1960.0,1.0,20.0,-49.019,-73.504
251020,Manam,14921,Confirmed Eruption,"Main Crater, South Crater",2.0,1959.0,12.0,16.0,Historical Observations,1960.0,12.0,16.0,-4.08,145.037
262000,Krakatau,15607,Confirmed Eruption,Anak Krakatau,2.0,1959.0,12.0,16.0,Historical Observations,1963.0,7.0,2.0,-6.102,105.423
241040,Whakaari/White Island,14478,Confirmed Eruption,Noisy Nellie Crater,2.0,1959.0,12.0,14.0,Historical Observations,1959.0,12.0,20.0,-37.52,177.18
355100,Lascar,11859,Confirmed Eruption,,2.0,1959.0,11.0,16.0,Historical Observations,1968.0,1.0,31.0,-23.37,-67.73
332010,Kilauea,20661,Confirmed Eruption,Kilauea Iki,2.0,1959.0,11.0,14.0,Historical Observations,1959.0,12.0,19.0,19.421,-155.287
357040,Planchon-Peteroa,11941,Confirmed Eruption,Petoroa (1889-94 crater),1.0,1959.0,11.0,6.0,Historical Observations,,,,-35.223,-70.568
211060,Etna,13795,Confirmed Eruption,"Central and NE Craters, NNE (3100 m)",3.0,1959.0,10.0,17.0,Historical Observations,1964.0,12.0,31.0,37.748,14.999
284010,Izu-Oshima,18231,Confirmed Eruption,Mihara-yama,1.0,1959.0,10.0,16.0,Historical Observations,1960.0,11.0,16.0,34.724,139.394
357010,Tupungatito,10350,Confirmed Eruption,,2.0,1959.0,10.0,16.0,Historical Observations,,,,-33.425,-69.797
300250,Bezymianny,19341,Confirmed Eruption,,1.0,1959.0,10.0,15.0,Historical Observations,1959.0,11.0,4.0,55.972,160.595
257070,Kuwae,15342,Confirmed Eruption,Karua,2.0,1959.0,9.0,18.0,Historical Observations,1959.0,9.0,20.0,-16.829,168.536
284133,Fukujin,13890,Uncertain Eruption,,0.0,1959.0,8.0,16.0,,1959.0,10.0,16.0,21.93,143.47
285050,Tokachidake,18656,Confirmed Eruption,NE of Shin-funkako (Showa Crater),1.0,1959.0,8.0,15.0,Historical Observations,1959.0,11.0,25.0,43.418,142.686
282110,Asosan,13843,Confirmed Eruption,Naka-dake,1.0,1959.0,7.0,16.0,Historical Observations,1959.0,10.0,2.0,32.884,131.104
284134,Kasuga 1,18442,Confirmed Eruption,,0.0,1959.0,7.0,15.0,Historical Observations,,,,21.765,143.71
355020,Guallatiri,11820,Confirmed Eruption,,2.0,1959.0,7.0,15.0,Historical Observations,,,,-18.42,-69.092
357020,San Jose,11921,Confirmed Eruption,,2.0,1959.0,7.0,2.0,Historical Observations,,,,-33.789,-69.895
373050,Kverkfjoll,12902,Confirmed Eruption,,1.0,1959.0,7.0,2.0,Historical Observations,,,,64.653,-16.647
284121,Kita-Fukutokutai,18399,Uncertain Eruption,,0.0,1959.0,7.0,2.0,,,,,24.417,141.417
300240,Tolbachik,19311,Confirmed Eruption,,2.0,1959.0,7.0,2.0,Historical Observations,1960.0,7.0,2.0,55.832,160.326
300120,Zhupanovsky,19137,Confirmed Eruption,,2.0,1959.0,7.0,2.0,Historical Observations,,,,53.589,159.15
284070,Myojinsho,18321,Confirmed Eruption,,0.0,1959.0,7.0,2.0,Historical Observations,,,,31.888,139.918
257090,Traitor's Head,15352,Uncertain Eruption,Four submarine vents N of Erromango,,1959.0,7.0,2.0,,,,,-18.754,169.238
255020,Bagana,15131,Confirmed Eruption,,2.0,1959.0,7.0,2.0,Historical Observations,1960.0,5.0,16.0,-6.137,155.196
243110,Niuafo'ou,14797,Uncertain Eruption,,,1959.0,7.0,2.0,,,,,-15.6,-175.63
284130,Fukutoku-Oka-no-Ba,18455,Uncertain Eruption,,0.0,1959.0,7.0,1.0,,1959.0,10.0,1.0,24.285,141.481
353060,"Azul, Cerro",11726,Confirmed Eruption,East flank,2.0,1959.0,6.0,29.0,Historical Observations,1959.0,7.0,31.0,-0.92,-91.408
251020,Manam,14920,Confirmed Eruption,South Crater,2.0,1959.0,6.0,16.0,Historical Observations,1959.0,7.0,16.0,-4.08,145.037
282020,Io-Torishima,16918,Confirmed Eruption,Iwo-dake,2.0,1959.0,6.0,8.0,Historical Observations,1959.0,7.0,16.0,27.881,128.223
241080,Tongariro,14597,Confirmed Eruption,Ngauruhoe,2.0,1959.0,6.0,1.0,Historical Observations,,,,-39.157,175.632
241100,Ruapehu,14632,Confirmed Eruption,,1.0,1959.0,5.0,21.0,Historical Observations,1959.0,8.0,31.0,-39.28,175.57
285070,Akan,18694,Confirmed Eruption,Me-Akan (Naka- and Ponmachineshiri),1.0,1959.0,5.0,15.0,Historical Observations,1959.0,10.0,16.0,43.384,144.013
257040,Ambrym,15269,Confirmed Eruption,Marum,2.0,1959.0,4.0,16.0,Historical Observations,,,,-16.25,168.12
251010,Bam,14890,Confirmed Eruption,,2.0,1959.0,4.0,2.0,Historical Observations,1959.0,10.0,31.0,-3.613,144.818
357010,Tupungatito,10349,Confirmed Eruption,,2.0,1959.0,3.0,26.0,Historical Observations,,,,-33.425,-69.797
211060,Etna,13793,Confirmed Eruption,Central Crater,1.0,1959.0,3.0,23.0,Historical Observations,1959.0,4.0,25.0,37.748,14.999
233020,"Fournaise, Piton de la",14356,Confirmed Eruption,Bory,2.0,1959.0,3.0,11.0,Historical Observations,1959.0,8.0,6.0,-21.244,55.708
282090,Kirishimayama,17159,Confirmed Eruption,Shinmoe-dake,2.0,1959.0,2.0,13.0,Historical Observations,1959.0,2.0,17.0,31.934,130.862
224010,Cameroon,14131,Confirmed Eruption,NE flank (3000-1500 m),2.0,1959.0,1.0,23.0,Historical Observations,1959.0,3.0,19.0,4.203,9.17
284010,Izu-Oshima,18230,Confirmed Eruption,Mihara-yama,1.0,1959.0,1.0,16.0,Historical Observations,1959.0,1.0,16.0,34.724,139.394
300260,Klyuchevskoy,19449,Confirmed Eruption,,1.0,1959.0,1.0,3.0,Historical Observations,,,,56.056,160.642
283120,Kusatsu-Shiranesan,17841,Confirmed Eruption,Yu-gama,1.0,1958.0,12.0,31.0,Historical Observations,,,,36.618,138.528
243060,Tofua,14750,Confirmed Eruption,Northern part of caldera,2.0,1958.0,12.0,31.0,Historical Observations,1960.0,7.0,2.0,-19.75,-175.07
300250,Bezymianny,19340,Confirmed Eruption,,2.0,1958.0,12.0,28.0,Historical Observations,1959.0,3.0,30.0,55.972,160.595
241040,Whakaari/White Island,14477,Confirmed Eruption,Noisy Nellie and 1933 craters,1.0,1958.0,12.0,16.0,Historical Observations,,,,-37.52,177.18
255060,Kavachi,15154,Confirmed Eruption,,0.0,1958.0,11.0,21.0,Historical Observations,1958.0,12.0,2.0,-8.991,157.979
257040,Ambrym,15268,Confirmed Eruption,Benbow and Marum,2.0,1958.0,11.0,18.0,Historical Observations,,,,-16.25,168.12
211060,Etna,13792,Confirmed Eruption,"NE Crater, Central Crater",1.0,1958.0,11.0,16.0,Historical Observations,1958.0,12.0,16.0,37.748,14.999
352010,Reventador,11441,Confirmed Eruption,,3.0,1958.0,11.0,16.0,Historical Observations,,,,-0.077,-77.656
357120,Villarrica,12160,Confirmed Eruption,,1.0,1958.0,11.0,6.0,Historical Observations,1959.0,12.0,21.0,-39.42,-71.93
241080,Tongariro,14596,Confirmed Eruption,Ngauruhoe,2.0,1958.0,11.0,5.0,Historical Observations,1958.0,11.0,18.0,-39.157,175.632
261140,Marapi,15462,Confirmed Eruption,,1.0,1958.0,10.0,17.0,Historical Observations,1958.0,10.0,25.0,-0.38,100.474
257070,Kuwae,15341,Confirmed Eruption,Karua,2.0,1958.0,10.0,7.0,Historical Observations,1958.0,12.0,18.0,-16.829,168.536
285050,Tokachidake,18655,Confirmed Eruption,NE of Shin-funkako (Showa Crater),1.0,1958.0,10.0,4.0,Historical Observations,1958.0,10.0,4.0,43.418,142.686
283110,Asamayama,17801,Confirmed Eruption,,2.0,1958.0,10.0,3.0,Historical Observations,1959.0,8.0,26.0,36.406,138.523
262000,Krakatau,15606,Confirmed Eruption,Anak Krakatau,2.0,1958.0,10.0,2.0,Historical Observations,1959.0,6.0,25.0,-6.102,105.423
257060,Epi,15327,Confirmed Eruption,,2.0,1958.0,9.0,16.0,Historical Observations,1958.0,11.0,16.0,-16.68,168.37
353010,Fernandina,11663,Confirmed Eruption,"SE, SW and west caldera rim",2.0,1958.0,9.0,16.0,Historical Observations,1958.0,12.0,30.0,-0.37,-91.55
263180,Slamet,13399,Confirmed Eruption,,2.0,1958.0,9.0,13.0,Historical Observations,1958.0,11.0,5.0,-7.242,109.208
251010,Bam,14889,Confirmed Eruption,,2.0,1958.0,9.0,5.0,Historical Observations,1958.0,9.0,10.0,-3.613,144.818
284133,Fukujin,18433,Uncertain Eruption,,0.0,1958.0,8.0,16.0,,1958.0,9.0,16.0,21.93,143.47
311290,Okmok,19846,Confirmed Eruption,SW part of caldera (Cone A),3.0,1958.0,8.0,14.0,Historical Observations,1958.0,8.0,25.0,53.43,-168.13
223020,Nyamuragira,14065,Confirmed Eruption,"North flank (Kitsimbanyi), NNW rift",2.0,1958.0,8.0,7.0,Historical Observations,1958.0,11.0,21.0,-1.408,29.2
300240,Tolbachik,19310,Confirmed Eruption,,2.0,1958.0,7.0,13.0,Historical Observations,,,,55.832,160.326
266110,Mahawu,16469,Confirmed Eruption,,2.0,1958.0,7.0,12.0,Historical Observations,1958.0,7.0,29.0,1.352,124.865
241130,Rumble III,14671,Confirmed Eruption,,0.0,1958.0,7.0,9.0,Hydrophonic,1962.0,7.0,2.0,-35.745,178.478
264050,Sangeang Api,16248,Confirmed Eruption,,1.0,1958.0,7.0,2.0,Historical Observations,,,,-8.2,119.07
290100,Moyorodake [Medvezhia],18764,Confirmed Eruption,Kudriavy,1.0,1958.0,7.0,2.0,Historical Observations,,,,45.389,148.838
284070,Myojinsho,18320,Confirmed Eruption,,0.0,1958.0,7.0,2.0,Historical Observations,,,,31.888,139.918
345040,Poas,11166,Confirmed Eruption,,2.0,1958.0,7.0,2.0,Historical Observations,1961.0,7.0,3.0,10.2,-84.233
284130,Fukutoku-Oka-no-Ba,18454,Uncertain Eruption,,0.0,1958.0,7.0,1.0,,1958.0,10.0,1.0,24.285,141.481
261140,Marapi,15461,Confirmed Eruption,,1.0,1958.0,6.0,23.0,Historical Observations,1958.0,6.0,23.0,-0.38,100.474
233020,"Fournaise, Piton de la",14355,Confirmed Eruption,Dolomieu,2.0,1958.0,5.0,30.0,Historical Observations,1958.0,9.0,20.0,-21.244,55.708
290360,Chikurachki,18849,Confirmed Eruption,,2.0,1958.0,5.0,26.0,Historical Observations,1958.0,5.0,27.0,50.324,155.461
300250,Bezymianny,19339,Confirmed Eruption,,1.0,1958.0,5.0,21.0,Historical Observations,,,,55.972,160.595
300260,Klyuchevskoy,19448,Confirmed Eruption,East part of summit crater,1.0,1958.0,5.0,18.0,Historical Observations,1958.0,8.0,18.0,56.056,160.642
312030,Pavlof,20135,Confirmed Eruption,Upper NNE flank,2.0,1958.0,5.0,17.0,Historical Observations,1958.0,8.0,28.0,55.417,-161.894
252010,Langila,14989,Confirmed Eruption,Crater 2,2.0,1958.0,4.0,21.0,Historical Observations,1958.0,6.0,4.0,-5.525,148.42
263180,Slamet,13398,Confirmed Eruption,,2.0,1958.0,4.0,17.0,Historical Observations,1958.0,5.0,7.0,-7.242,109.208
284010,Izu-Oshima,18229,Confirmed Eruption,Mihara-yama,1.0,1958.0,4.0,17.0,Historical Observations,1958.0,6.0,13.0,34.724,139.394
251010,Bam,14888,Confirmed Eruption,,2.0,1958.0,3.0,11.0,Historical Observations,1958.0,4.0,19.0,-3.613,144.818
285070,Akan,18693,Confirmed Eruption,Me-Akan (Ponmachineshiri),1.0,1958.0,2.0,23.0,Historical Observations,1958.0,2.0,23.0,43.384,144.013
266100,Lokon-Empung,16446,Confirmed Eruption,Tompaluan,2.0,1958.0,2.0,19.0,Historical Observations,1959.0,12.0,23.0,1.358,124.792
222120,"Lengai, Ol Doinyo",14018,Confirmed Eruption,North Crater,1.0,1958.0,2.0,6.0,Historical Observations,,,,-2.764,35.914
252120,Ulawun,15047,Confirmed Eruption,,2.0,1958.0,2.0,1.0,Historical Observations,,,,-5.05,151.33
300250,Bezymianny,19338,Confirmed Eruption,,1.0,1958.0,1.0,16.0,Historical Observations,1958.0,2.0,14.0,55.972,160.595
357010,Tupungatito,20739,Confirmed Eruption,,2.0,1958.0,1.0,16.0,Historical Observations,,,,-33.425,-69.797
223020,Nyamuragira,14064,Confirmed Eruption,Summit caldera and SSE fissure zone,0.0,1957.0,12.0,28.0,Historical Observations,,,,-1.408,29.2
241040,Whakaari/White Island,14476,Confirmed Eruption,,2.0,1957.0,12.0,11.0,Historical Observations,,,,-37.52,177.18
290180,Zavaritzki Caldera,13917,Confirmed Eruption,North end of caldera lake,3.0,1957.0,11.0,12.0,Historical Observations,1957.0,12.0,1.0,46.925,151.95
251010,Bam,14887,Confirmed Eruption,,1.0,1957.0,10.0,26.0,Historical Observations,1957.0,10.0,26.0,-3.613,144.818
290220,Rasshua,18802,Confirmed Eruption,,1.0,1957.0,10.0,16.0,Historical Observations,,,,47.77,153.02
282110,Asosan,13842,Confirmed Eruption,Naka-dake,2.0,1957.0,10.0,16.0,Historical Observations,1958.0,12.0,16.0,32.884,131.104
382010,Fayal,12986,Confirmed Eruption,West flank (Capelinhos) and summit,2.0,1957.0,9.0,27.0,Historical Observations,1958.0,10.0,24.0,38.6,-28.73
344070,"Negro, Cerro",10956,Confirmed Eruption,Summit and east flank,2.0,1957.0,9.0,4.0,Historical Observations,1957.0,9.0,24.0,12.506,-86.702
233020,"Fournaise, Piton de la",14354,Confirmed Eruption,"Bory, N of Bory, NE of Dolomieu",2.0,1957.0,9.0,2.0,Historical Observations,1957.0,11.0,16.0,-21.244,55.708
257040,Ambrym,15267,Confirmed Eruption,"Benbow, Marum",1.0,1957.0,8.0,26.0,Historical Observations,1957.0,10.0,16.0,-16.25,168.12
211060,Etna,13791,Confirmed Eruption,NE Crater,2.0,1957.0,8.0,25.0,Historical Observations,1958.0,5.0,3.0,37.748,14.999
285050,Tokachidake,18654,Uncertain Eruption,NE of Shin-funkako (Showa Crater),1.0,1957.0,8.0,20.0,,1957.0,8.0,20.0,43.418,142.686
284010,Izu-Oshima,18228,Confirmed Eruption,Mihara-yama,1.0,1957.0,8.0,16.0,Historical Observations,1957.0,12.0,16.0,34.724,139.394
223050,Visoke,14110,Confirmed Eruption,11 km north of summit (Mugogo),1.0,1957.0,8.0,1.0,Historical Observations,1957.0,8.0,3.0,-1.458,29.485
300250,Bezymianny,19337,Confirmed Eruption,,2.0,1957.0,7.0,31.0,Historical Observations,1957.0,7.0,31.0,55.972,160.595
300260,Klyuchevskoy,19447,Confirmed Eruption,,1.0,1957.0,7.0,2.0,Historical Observations,,,,56.056,160.642
312160,Trident,20228,Confirmed Eruption,SW flank,2.0,1957.0,7.0,2.0,Historical Observations,1960.0,8.0,10.0,58.236,-155.1
283260,Akita-Yakeyama,18088,Confirmed Eruption,,1.0,1957.0,7.0,2.0,Historical Observations,,,,39.964,140.757
221290,Corbetti Caldera,13958,Discredited Eruption,,,1957.0,7.0,2.0,,1964.0,7.0,2.0,7.193,38.39
264050,Sangeang Api,16247,Confirmed Eruption,,1.0,1957.0,7.0,2.0,Historical Observations,,,,-8.2,119.07
353050,"Negra, Sierra",11710,Confirmed Eruption,Volcano Uncertain: Isabela Island,,1957.0,7.0,2.0,,,,,-0.83,-91.17
351060,Purace,11338,Confirmed Eruption,,2.0,1957.0,7.0,2.0,Historical Observations,,,,2.32,-76.4
390020,Erebus,14127,Uncertain Eruption,,,1957.0,7.0,2.0,,1958.0,7.0,2.0,-77.53,167.17
243100,Fonualei,14783,Confirmed Eruption,,,1957.0,6.0,16.0,Historical Observations,,,,-18.023,-174.317
290360,Chikurachki,18848,Confirmed Eruption,,2.0,1957.0,5.0,16.0,Historical Observations,,,,50.324,155.461
341040,Colima,10465,Confirmed Eruption,,1.0,1957.0,5.0,14.0,Historical Observations,1960.0,7.0,2.0,19.514,-103.62
284070,Myojinsho,18319,Confirmed Eruption,,0.0,1957.0,5.0,2.0,Historical Observations,,,,31.888,139.918
282110,Asosan,13841,Confirmed Eruption,Naka-dake,1.0,1957.0,4.0,12.0,Historical Observations,1957.0,4.0,12.0,32.884,131.104
284120,Ioto,18408,Confirmed Eruption,Chidoriga-hara,1.0,1957.0,3.0,28.0,Historical Observations,1957.0,3.0,28.0,24.751,141.289
344120,Concepcion,11060,Confirmed Eruption,,2.0,1957.0,3.0,27.0,Historical Observations,1957.0,7.0,16.0,11.538,-85.622
263060,Gede-Pangrango,15665,Confirmed Eruption,,2.0,1957.0,3.0,13.0,Historical Observations,1957.0,3.0,13.0,-6.77,106.965
311270,Vsevidof,19832,Uncertain Eruption,West flank fissure,2.0,1957.0,3.0,11.0,,1957.0,3.0,12.0,53.13,-168.693
285070,Akan,18692,Confirmed Eruption,Me-Akan (Ponmachineshiri),1.0,1957.0,2.0,26.0,Historical Observations,1957.0,9.0,5.0,43.384,144.013
342090,Fuego,10719,Confirmed Eruption,,3.0,1957.0,2.0,19.0,Historical Observations,1957.0,2.0,21.0,14.473,-90.88
263180,Slamet,13397,Confirmed Eruption,,2.0,1957.0,2.0,8.0,Historical Observations,1957.0,2.0,8.0,-7.242,109.208
255060,Kavachi,15153,Confirmed Eruption,,0.0,1957.0,2.0,8.0,Historical Observations,,,,-8.991,157.979
211060,Etna,13790,Confirmed Eruption,NE Crater,2.0,1957.0,2.0,5.0,Historical Observations,1957.0,5.0,7.0,37.748,14.999
300110,Dzenzursky,19106,Discredited Eruption,,,1957.0,1.0,28.0,,1957.0,3.0,11.0,53.637,158.922
263090,Tangkuban Parahu,15677,Confirmed Eruption,Kawah Baru,1.0,1957.0,1.0,16.0,Historical Observations,1957.0,1.0,16.0,-6.77,107.6
300120,Zhupanovsky,19136,Confirmed Eruption,"Middle crater, east crater",2.0,1956.0,12.0,27.0,Historical Observations,1957.0,6.0,16.0,53.589,159.15
282110,Asosan,13840,Confirmed Eruption,Naka-dake,1.0,1956.0,12.0,21.0,Historical Observations,1956.0,12.0,21.0,32.884,131.104
300090,Koryaksky,19044,Confirmed Eruption,Summit and upper NW flank (3000 m),3.0,1956.0,12.0,16.0,Historical Observations,1957.0,6.0,16.0,53.321,158.712
264050,Sangeang Api,16246,Confirmed Eruption,,1.0,1956.0,12.0,16.0,Historical Observations,,,,-8.2,119.07
251020,Manam,14919,Confirmed Eruption,"South Crater, Main Crater",3.0,1956.0,12.0,8.0,Historical Observations,1958.0,8.0,16.0,-4.08,145.037
241100,Ruapehu,14631,Confirmed Eruption,,1.0,1956.0,11.0,18.0,Historical Observations,1956.0,11.0,18.0,-39.28,175.57
223020,Nyamuragira,14061,Confirmed Eruption,Summit caldera and NNW fissure zone,1.0,1956.0,11.0,17.0,Historical Observations,1956.0,11.0,18.0,-1.408,29.2
282030,Suwanosejima,16936,Confirmed Eruption,O-take,2.0,1956.0,11.0,16.0,Historical Observations,1984.0,5.0,16.0,29.638,129.714
360060,Soufriere Guadeloupe,12367,Confirmed Eruption,"ESE side, Napoléon Crater",1.0,1956.0,10.0,19.0,Historical Observations,1956.0,10.0,27.0,16.044,-61.664
357120,Villarrica,12159,Confirmed Eruption,,1.0,1956.0,10.0,3.0,Historical Observations,1956.0,11.0,16.0,-39.42,-71.93
300240,Tolbachik,19309,Confirmed Eruption,,2.0,1956.0,9.0,28.0,Historical Observations,1957.0,11.0,28.0,55.832,160.326
312160,Trident,20227,Confirmed Eruption,Volcano Uncertain:  attributed to Trident,2.0,1956.0,9.0,8.0,,1956.0,9.0,9.0,58.236,-155.1
284010,Izu-Oshima,18227,Uncertain Eruption,Mihara-yama,1.0,1956.0,8.0,25.0,,1956.0,8.0,26.0,34.724,139.394
282110,Asosan,13839,Confirmed Eruption,Naka-dake,2.0,1956.0,8.0,16.0,Historical Observations,,,,32.884,131.104
386020,Bouvet,19965,Discredited Eruption,,,1956.0,7.0,15.0,,,,,-54.408,3.351
351060,Purace,11337,Confirmed Eruption,,2.0,1956.0,7.0,2.0,Historical Observations,,,,2.32,-76.4
255020,Bagana,15130,Confirmed Eruption,,2.0,1956.0,7.0,2.0,Historical Observations,,,,-6.137,155.196
258010,Matthew Island,15360,Confirmed Eruption,West-Matthew,0.0,1956.0,7.0,2.0,Historical Observations,,,,-22.33,171.32
263310,Tengger Caldera,15839,Confirmed Eruption,Bromo,2.0,1956.0,6.0,16.0,Historical Observations,1956.0,7.0,16.0,-7.942,112.95
285050,Tokachidake,18653,Confirmed Eruption,NE of Shin-funkako (Showa Crater),1.0,1956.0,6.0,16.0,Historical Observations,1956.0,6.0,16.0,43.418,142.686
263200,Dieng Volcanic Complex,15784,Confirmed Eruption,Sileri Crater,1.0,1956.0,6.0,2.0,Historical Observations,1956.0,6.0,2.0,-7.2,109.879
233010,Karthala,14200,Confirmed Eruption,Chahalé crater,2.0,1956.0,6.0,1.0,Historical Observations,,,,-11.75,43.38
354020,Ubinas,10343,Confirmed Eruption,,2.0,1956.0,5.0,16.0,Historical Observations,1956.0,10.0,21.0,-16.355,-70.903
263060,Gede-Pangrango,15664,Confirmed Eruption,,2.0,1956.0,4.0,28.0,Historical Observations,1956.0,4.0,28.0,-6.77,106.965
284130,Fukutoku-Oka-no-Ba,18453,Uncertain Eruption,,0.0,1956.0,4.0,1.0,,1956.0,5.0,1.0,24.285,141.481
252010,Langila,14988,Confirmed Eruption,Crater 2,2.0,1956.0,3.0,25.0,Historical Observations,1956.0,3.0,31.0,-5.525,148.42
261220,Kaba,15547,Confirmed Eruption,,2.0,1956.0,3.0,22.0,Historical Observations,1956.0,3.0,28.0,-3.522,102.615
285070,Akan,18691,Confirmed Eruption,Me-Akan (Ponmachineshiri),1.0,1956.0,3.0,18.0,Historical Observations,1956.0,10.0,31.0,43.384,144.013
300130,Karymsky,19180,Confirmed Eruption,,1.0,1956.0,3.0,16.0,Historical Observations,1957.0,2.0,16.0,54.049,159.443
312070,Veniaminof,20166,Confirmed Eruption,Western intracaldera cone,3.0,1956.0,3.0,16.0,Historical Observations,1956.0,5.0,23.0,56.17,-159.38
263340,Raung,16138,Confirmed Eruption,,3.0,1956.0,2.0,13.0,Historical Observations,1956.0,3.0,25.0,-8.119,114.056
300260,Klyuchevskoy,19446,Confirmed Eruption,Summit and SE flank (1500 m),2.0,1956.0,1.0,16.0,Historical Observations,1956.0,8.0,2.0,56.056,160.642
241080,Tongariro,14595,Confirmed Eruption,Ngauruhoe (south sub-crater),2.0,1956.0,1.0,11.0,Historical Observations,1956.0,2.0,11.0,-39.157,175.632
390080,Bristol Island,13210,Confirmed Eruption,West flank,3.0,1956.0,1.0,11.0,Historical Observations,1956.0,1.0,19.0,-59.017,-26.533
282110,Asosan,17329,Confirmed Eruption,Naka-dake,2.0,1956.0,1.0,3.0,Historical Observations,1956.0,1.0,13.0,32.884,131.104
284010,Izu-Oshima,18226,Confirmed Eruption,Mihara-yama,1.0,1956.0,1.0,3.0,Historical Observations,1956.0,1.0,6.0,34.724,139.394
263310,Tengger Caldera,13529,Confirmed Eruption,Bromo,2.0,1955.0,12.0,29.0,Historical Observations,1955.0,12.0,30.0,-7.942,112.95
283110,Asamayama,17800,Discredited Eruption,,,1955.0,12.0,16.0,,,,,36.406,138.523
285070,Akan,18690,Confirmed Eruption,Me-Akan (Ponmachineshiri),1.0,1955.0,11.0,19.0,Historical Observations,1955.0,11.0,19.0,43.384,144.013
263180,Slamet,15761,Confirmed Eruption,,2.0,1955.0,11.0,12.0,Historical Observations,1955.0,12.0,20.0,-7.242,109.208
300250,Bezymianny,19336,Confirmed Eruption,,5.0,1955.0,10.0,22.0,Historical Observations,1957.0,3.0,1.0,55.972,160.595
357110,Llaima,12061,Confirmed Eruption,Summit and SE crater,3.0,1955.0,10.0,22.0,Historical Observations,1957.0,11.0,16.0,-38.692,-71.729
282080,Aira,17088,Confirmed Eruption,Minami-dake and east flank (Showa crater),3.0,1955.0,10.0,13.0,Historical Observations,2016.0,8.0,22.0,31.593,130.657
300240,Tolbachik,19308,Confirmed Eruption,,2.0,1955.0,10.0,6.0,Historical Observations,1955.0,12.0,8.0,55.832,160.326
256010,Tinakula,15199,Uncertain Eruption,,2.0,1955.0,8.0,16.0,,1955.0,10.0,15.0,-10.386,165.804
357140,Carran-Los Venados,12188,Confirmed Eruption,Carrán Maar,4.0,1955.0,7.0,27.0,Historical Observations,1955.0,11.0,12.0,-40.35,-72.07
342090,Fuego,10718,Confirmed Eruption,,1.0,1955.0,7.0,26.0,Historical Observations,,,,14.473,-90.88
282110,Asosan,17328,Confirmed Eruption,Naka-dake,1.0,1955.0,7.0,25.0,Historical Observations,1955.0,7.0,28.0,32.884,131.104
263060,Gede-Pangrango,15495,Uncertain Eruption,,1.0,1955.0,7.0,21.0,,1955.0,8.0,2.0,-6.77,106.965
311360,Shishaldin,20082,Confirmed Eruption,,2.0,1955.0,7.0,16.0,Historical Observations,,,,54.756,-163.97
233020,"Fournaise, Piton de la",14353,Confirmed Eruption,"Dolomieu, Bory, S, SE & ESE flanks",2.0,1955.0,7.0,6.0,Historical Observations,1957.0,3.0,16.0,-21.244,55.708
257040,Ambrym,15266,Confirmed Eruption,Benbow,2.0,1955.0,7.0,2.0,Historical Observations,,,,-16.25,168.12
264050,Sangeang Api,16245,Confirmed Eruption,,1.0,1955.0,7.0,2.0,Historical Observations,,,,-8.2,119.07
300130,Karymsky,19179,Confirmed Eruption,,2.0,1955.0,7.0,2.0,Historical Observations,,,,54.049,159.443
290260,Chirinkotan,18827,Confirmed Eruption,Floor of summit explosion crater,2.0,1955.0,7.0,2.0,Historical Observations,,,,48.98,153.48
352010,Reventador,11440,Confirmed Eruption,,2.0,1955.0,7.0,2.0,Historical Observations,,,,-0.077,-77.656
390020,Erebus,13105,Confirmed Eruption,,2.0,1955.0,7.0,2.0,Historical Observations,,,,-77.53,167.17
372030,Katla,12678,Uncertain Eruption,East side of caldera,0.0,1955.0,6.0,25.0,,,,,63.633,-19.083
284070,Myojinsho,18318,Confirmed Eruption,4 km north of Bayonnaise Rocks,0.0,1955.0,6.0,25.0,Historical Observations,,,,31.888,139.918
251050,Long Island,14960,Confirmed Eruption,Motmot,3.0,1955.0,6.0,5.0,Historical Observations,1955.0,6.0,13.0,-5.358,147.12
252010,Langila,14987,Confirmed Eruption,Crater 2,2.0,1955.0,6.0,1.0,Historical Observations,1955.0,6.0,16.0,-5.525,148.42
211060,Etna,13789,Confirmed Eruption,"NE Crater, Central Crater",2.0,1955.0,4.0,5.0,Historical Observations,1956.0,4.0,7.0,37.748,14.999
284130,Fukutoku-Oka-no-Ba,18452,Uncertain Eruption,,0.0,1955.0,4.0,1.0,,1955.0,4.0,1.0,24.285,141.481
332010,Kilauea,10090,Confirmed Eruption,Lower east rift zone (50-400 m),0.0,1955.0,2.0,28.0,Historical Observations,1955.0,5.0,26.0,19.421,-155.287
252010,Langila,14986,Confirmed Eruption,Crater 2,2.0,1955.0,2.0,15.0,Historical Observations,1955.0,2.0,17.0,-5.525,148.42
262000,Krakatau,15605,Confirmed Eruption,Anak Krakatau,2.0,1955.0,2.0,11.0,Historical Observations,,,,-6.102,105.423
222120,"Lengai, Ol Doinyo",14017,Confirmed Eruption,North Crater,2.0,1955.0,1.0,19.0,Historical Observations,1955.0,1.0,20.0,-2.764,35.914
263340,Raung,16137,Confirmed Eruption,,2.0,1955.0,1.0,18.0,Historical Observations,1955.0,1.0,18.0,-8.119,114.056
241040,Whakaari/White Island,14475,Confirmed Eruption,,2.0,1955.0,1.0,16.0,Historical Observations,,,,-37.52,177.18
300240,Tolbachik,19307,Confirmed Eruption,,2.0,1955.0,1.0,7.0,Historical Observations,1955.0,2.0,9.0,55.832,160.326
263200,Dieng Volcanic Complex,15783,Confirmed Eruption,Candradimuka area,0.0,1954.0,12.0,6.0,Historical Observations,1954.0,12.0,6.0,-7.2,109.879
285040,Shikotsu,18630,Confirmed Eruption,Tarumai,1.0,1954.0,11.0,19.0,Historical Observations,1955.0,2.0,14.0,42.688,141.38
282080,Aira,17087,Uncertain Eruption,Minami-dake,1.0,1954.0,11.0,16.0,,1954.0,12.0,16.0,31.593,130.657
353050,"Negra, Sierra",11709,Confirmed Eruption,Volcano Uncertain: originally Alcedo,2.0,1954.0,11.0,9.0,,,,,-0.83,-91.17
353040,Alcedo,11695,Discredited Eruption,,,1954.0,11.0,9.0,,,,,-0.43,-91.12
264050,Sangeang Api,16244,Confirmed Eruption,,2.0,1954.0,11.0,4.0,Historical Observations,,,,-8.2,119.07
284070,Myojinsho,18317,Confirmed Eruption,Myojinsho,0.0,1954.0,11.0,4.0,Historical Observations,1954.0,11.0,5.0,31.888,139.918
344080,"Pilas, Las",10973,Confirmed Eruption,El Hoyo,2.0,1954.0,10.0,29.0,Historical Observations,1954.0,10.0,31.0,12.495,-86.688
343100,San Miguel,10856,Confirmed Eruption,,2.0,1954.0,10.0,21.0,Historical Observations,1954.0,10.0,21.0,13.434,-88.269
258010,Matthew Island,15359,Confirmed Eruption,"West-Matthew (October 1954, not 1953)",2.0,1954.0,10.0,16.0,Historical Observations,,,,-22.33,171.32
285050,Tokachidake,18652,Confirmed Eruption,NE of Shin-funkako (Showa Crater),1.0,1954.0,9.0,16.0,Historical Observations,1954.0,9.0,16.0,43.418,142.686
290240,Sarychev Peak,18813,Confirmed Eruption,,2.0,1954.0,8.0,16.0,Historical Observations,1954.0,10.0,16.0,48.092,153.2
261140,Marapi,15460,Confirmed Eruption,"Kepundan Bongsu, B and C Craters",2.0,1954.0,8.0,16.0,Historical Observations,1957.0,12.0,16.0,-0.38,100.474
251010,Bam,14886,Confirmed Eruption,,2.0,1954.0,8.0,3.0,Historical Observations,1957.0,1.0,2.0,-3.613,144.818
222120,"Lengai, Ol Doinyo",14016,Confirmed Eruption,North Crater,2.0,1954.0,7.0,26.0,Historical Observations,1954.0,9.0,16.0,-2.764,35.914
373010,Grimsvotn,12836,Uncertain Eruption,North and south part of caldera,1.0,1954.0,7.0,16.0,,,,,64.416,-17.316
257040,Ambrym,15265,Confirmed Eruption,Benbow,2.0,1954.0,7.0,2.0,Historical Observations,,,,-16.25,168.12
282030,Suwanosejima,16935,Confirmed Eruption,Submarine E flank (Suwanose-jima Oki),0.0,1954.0,7.0,2.0,Historical Observations,,,,29.638,129.714
313040,Spurr,20398,Discredited Eruption,,,1954.0,7.0,2.0,,,,,61.299,-152.251
224010,Cameroon,14130,Confirmed Eruption,Immediately south of summit,2.0,1954.0,6.0,28.0,Historical Observations,1954.0,7.0,26.0,4.203,9.17
355100,Lascar,11858,Confirmed Eruption,,2.0,1954.0,6.0,16.0,Historical Observations,1954.0,7.0,16.0,-23.37,-67.73
332010,Kilauea,10089,Confirmed Eruption,Halemaumau and Kilauea caldera,0.0,1954.0,5.0,31.0,Historical Observations,1954.0,6.0,3.0,19.421,-155.287
300260,Klyuchevskoy,19445,Confirmed Eruption,,2.0,1954.0,5.0,28.0,Historical Observations,1954.0,9.0,16.0,56.056,160.642
282110,Asosan,17327,Confirmed Eruption,Naka-dake,1.0,1954.0,5.0,26.0,Historical Observations,1954.0,5.0,26.0,32.884,131.104
252010,Langila,14985,Confirmed Eruption,Crater 2,3.0,1954.0,5.0,18.0,Historical Observations,1954.0,11.0,13.0,-5.525,148.42
251020,Manam,14918,Confirmed Eruption,,2.0,1954.0,5.0,16.0,Historical Observations,1954.0,6.0,16.0,-4.08,145.037
241080,Tongariro,14594,Confirmed Eruption,Ngauruhoe (south sub-crater),3.0,1954.0,5.0,13.0,Historical Observations,1955.0,6.0,25.0,-39.157,175.632
285040,Shikotsu,18629,Confirmed Eruption,Tarumai,1.0,1954.0,5.0,2.0,Historical Observations,1954.0,5.0,2.0,42.688,141.38
264050,Sangeang Api,16243,Confirmed Eruption,,2.0,1954.0,4.0,26.0,Historical Observations,,,,-8.2,119.07
234010,Heard,14404,Confirmed Eruption,Mawson Peak,2.0,1954.0,4.0,13.0,Historical Observations,1954.0,6.0,13.0,-53.106,73.513
343020,Santa Ana,22142,Confirmed Eruption,,2.0,1954.0,4.0,,Radiocarbon (corrected),,,,13.853,-89.63
223020,Nyamuragira,14060,Confirmed Eruption,SSE fissure zone (Mihaga),1.0,1954.0,2.0,21.0,Historical Observations,1954.0,5.0,28.0,-1.408,29.2
300240,Tolbachik,19306,Confirmed Eruption,,2.0,1954.0,2.0,21.0,Historical Observations,1954.0,6.0,13.0,55.832,160.326
344070,"Negro, Cerro",10955,Confirmed Eruption,,2.0,1954.0,2.0,16.0,Historical Observations,1954.0,2.0,16.0,12.506,-86.702
284130,Fukutoku-Oka-no-Ba,18451,Uncertain Eruption,,0.0,1954.0,2.0,4.0,,,,,24.285,141.481
233020,"Fournaise, Piton de la",14352,Confirmed Eruption,,,1954.0,1.0,16.0,Historical Observations,1954.0,12.0,16.0,-21.244,55.708
373010,Grimsvotn,12835,Confirmed Eruption,,1.0,1954.0,1.0,15.0,Historical Observations,,,,64.416,-17.316
285070,Akan,18689,Confirmed Eruption,Me-Akan (Nakamachineshiri),1.0,1954.0,1.0,7.0,Historical Observations,1954.0,4.0,13.0,43.384,144.013
390100,Candlemas Island,13225,Uncertain Eruption,NW flank (Lucifer Hill),0.0,1953.0,12.0,31.0,,,,,-57.08,-26.67
241080,Tongariro,14593,Confirmed Eruption,Ngauruhoe (south sub-crater),0.0,1953.0,12.0,28.0,Historical Observations,,,,-39.157,175.632
283110,Asamayama,17799,Confirmed Eruption,,3.0,1953.0,12.0,27.0,Historical Observations,1955.0,8.0,2.0,36.406,138.523
282110,Asosan,17326,Confirmed Eruption,Naka-dake,1.0,1953.0,12.0,16.0,Historical Observations,1953.0,12.0,16.0,32.884,131.104
284130,Fukutoku-Oka-no-Ba,18450,Uncertain Eruption,,0.0,1953.0,12.0,1.0,,1953.0,12.0,1.0,24.285,141.481
312030,Pavlof,20134,Confirmed Eruption,Upper NE or NNE flank,1.0,1953.0,11.0,25.0,Historical Observations,1954.0,8.0,16.0,55.417,-161.894
266030,Soputan,13595,Confirmed Eruption,NE flank (Aeseput),2.0,1953.0,11.0,16.0,Historical Observations,,,,1.112,124.737
257060,Epi,15326,Uncertain Eruption,,0.0,1953.0,11.0,16.0,,,,,-16.68,168.37
360160,Kick 'em Jenny,12459,Confirmed Eruption,,0.0,1953.0,10.0,30.0,Hydrophonic,1953.0,10.0,30.0,12.3,-61.64
283150,Nasudake,17883,Confirmed Eruption,Chausu-dake (1881 crater),1.0,1953.0,10.0,24.0,Historical Observations,1953.0,10.0,29.0,37.125,139.963
264030,Rinjani,16221,Confirmed Eruption,Gunung Barujari,0.0,1953.0,10.0,15.0,Historical Observations,,,,-8.42,116.47
284010,Izu-Oshima,18225,Confirmed Eruption,Mihara-yama,1.0,1953.0,10.0,5.0,Historical Observations,1954.0,2.0,8.0,34.724,139.394
311360,Shishaldin,20081,Confirmed Eruption,,2.0,1953.0,10.0,4.0,Historical Observations,,,,54.756,-163.97
262000,Krakatau,15604,Confirmed Eruption,Anak Krakatau,2.0,1953.0,9.0,21.0,Historical Observations,1953.0,11.0,25.0,-6.102,105.423
285040,Shikotsu,18628,Confirmed Eruption,Tarumai,1.0,1953.0,9.0,14.0,Historical Observations,1953.0,9.0,14.0,42.688,141.38
264110,Iya,15524,Confirmed Eruption,,2.0,1953.0,9.0,4.0,Historical Observations,1953.0,9.0,5.0,-8.891,121.641
353050,"Negra, Sierra",11708,Confirmed Eruption,Volcán Chico area & NW caldera rim,3.0,1953.0,8.0,27.0,Historical Observations,1954.0,1.0,16.0,-0.83,-91.17
234010,Heard,14403,Confirmed Eruption,Mawson Peak,2.0,1953.0,8.0,20.0,Historical Observations,1953.0,11.0,18.0,-53.106,73.513
263180,Slamet,15760,Confirmed Eruption,,2.0,1953.0,8.0,16.0,Historical Observations,1953.0,10.0,16.0,-7.242,109.208
211060,Etna,13788,Uncertain Eruption,,2.0,1953.0,7.0,30.0,,,,,37.748,14.999
313040,Spurr,20397,Confirmed Eruption,South flank (Crater Peak),4.0,1953.0,7.0,9.0,Historical Observations,1953.0,7.0,16.0,61.299,-152.251
311320,Akutan,20020,Confirmed Eruption,,2.0,1953.0,7.0,2.0,Historical Observations,,,,54.134,-165.986
311161,Korovin,19756,Uncertain Eruption,,,1953.0,7.0,2.0,,1954.0,7.0,2.0,52.381,-174.166
284121,Kita-Fukutokutai,18398,Confirmed Eruption,,0.0,1953.0,7.0,2.0,Historical Observations,1954.0,7.0,2.0,24.417,141.417
300130,Karymsky,19178,Confirmed Eruption,,2.0,1953.0,7.0,2.0,Historical Observations,,,,54.049,159.443
267020,Karangetang,16520,Confirmed Eruption,,2.0,1953.0,7.0,2.0,Historical Observations,,,,2.781,125.407
353040,Alcedo,11694,Confirmed Eruption,SE flank near Cartago Bay,0.0,1953.0,7.0,2.0,Historical Observations,,,,-0.43,-91.12
250010,St. Andrew Strait,14858,Confirmed Eruption,Tuluman,2.0,1953.0,6.0,27.0,Historical Observations,1957.0,1.0,28.0,-2.38,147.35
311240,Cleveland,19806,Uncertain Eruption,,,1953.0,6.0,25.0,,,,,52.825,-169.944
255020,Bagana,15129,Confirmed Eruption,,3.0,1953.0,6.0,16.0,Historical Observations,1953.0,9.0,16.0,-6.137,155.196
264270,Sirung,16359,Confirmed Eruption,,,1953.0,6.0,16.0,Historical Observations,,,,-8.508,124.13
300260,Klyuchevskoy,19444,Confirmed Eruption,"Summit, NE flank (Belyankin Crater)",2.0,1953.0,6.0,7.0,Historical Observations,1953.0,6.0,25.0,56.056,160.642
284110,Kita-Ioto,18380,Uncertain Eruption,Funka-Asane,0.0,1953.0,5.0,16.0,,1953.0,5.0,16.0,25.424,141.284
257040,Ambrym,15264,Confirmed Eruption,"Benbow, Mbuelesu, S flank of Benbow",2.0,1953.0,5.0,16.0,Historical Observations,1953.0,10.0,13.0,-16.25,168.12
311120,Great Sitkin,19738,Discredited Eruption,,,1953.0,5.0,11.0,,1953.0,5.0,14.0,52.076,-176.13
251050,Long Island,14959,Confirmed Eruption,Motmot,3.0,1953.0,5.0,8.0,Historical Observations,1954.0,1.0,7.0,-5.358,147.12
282110,Asosan,17325,Confirmed Eruption,Naka-dake,2.0,1953.0,4.0,27.0,Historical Observations,1953.0,7.0,30.0,32.884,131.104
251020,Manam,14917,Confirmed Eruption,,2.0,1953.0,4.0,16.0,Historical Observations,1953.0,8.0,16.0,-4.08,145.037
342090,Fuego,10717,Confirmed Eruption,,3.0,1953.0,4.0,9.0,Historical Observations,1953.0,4.0,13.0,14.473,-90.88
263320,Lamongan,16102,Uncertain Eruption,,2.0,1953.0,4.0,4.0,,1953.0,6.0,16.0,-7.981,113.341
263200,Dieng Volcanic Complex,15782,Confirmed Eruption,,2.0,1953.0,3.0,24.0,Historical Observations,1953.0,3.0,25.0,-7.2,109.879
264050,Sangeang Api,16242,Confirmed Eruption,Doro Api,3.0,1953.0,3.0,19.0,Historical Observations,1953.0,5.0,15.0,-8.2,119.07
262000,Krakatau,15603,Confirmed Eruption,Anak Krakatau,2.0,1953.0,3.0,17.0,Historical Observations,1953.0,5.0,1.0,-6.102,105.423
233020,"Fournaise, Piton de la",14351,Confirmed Eruption,"South, NW & N flanks, Dolomieu, Bory",2.0,1953.0,3.0,13.0,Historical Observations,1953.0,7.0,8.0,-21.244,55.708
263250,Merapi,15908,Confirmed Eruption,,2.0,1953.0,3.0,2.0,Historical Observations,1958.0,12.0,16.0,-7.54,110.446
313020,Iliamna,20287,Uncertain Eruption,,2.0,1953.0,3.0,1.0,,,,,60.032,-153.09
312140,Martin,20210,Confirmed Eruption,Volcano Uncertain: SW of Trident; probably Martin,,1953.0,2.0,17.0,,,,,58.172,-155.361
312160,Trident,20226,Confirmed Eruption,SW flank (1100 m),3.0,1953.0,2.0,15.0,Historical Observations,1954.0,10.0,5.0,58.236,-155.1
257060,Epi,15325,Confirmed Eruption,Epi B and other vents,3.0,1953.0,2.0,12.0,Historical Observations,1953.0,2.0,19.0,-16.68,168.37
257070,Kuwae,15340,Confirmed Eruption,Karua,1.0,1953.0,2.0,12.0,Historical Observations,,,,-16.829,168.536
263340,Raung,16136,Confirmed Eruption,,3.0,1953.0,1.0,31.0,Historical Observations,1953.0,4.0,15.0,-8.119,114.056
300140,Maly Semyachik,17640,Confirmed Eruption,Ceno-Semiachik (Toitsky Crater),2.0,1952.0,12.0,5.0,Historical Observations,,,,54.135,159.674
241080,Tongariro,14592,Confirmed Eruption,Ngauruhoe (south sub-crater),2.0,1952.0,11.0,29.0,Historical Observations,1953.0,7.0,16.0,-39.157,175.632
300130,Karymsky,19177,Confirmed Eruption,,2.0,1952.0,11.0,16.0,Historical Observations,,,,54.049,159.443
290310,Tao-Rusyr Caldera,17623,Confirmed Eruption,Krenitzyn Peak (east flank),3.0,1952.0,11.0,12.0,Historical Observations,1952.0,11.0,19.0,49.35,154.7
290350,Karpinsky Group,18844,Confirmed Eruption,East side of Karpinsky Ridge,1.0,1952.0,11.0,5.0,Historical Observations,,,,50.148,155.373
284140,Farallon de Pajaros,18493,Confirmed Eruption,"Summit, east side",2.0,1952.0,10.0,26.0,Historical Observations,1953.0,4.0,15.0,20.546,144.893
344080,"Pilas, Las",10972,Confirmed Eruption,El Hoyo,1.0,1952.0,10.0,23.0,Historical Observations,1952.0,12.0,16.0,12.495,-86.688
262000,Krakatau,15602,Confirmed Eruption,Anak Krakatau,2.0,1952.0,10.0,10.0,Historical Observations,1952.0,10.0,11.0,-6.102,105.423
257070,Kuwae,15339,Confirmed Eruption,Karua,1.0,1952.0,10.0,3.0,Historical Observations,,,,-16.829,168.536
284070,Myojinsho,18316,Confirmed Eruption,Myojinsho,2.0,1952.0,9.0,16.0,Historical Observations,1953.0,10.0,16.0,31.888,139.918
285050,Tokachidake,18651,Confirmed Eruption,NE of Shin-funkako (Showa Crater),,1952.0,8.0,17.0,Historical Observations,,,,43.418,142.686
263290,Arjuno-Welirang,15961,Confirmed Eruption,NW flank (Kawah Plupuh),0.0,1952.0,8.0,15.0,Historical Observations,,,,-7.733,112.575
257040,Ambrym,15263,Confirmed Eruption,Benbow,2.0,1952.0,8.0,10.0,Historical Observations,1952.0,12.0,26.0,-16.25,168.12
341020,Barcena,10379,Confirmed Eruption,South end of Isla San Benedicto,3.0,1952.0,8.0,1.0,Historical Observations,1953.0,2.0,24.0,19.3,-110.82
283140,Nikko-Shiranesan,17864,Confirmed Eruption,Shirane-san,2.0,1952.0,7.0,16.0,Historical Observations,1952.0,9.0,16.0,36.799,139.376
241100,Ruapehu,14630,Confirmed Eruption,,1.0,1952.0,7.0,16.0,Historical Observations,,,,-39.28,175.57
263200,Dieng Volcanic Complex,15781,Uncertain Eruption,,1.0,1952.0,7.0,16.0,,,,,-7.2,109.879
268040,Gamkonora,16592,Confirmed Eruption,,2.0,1952.0,7.0,16.0,Historical Observations,1952.0,9.0,5.0,1.38,127.53
263090,Tangkuban Parahu,15676,Confirmed Eruption,Kawah Ecoma,1.0,1952.0,7.0,4.0,Historical Observations,1952.0,7.0,11.0,-6.77,107.6
266110,Mahawu,16468,Confirmed Eruption,,2.0,1952.0,7.0,2.0,Historical Observations,,,,1.352,124.865
282110,Asosan,17324,Uncertain Eruption,Naka-dake,,1952.0,7.0,2.0,,,,,32.884,131.104
273088,Ambalatungan Group,16870,Uncertain Eruption,Mt. Binuluan,1.0,1952.0,7.0,2.0,,,,,17.32,121.1
284133,Fukujin,18432,Uncertain Eruption,,0.0,1952.0,7.0,2.0,,,,,21.93,143.47
313020,Iliamna,20093,Uncertain Eruption,,,1952.0,7.0,2.0,,,,,60.032,-153.09
311310,Makushin,19987,Uncertain Eruption,,,1952.0,7.0,2.0,,,,,53.891,-166.923
332010,Kilauea,10088,Confirmed Eruption,Halemaumau,0.0,1952.0,6.0,27.0,Historical Observations,1952.0,11.0,10.0,19.421,-155.287
284130,Fukutoku-Oka-no-Ba,18449,Uncertain Eruption,,0.0,1952.0,6.0,20.0,,1952.0,6.0,20.0,24.285,141.481
283180,Azumayama,17935,Uncertain Eruption,Issaikyo,1.0,1952.0,6.0,18.0,,,,,37.735,140.244
283110,Asamayama,17798,Confirmed Eruption,,2.0,1952.0,6.0,7.0,Historical Observations,1952.0,6.0,14.0,36.406,138.523
233020,"Fournaise, Piton de la",14350,Confirmed Eruption,NE flank near north rim (1500 m),2.0,1952.0,5.0,19.0,Historical Observations,1952.0,7.0,20.0,-21.244,55.708
263350,Ijen,16172,Confirmed Eruption,Kawah Ijen,1.0,1952.0,4.0,22.0,Historical Observations,1952.0,4.0,24.0,-8.058,114.242
255060,Kavachi,15152,Confirmed Eruption,,2.0,1952.0,4.0,16.0,Historical Observations,1953.0,1.0,31.0,-8.991,157.979
261220,Kaba,15546,Confirmed Eruption,,2.0,1952.0,4.0,1.0,Historical Observations,1952.0,4.0,28.0,-3.522,102.615
264250,Iliwerung,16345,Confirmed Eruption,,1.0,1952.0,3.0,24.0,Historical Observations,,,,-8.53,123.57
345040,Poas,11165,Confirmed Eruption,,2.0,1952.0,3.0,23.0,Historical Observations,1957.0,12.0,25.0,10.2,-84.233
274020,Didicas,16876,Confirmed Eruption,,2.0,1952.0,3.0,16.0,Historical Observations,1953.0,7.0,2.0,19.077,122.202
255020,Bagana,15128,Confirmed Eruption,,4.0,1952.0,2.0,29.0,Historical Observations,1952.0,10.0,16.0,-6.137,155.196
267020,Karangetang,16519,Confirmed Eruption,"Craters I, II and III",2.0,1952.0,2.0,16.0,Historical Observations,1952.0,6.0,30.0,2.781,125.407
233010,Karthala,14199,Confirmed Eruption,Chahalé crater,2.0,1952.0,2.0,10.0,Historical Observations,1952.0,2.0,12.0,-11.75,43.38
311070,Gareloi,19684,Confirmed Eruption,,2.0,1952.0,1.0,17.0,Historical Observations,,,,51.79,-178.794
283110,Asamayama,17797,Uncertain Eruption,,1.0,1952.0,1.0,16.0,,1952.0,1.0,16.0,36.406,138.523
261170,Kerinci,15512,Confirmed Eruption,,2.0,1952.0,1.0,16.0,Historical Observations,1952.0,6.0,16.0,-1.697,101.264
290120,Kolokol Group,18772,Confirmed Eruption,Berg,2.0,1952.0,1.0,15.0,Historical Observations,,,,46.042,150.083
311310,Makushin,19986,Confirmed Eruption,,1.0,1951.0,12.0,20.0,Historical Observations,,,,53.891,-166.923
264230,Lewotolo,16336,Confirmed Eruption,,2.0,1951.0,12.0,15.0,Historical Observations,,,,-8.272,123.505
255060,Kavachi,15151,Confirmed Eruption,,2.0,1951.0,12.0,1.0,Historical Observations,,,,-8.991,157.979
300260,Klyuchevskoy,19443,Confirmed Eruption,"Summit, NE flank (Bylinkina, 950 m)",2.0,1951.0,11.0,19.0,Historical Observations,1951.0,11.0,30.0,56.056,160.642
223020,Nyamuragira,14059,Confirmed Eruption,NNW fissure zone (Shabubembe-Ndakaza),2.0,1951.0,11.0,16.0,Historical Observations,1952.0,1.0,16.0,-1.408,29.2
355100,Lascar,11857,Confirmed Eruption,East summit crater,2.0,1951.0,11.0,16.0,Historical Observations,1952.0,2.0,19.0,-23.37,-67.73
264250,Iliwerung,16344,Confirmed Eruption,,2.0,1951.0,11.0,12.0,Historical Observations,1951.0,11.0,16.0,-8.53,123.57
311240,Cleveland,19805,Uncertain Eruption,,,1951.0,11.0,1.0,,1951.0,12.0,16.0,52.825,-169.944
256010,Tinakula,15198,Confirmed Eruption,,3.0,1951.0,10.0,23.0,Historical Observations,1951.0,11.0,27.0,-10.386,165.804
311320,Akutan,20019,Confirmed Eruption,,2.0,1951.0,10.0,16.0,Historical Observations,,,,54.134,-165.986
312030,Pavlof,20133,Confirmed Eruption,Upper NE or NNE flank,2.0,1951.0,10.0,16.0,Historical Observations,1952.0,2.0,16.0,55.417,-161.894
311300,Bogoslof,19862,Uncertain Eruption,,0.0,1951.0,9.0,21.0,,,,,53.93,-168.03
211060,Etna,13787,Confirmed Eruption,NE Crater,1.0,1951.0,9.0,21.0,Historical Observations,1952.0,5.0,30.0,37.748,14.999
233020,"Fournaise, Piton de la",14349,Confirmed Eruption,,1.0,1951.0,9.0,10.0,Historical Observations,1951.0,9.0,20.0,-21.244,55.708
263280,Kelut,15955,Confirmed Eruption,,4.0,1951.0,8.0,31.0,Historical Observations,1951.0,8.0,31.0,-7.93,112.308
243100,Fonualei,14782,Confirmed Eruption,North-central part of the island,2.0,1951.0,8.0,21.0,Historical Observations,,,,-18.023,-174.317
284140,Farallon de Pajaros,18492,Confirmed Eruption,,2.0,1951.0,8.0,16.0,Historical Observations,,,,20.546,144.893
285070,Akan,18688,Uncertain Eruption,Me-Akan (NE foot),1.0,1951.0,7.0,31.0,,1952.0,3.0,16.0,43.384,144.013
285040,Shikotsu,18627,Confirmed Eruption,Tarumai,2.0,1951.0,7.0,28.0,Historical Observations,1951.0,7.0,28.0,42.688,141.38
223020,Nyamuragira,14058,Confirmed Eruption,SW flank (Gituro),1.0,1951.0,7.0,25.0,Historical Observations,1951.0,7.0,28.0,-1.408,29.2
354020,Ubinas,10342,Confirmed Eruption,,2.0,1951.0,7.0,23.0,Historical Observations,,,,-16.355,-70.903
312140,Martin,20209,Confirmed Eruption,Volcano Uncertain: Kukak Bay ashfall; probably Martin,,1951.0,7.0,22.0,,,,,58.172,-155.361
344120,Concepcion,11059,Confirmed Eruption,,2.0,1951.0,7.0,16.0,Historical Observations,1955.0,5.0,16.0,11.538,-85.622
344040,Telica,10923,Confirmed Eruption,,2.0,1951.0,7.0,15.0,Historical Observations,1951.0,10.0,15.0,12.606,-86.84
284133,Fukujin,18431,Confirmed Eruption,,0.0,1951.0,7.0,15.0,Historical Observations,1951.0,10.0,15.0,21.93,143.47
290080,Sashiusudake [Baransky],18757,Confirmed Eruption,,1.0,1951.0,7.0,15.0,Historical Observations,,,,45.1,148.019
311161,Korovin,19755,Uncertain Eruption,,,1951.0,7.0,2.0,,,,,52.381,-174.166
252120,Ulawun,15046,Uncertain Eruption,,,1951.0,7.0,2.0,,,,,-5.05,151.33
264220,Iliboleng,16320,Confirmed Eruption,,2.0,1951.0,7.0,2.0,Historical Observations,,,,-8.342,123.258
266100,Lokon-Empung,16445,Confirmed Eruption,Tompaluan,3.0,1951.0,7.0,2.0,Historical Observations,1953.0,3.0,16.0,1.358,124.792
268040,Gamkonora,16591,Confirmed Eruption,,2.0,1951.0,7.0,2.0,Historical Observations,,,,1.38,127.53
353060,"Azul, Cerro",11725,Confirmed Eruption,,,1951.0,7.0,2.0,Historical Observations,,,,-0.92,-91.408
263180,Slamet,15759,Confirmed Eruption,,2.0,1951.0,6.0,26.0,Historical Observations,1952.0,1.0,1.0,-7.242,109.208
312090,Aniakchak,20194,Discredited Eruption,,,1951.0,6.0,25.0,,1951.0,6.0,25.0,56.88,-158.17
241050,Okataina,14523,Confirmed Eruption,Rotomahana,1.0,1951.0,6.0,16.0,Historical Observations,,,,-38.12,176.5
233020,"Fournaise, Piton de la",14348,Uncertain Eruption,North part of Grand Brule,0.0,1951.0,6.0,16.0,,,,,-21.244,55.708
384010,Fogo,13136,Confirmed Eruption,Northwest and south caldera floor,2.0,1951.0,6.0,12.0,Historical Observations,1951.0,8.0,21.0,14.95,-24.35
304030,Kunlun Volcanic Group,19632,Confirmed Eruption,Ashi Shan,2.0,1951.0,5.0,27.0,Historical Observations,,,,35.52,80.2
341021,Socorro,10374,Confirmed Eruption,SW flank (west of Lomas Coloradas),2.0,1951.0,5.0,22.0,Historical Observations,1951.0,5.0,22.0,18.78,-110.95
241080,Tongariro,14589,Confirmed Eruption,Ngauruhoe,2.0,1951.0,5.0,16.0,Historical Observations,,,,-39.157,175.632
282110,Asosan,17323,Confirmed Eruption,Naka-dake,2.0,1951.0,5.0,4.0,Historical Observations,1951.0,8.0,16.0,32.884,131.104
311360,Shishaldin,20080,Confirmed Eruption,,2.0,1951.0,4.0,16.0,Historical Observations,1951.0,10.0,5.0,54.756,-163.97
241100,Ruapehu,14629,Confirmed Eruption,,1.0,1951.0,3.0,19.0,Historical Observations,,,,-39.28,175.57
263170,Cereme,15729,Confirmed Eruption,,2.0,1951.0,3.0,1.0,Historical Observations,1951.0,3.0,2.0,-6.895,108.408
283260,Akita-Yakeyama,18087,Confirmed Eruption,Kare-numa,1.0,1951.0,2.0,16.0,Historical Observations,,,,39.964,140.757
263180,Slamet,15758,Confirmed Eruption,,2.0,1951.0,2.0,11.0,Historical Observations,,,,-7.242,109.208
285040,Shikotsu,18626,Confirmed Eruption,Tarumai,2.0,1951.0,1.0,29.0,Historical Observations,1951.0,1.0,29.0,42.688,141.38
253010,Lamington,15105,Confirmed Eruption,,4.0,1951.0,1.0,17.0,Historical Observations,1956.0,7.0,2.0,-8.95,148.15
257040,Ambrym,15262,Confirmed Eruption,Benbow,4.0,1950.0,12.0,6.0,Historical Observations,1951.0,11.0,25.0,-16.25,168.12
255060,Kavachi,15150,Confirmed Eruption,,2.0,1950.0,12.0,1.0,Historical Observations,,,,-8.991,157.979
211060,Etna,13786,Confirmed Eruption,East flank (2820-2200 m),2.0,1950.0,11.0,25.0,Historical Observations,1951.0,12.0,2.0,37.748,14.999
344070,"Negro, Cerro",10954,Confirmed Eruption,,3.0,1950.0,11.0,21.0,Historical Observations,1950.0,12.0,17.0,12.506,-86.702
282110,Asosan,17322,Confirmed Eruption,Naka-dake,2.0,1950.0,11.0,16.0,Historical Observations,1951.0,1.0,16.0,32.884,131.104
311120,Great Sitkin,19737,Confirmed Eruption,,,1950.0,11.0,5.0,Historical Observations,1950.0,11.0,29.0,52.076,-176.13
263290,Arjuno-Welirang,15960,Confirmed Eruption,NW part of Gunung Welirang (2500 & 2700 m),2.0,1950.0,10.0,30.0,Historical Observations,,,,-7.733,112.575
268040,Gamkonora,16590,Confirmed Eruption,,2.0,1950.0,10.0,16.0,Historical Observations,,,,1.38,127.53
261140,Marapi,15459,Confirmed Eruption,"Kepundan Bongsu, Kuniang, Jinggo",2.0,1950.0,9.0,27.0,Historical Observations,1952.0,6.0,14.0,-0.38,100.474
283110,Asamayama,17796,Confirmed Eruption,,1.0,1950.0,9.0,23.0,Historical Observations,1951.0,6.0,17.0,36.406,138.523
264250,Iliwerung,16343,Confirmed Eruption,,2.0,1950.0,9.0,10.0,Historical Observations,1950.0,10.0,2.0,-8.53,123.57
233020,"Fournaise, Piton de la",14347,Confirmed Eruption,SE of Bory,2.0,1950.0,8.0,30.0,Historical Observations,1950.0,9.0,5.0,-21.244,55.708
312030,Pavlof,20132,Confirmed Eruption,Upper NE or NNE flank,2.0,1950.0,7.0,31.0,Historical Observations,1951.0,5.0,16.0,55.417,-161.894
263300,Semeru,16006,Confirmed Eruption,Jonggring Seloko,2.0,1950.0,7.0,23.0,Historical Observations,1964.0,12.0,16.0,-8.108,112.922
284010,Izu-Oshima,18224,Confirmed Eruption,"Mihara-yama, south rim",2.0,1950.0,7.0,16.0,Historical Observations,1951.0,6.0,28.0,34.724,139.394
312180,Novarupta,20245,Discredited Eruption,,,1950.0,7.0,5.0,,,,,58.27,-155.157
262000,Krakatau,15601,Confirmed Eruption,Anak Krakatau,2.0,1950.0,7.0,3.0,Historical Observations,1950.0,7.0,7.0,-6.102,105.423
312160,Trident,20225,Confirmed Eruption,Volcano Uncertain:  attributed to Trident,2.0,1950.0,7.0,2.0,,1950.0,8.0,18.0,58.236,-155.1
311070,Gareloi,19683,Confirmed Eruption,,1.0,1950.0,7.0,2.0,Historical Observations,1951.0,7.0,2.0,51.79,-178.794
334050,Northern EPR at 9.8°N,10339,Confirmed Eruption,East Pacific Rise (9.9 deg N),0.0,1950.0,7.0,2.0,Magnetism,,,,9.83,-104.3
283260,Akita-Yakeyama,18086,Confirmed Eruption,Kare-numa,1.0,1950.0,7.0,2.0,Historical Observations,,,,39.964,140.757
357120,Villarrica,12158,Uncertain Eruption,,,1950.0,7.0,2.0,,,,,-39.42,-71.93
282080,Aira,17086,Confirmed Eruption,Minami-dake,1.0,1950.0,6.0,29.0,Historical Observations,1950.0,9.0,9.0,31.593,130.657
241100,Ruapehu,14628,Confirmed Eruption,,1.0,1950.0,6.0,26.0,Historical Observations,1950.0,6.0,26.0,-39.28,175.57
241080,Tongariro,14588,Confirmed Eruption,Ngauruhoe,2.0,1950.0,6.0,16.0,Historical Observations,,,,-39.157,175.632
332020,Mauna Loa,10224,Confirmed Eruption,SW rift zone (2440 m),0.0,1950.0,6.0,1.0,Historical Observations,1950.0,6.0,23.0,19.475,-155.608
263310,Tengger Caldera,13528,Confirmed Eruption,Bromo,2.0,1950.0,5.0,27.0,Historical Observations,1950.0,8.0,16.0,-7.942,112.95
390080,Bristol Island,13209,Confirmed Eruption,,2.0,1950.0,3.0,27.0,Historical Observations,,,,-59.017,-26.533
264220,Iliboleng,16319,Confirmed Eruption,,2.0,1950.0,3.0,16.0,Historical Observations,1950.0,8.0,16.0,-8.342,123.258
261220,Kaba,15545,Confirmed Eruption,Kaba Vogelsang,1.0,1950.0,3.0,16.0,Historical Observations,1951.0,4.0,16.0,-3.522,102.615
233020,"Fournaise, Piton de la",14346,Confirmed Eruption,South flank (2080 m),2.0,1950.0,2.0,25.0,Historical Observations,1950.0,4.0,2.0,-21.244,55.708
283180,Azumayama,17934,Confirmed Eruption,Issaikyo (Oana and NW of Oana),1.0,1950.0,2.0,10.0,Historical Observations,1950.0,2.0,19.0,37.735,140.244
284130,Fukutoku-Oka-no-Ba,18448,Uncertain Eruption,,0.0,1950.0,2.0,1.0,,1950.0,2.0,1.0,24.285,141.481
234010,Heard,14402,Confirmed Eruption,Mawson Peak,2.0,1950.0,1.0,24.0,Historical Observations,1952.0,3.0,12.0,-53.106,73.513
283210,Kurikomayama,18002,Confirmed Eruption,,2.0,1950.0,1.0,15.0,Historical Observations,,,,38.961,140.788
351080,Galeras,11369,Confirmed Eruption,,2.0,1950.0,1.0,12.0,Historical Observations,1950.0,9.0,5.0,1.22,-77.37
212040,Santorini,13892,Confirmed Eruption,Nea Kameni (Liatsikas dome),2.0,1950.0,1.0,10.0,Historical Observations,1950.0,2.0,2.0,36.404,25.396
311120,Great Sitkin,19736,Confirmed Eruption,,1.0,1949.0,12.0,30.0,Historical Observations,1950.0,1.0,7.0,52.076,-176.13
282110,Asosan,17321,Confirmed Eruption,Naka-dake,2.0,1949.0,12.0,26.0,Historical Observations,1950.0,4.0,15.0,32.884,131.104
341130,Tacana,10620,Confirmed Eruption,SW flank,1.0,1949.0,12.0,22.0,Historical Observations,1950.0,1.0,16.0,15.132,-92.109
211060,Etna,13785,Confirmed Eruption,NE Crater,1.0,1949.0,12.0,3.0,Historical Observations,1950.0,11.0,16.0,37.748,14.999
211060,Etna,13784,Confirmed Eruption,Central Crater and NW flank (2420-1900 m),2.0,1949.0,12.0,2.0,Historical Observations,1949.0,12.0,5.0,37.748,14.999
342090,Fuego,10555,Confirmed Eruption,,2.0,1949.0,11.0,0.0,Historical Observations,,,,14.473,-90.88
261140,Marapi,15458,Confirmed Eruption,,2.0,1949.0,10.0,15.0,Historical Observations,1949.0,10.0,22.0,-0.38,100.474
282030,Suwanosejima,16934,Confirmed Eruption,O-take,2.0,1949.0,10.0,0.0,Historical Observations,1954.0,7.0,2.0,29.638,129.714
282040,Nakanoshima,16953,Uncertain Eruption,On-take,1.0,1949.0,10.0,0.0,,,,,29.859,129.857
233020,"Fournaise, Piton de la",14345,Uncertain Eruption,,2.0,1949.0,10.0,0.0,,,,,-21.244,55.708
257070,Kuwae,15338,Confirmed Eruption,Karua,3.0,1949.0,10.0,0.0,Historical Observations,1949.0,12.0,0.0,-16.829,168.536
266100,Lokon-Empung,13752,Confirmed Eruption,Tompaluan,1.0,1949.0,9.0,14.0,Historical Observations,,,,1.358,124.792
267020,Karangetang,16518,Confirmed Eruption,,2.0,1949.0,9.0,14.0,Historical Observations,,,,2.781,125.407
357110,Llaima,12060,Confirmed Eruption,,2.0,1949.0,9.0,0.0,Historical Observations,,,,-38.692,-71.729
283260,Akita-Yakeyama,18085,Confirmed Eruption,Kare-numa,1.0,1949.0,8.0,30.0,Historical Observations,1949.0,9.0,1.0,39.964,140.757
383010,La Palma,13057,Confirmed Eruption,"San Juan, Llano del Banco, Hoyo Negro",2.0,1949.0,6.0,24.0,Historical Observations,1949.0,7.0,30.0,28.57,-17.83
264220,Iliboleng,16318,Confirmed Eruption,,2.0,1949.0,6.0,12.0,Historical Observations,,,,-8.342,123.258
312160,Trident,20224,Confirmed Eruption,,,1949.0,6.0,0.0,Historical Observations,,,,58.236,-155.1
344070,"Negro, Cerro",10953,Confirmed Eruption,,2.0,1949.0,6.0,0.0,Historical Observations,1949.0,6.0,0.0,12.506,-86.702
351060,Purace,11336,Confirmed Eruption,,2.0,1949.0,5.0,26.0,Historical Observations,1949.0,6.0,11.0,2.32,-76.4
312180,Novarupta,20244,Discredited Eruption,,,1949.0,5.0,19.0,,,,,58.27,-155.157
262000,Krakatau,15600,Confirmed Eruption,Anak Krakatau,2.0,1949.0,5.0,12.0,Historical Observations,,,,-6.102,105.423
300260,Klyuchevskoy,19442,Confirmed Eruption,,2.0,1949.0,5.0,0.0,Historical Observations,,,,56.056,160.642
261140,Marapi,15457,Confirmed Eruption,Kepundan Bongsu,2.0,1949.0,4.0,29.0,Historical Observations,1949.0,4.0,30.0,-0.38,100.474
357060,"Azul, Cerro",11959,Confirmed Eruption,Quizapu,2.0,1949.0,4.0,15.0,Historical Observations,,,,-35.653,-70.761
264250,Iliwerung,16342,Confirmed Eruption,,2.0,1949.0,4.0,9.0,Historical Observations,1949.0,4.0,29.0,-8.53,123.57
257070,Kuwae,15337,Confirmed Eruption,Karua,3.0,1949.0,4.0,0.0,Historical Observations,,,,-16.829,168.536
283110,Asamayama,17795,Confirmed Eruption,,2.0,1949.0,3.0,10.0,Historical Observations,1949.0,10.0,24.0,36.406,138.523
241080,Tongariro,14587,Confirmed Eruption,Ngauruhoe (south sub-crater),2.0,1949.0,2.0,9.0,Historical Observations,1949.0,3.0,3.0,-39.157,175.632
283090,Niigata-Yakeyama,17542,Confirmed Eruption,"NE-SW fissures, both sides of summit",2.0,1949.0,2.0,5.0,Historical Observations,1949.0,9.0,13.0,36.921,138.036
264220,Iliboleng,16317,Confirmed Eruption,,2.0,1949.0,2.0,4.0,Historical Observations,,,,-8.342,123.258
332020,Mauna Loa,10223,Confirmed Eruption,Mokuaweoweo and SW rift zone,0.0,1949.0,1.0,6.0,Historical Observations,1949.0,5.0,31.0,19.475,-155.608
267010,Ruang,16491,Confirmed Eruption,,2.0,1949.0,1.0,5.0,Historical Observations,1949.0,1.0,19.0,2.3,125.37
268040,Gamkonora,16589,Confirmed Eruption,,2.0,1949.0,0.0,0.0,Historical Observations,,,,1.38,127.53
264030,Rinjani,16220,Confirmed Eruption,NW flank of Gunung Barujari,0.0,1949.0,0.0,0.0,Historical Observations,1950.0,7.0,2.0,-8.42,116.47
258010,Matthew Island,15358,Confirmed Eruption,West-Matthew,2.0,1949.0,0.0,0.0,Historical Observations,,,,-22.33,171.32
353060,"Azul, Cerro",11724,Confirmed Eruption,,0.0,1949.0,0.0,0.0,Historical Observations,,,,-0.92,-91.408
255020,Bagana,15127,Confirmed Eruption,,3.0,1948.0,12.0,1.0,Historical Observations,1951.0,12.0,1.0,-6.137,155.196
267020,Karangetang,16517,Confirmed Eruption,,2.0,1948.0,12.0,0.0,Historical Observations,,,,2.781,125.407
263060,Gede-Pangrango,15663,Confirmed Eruption,Kawah Leutik (Kawah Ratu),2.0,1948.0,11.0,15.0,Historical Observations,1949.0,2.0,5.0,-6.77,106.965
263180,Slamet,15757,Confirmed Eruption,,2.0,1948.0,11.0,14.0,Historical Observations,1948.0,12.0,15.0,-7.242,109.208
343030,Izalco,10820,Confirmed Eruption,"Summit, SW and NE flanks",3.0,1948.0,11.0,4.0,Historical Observations,1957.0,12.0,1.0,13.813,-89.633
357120,Villarrica,12157,Confirmed Eruption,,3.0,1948.0,10.0,9.0,Historical Observations,1949.0,2.0,3.0,-39.42,-71.93
263250,Merapi,15907,Confirmed Eruption,,2.0,1948.0,9.0,29.0,Historical Observations,1948.0,12.0,0.0,-7.54,110.446
257070,Kuwae,15336,Confirmed Eruption,Karua,2.0,1948.0,9.0,22.0,Historical Observations,1948.0,9.0,29.0,-16.829,168.536
271080,Camiguin,16721,Confirmed Eruption,Upper NE flank of Hibok-Hibok,3.0,1948.0,9.0,1.0,Historical Observations,1953.0,7.0,16.0,9.203,124.673
241080,Tongariro,14586,Confirmed Eruption,Ngauruhoe,2.0,1948.0,9.0,0.0,Historical Observations,,,,-39.157,175.632
344100,Masaya,11028,Confirmed Eruption,Santiago,1.0,1948.0,9.0,0.0,Historical Observations,1948.0,9.0,0.0,11.985,-86.165
353050,"Negra, Sierra",11707,Confirmed Eruption,,2.0,1948.0,8.0,0.0,Historical Observations,1949.0,2.0,0.0,-0.83,-91.17
300260,Klyuchevskoy,19441,Confirmed Eruption,,2.0,1948.0,8.0,0.0,Historical Observations,,,,56.056,160.642
282080,Aira,17085,Confirmed Eruption,East flank of Minami-dake (750 m),1.0,1948.0,7.0,27.0,Historical Observations,1948.0,7.0,27.0,31.593,130.657
353060,"Azul, Cerro",11723,Confirmed Eruption,,0.0,1948.0,6.0,30.0,Historical Observations,,,,-0.92,-91.408
344040,Telica,10922,Confirmed Eruption,,2.0,1948.0,6.0,0.0,Historical Observations,1949.0,11.0,0.0,12.606,-86.84
241100,Ruapehu,14627,Confirmed Eruption,,1.0,1948.0,5.0,1.0,Historical Observations,,,,-39.28,175.57
241080,Tongariro,14585,Confirmed Eruption,Ngauruhoe,2.0,1948.0,4.0,30.0,Historical Observations,1948.0,5.0,0.0,-39.157,175.632
264220,Iliboleng,16316,Confirmed Eruption,,2.0,1948.0,4.0,29.0,Historical Observations,,,,-8.342,123.258
311320,Akutan,20018,Confirmed Eruption,,2.0,1948.0,4.0,29.0,Historical Observations,1948.0,8.0,7.0,54.134,-165.986
233010,Karthala,14198,Confirmed Eruption,Cheminee Nord (Changomeni),2.0,1948.0,4.0,22.0,Historical Observations,1948.0,6.0,16.0,-11.75,43.38
357120,Villarrica,12156,Confirmed Eruption,,2.0,1948.0,4.0,10.0,Historical Observations,,,,-39.42,-71.93
282110,Asosan,17320,Confirmed Eruption,Naka-dake,1.0,1948.0,4.0,9.0,Historical Observations,1948.0,12.0,0.0,32.884,131.104
264250,Iliwerung,16341,Confirmed Eruption,East flank (Iligripe),2.0,1948.0,4.0,7.0,Historical Observations,1948.0,11.0,26.0,-8.53,123.57
344070,"Negro, Cerro",10952,Confirmed Eruption,,2.0,1948.0,3.0,31.0,Historical Observations,,,,12.506,-86.702
223020,Nyamuragira,14057,Confirmed Eruption,"SW flank (Gituro, Muhuboli), N flank",2.0,1948.0,3.0,1.0,Historical Observations,1948.0,7.0,15.0,-1.408,29.2
263310,Tengger Caldera,15621,Confirmed Eruption,Bromo,3.0,1948.0,2.0,15.0,Historical Observations,1948.0,4.0,25.0,-7.942,112.95
233020,"Fournaise, Piton de la",14344,Confirmed Eruption,South flank (le Chateau Fort),2.0,1948.0,2.0,14.0,Historical Observations,1948.0,3.0,8.0,-21.244,55.708
373010,Grimsvotn,12834,Uncertain Eruption,,0.0,1948.0,2.0,0.0,,,,,64.416,-17.316
353020,Wolf,11687,Confirmed Eruption,SE flank (1200 m),2.0,1948.0,1.0,24.0,Historical Observations,1948.0,1.0,31.0,0.02,-91.35
344040,Telica,10921,Confirmed Eruption,,2.0,1948.0,1.0,0.0,Historical Observations,1948.0,1.0,0.0,12.606,-86.84
344120,Concepcion,11058,Confirmed Eruption,,1.0,1948.0,0.0,0.0,Historical Observations,1950.0,7.0,2.0,11.538,-85.622
345040,Poas,11164,Confirmed Eruption,,1.0,1948.0,0.0,0.0,Historical Observations,1951.0,7.0,2.0,10.2,-84.233
311360,Shishaldin,20026,Confirmed Eruption,,2.0,1948.0,0.0,0.0,Historical Observations,,,,54.756,-163.97
283260,Akita-Yakeyama,18084,Confirmed Eruption,Kare-numa,1.0,1948.0,0.0,0.0,Historical Observations,,,,39.964,140.757
267020,Karangetang,16516,Confirmed Eruption,,2.0,1947.0,12.0,1.0,Historical Observations,1947.0,12.0,21.0,2.781,125.407
300070,Gorely,19022,Confirmed Eruption,,2.0,1947.0,12.0,0.0,Historical Observations,,,,52.559,158.03
285040,Shikotsu,18625,Uncertain Eruption,Tarumai,1.0,1947.0,10.0,15.0,Historical Observations,1947.0,10.0,15.0,42.688,141.38
263060,Gede-Pangrango,15662,Confirmed Eruption,"Kawah Ratu?, Kawah Lanang",2.0,1947.0,9.0,2.0,Historical Observations,1948.0,1.0,28.0,-6.77,106.965
266030,Soputan,13594,Confirmed Eruption,NE flank (Aeseput),2.0,1947.0,8.0,22.0,Historical Observations,1947.0,8.0,27.0,1.112,124.737
351080,Galeras,11368,Uncertain Eruption,,2.0,1947.0,7.0,15.0,,,,,1.22,-77.37
344070,"Negro, Cerro",10951,Confirmed Eruption,Summit and NE flank,3.0,1947.0,7.0,9.0,Historical Observations,1947.0,8.0,2.0,12.506,-86.702
283110,Asamayama,17794,Confirmed Eruption,E corner of crater bottom,1.0,1947.0,6.0,0.0,Historical Observations,1947.0,8.0,14.0,36.406,138.523
313020,Iliamna,20286,Uncertain Eruption,,,1947.0,6.0,0.0,,,,,60.032,-153.09
282110,Asosan,17319,Confirmed Eruption,Naka-dake,2.0,1947.0,5.0,26.0,Historical Observations,1947.0,9.0,0.0,32.884,131.104
351060,Purace,11335,Confirmed Eruption,,2.0,1947.0,4.0,27.0,Historical Observations,,,,2.32,-76.4
264270,Sirung,16358,Confirmed Eruption,,2.0,1947.0,4.0,0.0,Historical Observations,1947.0,5.0,0.0,-8.508,124.13
300130,Karymsky,19176,Confirmed Eruption,,2.0,1947.0,4.0,0.0,Historical Observations,,,,54.049,159.443
372070,Hekla,12749,Confirmed Eruption,"Hraungigur, Axlargigur, Toppgigur",4.0,1947.0,3.0,29.0,Historical Observations,1948.0,4.0,21.0,63.983,-19.666
251010,Bam,14885,Confirmed Eruption,,2.0,1947.0,3.0,13.0,Historical Observations,,,,-3.613,144.818
211060,Etna,13525,Confirmed Eruption,NE flank (3050-2150 m),1.0,1947.0,2.0,24.0,Historical Observations,1947.0,3.0,10.0,37.748,14.999
267020,Karangetang,16515,Confirmed Eruption,,2.0,1947.0,2.0,9.0,Historical Observations,1947.0,2.0,9.0,2.781,125.407
390020,Erebus,13104,Confirmed Eruption,,2.0,1947.0,2.0,0.0,Historical Observations,,,,-77.53,167.17
211060,Etna,13524,Confirmed Eruption,"NE Crater, Central Crater",3.0,1947.0,1.0,29.0,Historical Observations,1947.0,2.0,24.0,37.748,14.999
273030,Mayon,16802,Confirmed Eruption,,2.0,1947.0,1.0,8.0,Historical Observations,1947.0,2.0,0.0,13.257,123.685
243110,Niuafo'ou,14796,Uncertain Eruption,,,1947.0,1.0,0.0,,,,,-15.6,-175.63
241040,Whakaari/White Island,13356,Confirmed Eruption,Noisy Nellie Crater,2.0,1947.0,1.0,0.0,Historical Observations,,,,-37.52,177.18
300240,Tolbachik,19305,Confirmed Eruption,,2.0,1947.0,1.0,0.0,Historical Observations,,,,55.832,160.326
284140,Farallon de Pajaros,18491,Confirmed Eruption,North side,0.0,1947.0,1.0,0.0,Historical Observations,,,,20.546,144.893
341090,Popocatepetl,10549,Confirmed Eruption,,1.0,1947.0,1.0,0.0,Historical Observations,1947.0,2.0,0.0,19.023,-98.622
342090,Fuego,10554,Confirmed Eruption,,2.0,1947.0,0.0,0.0,Historical Observations,,,,14.473,-90.88
284121,Kita-Fukutokutai,18397,Uncertain Eruption,,0.0,1947.0,0.0,0.0,,,,,24.417,141.417
233020,"Fournaise, Piton de la",14343,Confirmed Eruption,"Dolomieu, Grand Brule",2.0,1947.0,0.0,0.0,Historical Observations,,,,-21.244,55.708
357120,Villarrica,12155,Confirmed Eruption,,1.0,1947.0,0.0,0.0,Historical Observations,,,,-39.42,-71.93
282110,Asosan,17318,Confirmed Eruption,Naka-dake,2.0,1946.0,12.0,30.0,Historical Observations,1946.0,12.0,30.0,32.884,131.104
262000,Krakatau,15599,Confirmed Eruption,Anak Krakatau,2.0,1946.0,12.0,26.0,Historical Observations,1947.0,8.0,7.0,-6.102,105.423
251010,Bam,14884,Discredited Eruption,,,1946.0,12.0,1.0,,,,,-3.613,144.818
251020,Manam,14916,Confirmed Eruption,South Crater,3.0,1946.0,12.0,1.0,Historical Observations,1947.0,9.0,0.0,-4.08,145.037
311320,Akutan,20017,Confirmed Eruption,,2.0,1946.0,12.0,0.0,Historical Observations,1947.0,1.0,0.0,54.134,-165.986
283210,Kurikomayama,18001,Confirmed Eruption,SE of Tsurugi-yama,2.0,1946.0,11.0,24.0,Historical Observations,,,,38.961,140.788
241100,Ruapehu,14626,Confirmed Eruption,,1.0,1946.0,11.0,21.0,Historical Observations,1947.0,5.0,31.0,-39.28,175.57
290240,Sarychev Peak,18812,Confirmed Eruption,,4.0,1946.0,11.0,9.0,Historical Observations,1946.0,11.0,19.0,48.092,153.2
345040,Poas,11163,Confirmed Eruption,,1.0,1946.0,11.0,4.0,Historical Observations,,,,10.2,-84.233
283110,Asamayama,17793,Confirmed Eruption,,2.0,1946.0,10.0,29.0,Historical Observations,1946.0,10.0,30.0,36.406,138.523
263300,Semeru,16005,Confirmed Eruption,Jonggring Seloko,2.0,1946.0,10.0,29.0,Historical Observations,1947.0,6.0,0.0,-8.108,112.922
300260,Klyuchevskoy,19440,Confirmed Eruption,"SE flank (Apakhonchich, ca. 1600 m)",2.0,1946.0,10.0,23.0,Historical Observations,1946.0,11.0,22.0,56.056,160.642
267010,Ruang,16489,Discredited Eruption,,,1946.0,10.0,13.0,,1946.0,10.0,15.0,2.3,125.37
345030,Miravalles,11136,Confirmed Eruption,SW flank (near Las Hornillas),1.0,1946.0,9.0,14.0,Historical Observations,1946.0,9.0,14.0,10.748,-85.153
243110,Niuafo'ou,14795,Confirmed Eruption,North flank,2.0,1946.0,9.0,9.0,Historical Observations,1946.0,9.0,17.0,-15.6,-175.63
300130,Karymsky,19175,Confirmed Eruption,,2.0,1946.0,9.0,0.0,Historical Observations,1946.0,10.0,0.0,54.049,159.443
311120,Great Sitkin,19735,Uncertain Eruption,,,1946.0,8.0,14.0,,,,,52.076,-176.13
311360,Shishaldin,20079,Confirmed Eruption,,2.0,1946.0,8.0,0.0,Historical Observations,1947.0,1.0,0.0,54.756,-163.97
262000,Krakatau,13387,Confirmed Eruption,Anak Krakatau,1.0,1946.0,7.0,25.0,Historical Observations,1946.0,7.0,25.0,-6.102,105.423
357110,Llaima,12059,Confirmed Eruption,,2.0,1946.0,7.0,23.0,Historical Observations,,,,-38.692,-71.729
233020,"Fournaise, Piton de la",14342,Confirmed Eruption,Dolomieu crater and upper flanks,2.0,1946.0,6.0,18.0,Historical Observations,1946.0,7.0,5.0,-21.244,55.708
344100,Masaya,11027,Confirmed Eruption,Santiago,1.0,1946.0,6.0,0.0,Historical Observations,1947.0,12.0,0.0,11.985,-86.165
282110,Asosan,17317,Confirmed Eruption,Naka-dake,2.0,1946.0,4.0,29.0,Historical Observations,1946.0,6.0,24.0,32.884,131.104
290120,Kolokol Group,18771,Confirmed Eruption,Berg,2.0,1946.0,4.0,15.0,Historical Observations,,,,46.042,150.083
300130,Karymsky,19174,Confirmed Eruption,,2.0,1946.0,4.0,0.0,Historical Observations,,,,54.049,159.443
282090,Kirishimayama,17158,Uncertain Eruption,Karakuni-dake ?,2.0,1946.0,4.0,0.0,,,,,31.934,130.862
241100,Ruapehu,14625,Confirmed Eruption,,2.0,1946.0,4.0,0.0,Historical Observations,1946.0,6.0,0.0,-39.28,175.57
344040,Telica,10920,Confirmed Eruption,,2.0,1946.0,4.0,0.0,Historical Observations,1946.0,8.0,0.0,12.606,-86.84
351060,Purace,11334,Confirmed Eruption,,2.0,1946.0,3.0,0.0,Historical Observations,1946.0,4.0,0.0,2.32,-76.4
284070,Myojinsho,18315,Confirmed Eruption,Island at 31.95 N 140.02 E,2.0,1946.0,2.0,4.0,Historical Observations,,,,31.888,139.918
211060,Etna,13523,Confirmed Eruption,NE Crater,1.0,1946.0,2.0,0.0,Historical Observations,1946.0,10.0,0.0,37.748,14.999
263300,Semeru,13459,Confirmed Eruption,Jonggring Seloko,2.0,1946.0,2.0,0.0,Historical Observations,1946.0,5.0,0.0,-8.108,112.922
282080,Aira,17084,Confirmed Eruption,East flank of Minami-dake (750 m),2.0,1946.0,1.0,0.0,Historical Observations,1946.0,11.0,0.0,31.593,130.657
290100,Moyorodake [Medvezhia],18763,Uncertain Eruption,Kudriavy,2.0,1946.0,0.0,0.0,,,,,45.389,148.838
312150,Mageik,20222,Uncertain Eruption,,2.0,1946.0,0.0,0.0,,,,,58.195,-155.253
357070,"Chillan, Nevados de",11988,Confirmed Eruption,Volcán Nuevo,2.0,1946.0,0.0,0.0,Historical Observations,1947.0,0.0,0.0,-36.868,-71.378
357010,Tupungatito,11897,Confirmed Eruption,,2.0,1946.0,0.0,0.0,Historical Observations,1947.0,0.0,0.0,-33.425,-69.797
282050,Kuchinoerabujima,16972,Confirmed Eruption,NNE-SSW fissure on E side of Shindake,2.0,1945.0,11.0,3.0,Historical Observations,1945.0,11.0,3.0,30.443,130.217
373010,Grimsvotn,12833,Uncertain Eruption,,1.0,1945.0,9.0,25.0,,,,,64.416,-17.316
282110,Asosan,17316,Confirmed Eruption,Naka-dake,2.0,1945.0,9.0,16.0,Historical Observations,1945.0,9.0,19.0,32.884,131.104
300130,Karymsky,19173,Confirmed Eruption,,2.0,1945.0,9.0,0.0,Historical Observations,,,,54.049,159.443
300140,Maly Semyachik,17639,Confirmed Eruption,Ceno-Semiachik (Toitsky Crater),2.0,1945.0,9.0,0.0,Historical Observations,1946.0,4.0,15.0,54.135,159.674
300060,Mutnovsky,13986,Confirmed Eruption,,2.0,1945.0,6.0,23.0,Historical Observations,,,,52.449,158.196
300260,Klyuchevskoy,19439,Confirmed Eruption,"SE flank (Yubileinoye, 1000-1450 m)",3.0,1945.0,6.0,19.0,Historical Observations,1945.0,7.0,7.0,56.056,160.642
263300,Semeru,10032,Confirmed Eruption,Jonggring Seloko,2.0,1945.0,6.0,12.0,Historical Observations,1945.0,6.0,18.0,-8.108,112.922
211060,Etna,13522,Confirmed Eruption,NE Crater,1.0,1945.0,6.0,5.0,Historical Observations,1945.0,10.0,0.0,37.748,14.999
311290,Okmok,19845,Confirmed Eruption,SW part of caldera (Cone A),2.0,1945.0,6.0,4.0,Historical Observations,1945.0,12.0,0.0,53.43,-168.13
233020,"Fournaise, Piton de la",14341,Confirmed Eruption,SE flank near Nez Coupe du Tremblet,2.0,1945.0,4.0,15.0,Historical Observations,1945.0,5.0,6.0,-21.244,55.708
357110,Llaima,12058,Confirmed Eruption,,3.0,1945.0,3.0,31.0,Historical Observations,1945.0,4.0,3.0,-38.692,-71.729
241100,Ruapehu,14624,Confirmed Eruption,,3.0,1945.0,3.0,8.0,Historical Observations,1945.0,12.0,0.0,-39.28,175.57
311120,Great Sitkin,19734,Confirmed Eruption,,2.0,1945.0,3.0,0.0,Historical Observations,,,,52.076,-176.13
300100,Avachinsky,19102,Confirmed Eruption,,4.0,1945.0,2.0,25.0,Historical Observations,1945.0,2.0,25.0,53.256,158.836
358060,Lautaro,12317,Confirmed Eruption,,1.0,1945.0,1.0,15.0,Historical Observations,,,,-49.019,-73.504
358020,Calbuco,12261,Confirmed Eruption,,,1945.0,0.0,0.0,Historical Observations,,,,-41.33,-72.618
357070,"Chillan, Nevados de",11987,Uncertain Eruption,Volcán Nuevo,,1945.0,0.0,0.0,,,,,-36.868,-71.378
255020,Bagana,15126,Confirmed Eruption,,2.0,1945.0,0.0,0.0,Historical Observations,1947.0,0.0,0.0,-6.137,155.196
262000,Krakatau,13386,Confirmed Eruption,Anak Krakatau,2.0,1945.0,0.0,0.0,Historical Observations,,,,-6.102,105.423
264030,Rinjani,16219,Confirmed Eruption,NW flank of Barujari (Rombongan),2.0,1944.0,12.0,25.0,Historical Observations,1945.0,1.0,1.0,-8.42,116.47
300260,Klyuchevskoy,19438,Confirmed Eruption,,3.0,1944.0,12.0,9.0,Historical Observations,1945.0,1.0,20.0,56.056,160.642
263200,Dieng Volcanic Complex,15780,Confirmed Eruption,Sileri Crater,2.0,1944.0,12.0,4.0,Historical Observations,,,,-7.2,109.879
342090,Fuego,10553,Confirmed Eruption,,2.0,1944.0,12.0,1.0,Historical Observations,,,,14.473,-90.88
284120,Ioto,18407,Confirmed Eruption,North and west sides near the coast,1.0,1944.0,12.0,0.0,Historical Observations,,,,24.751,141.289
283210,Kurikomayama,18000,Confirmed Eruption,,1.0,1944.0,11.0,20.0,Historical Observations,1944.0,12.0,0.0,38.961,140.788
300270,Sheveluch,19578,Confirmed Eruption,Suelich,2.0,1944.0,11.0,5.0,Historical Observations,1950.0,4.0,6.0,56.653,161.36
241100,Ruapehu,14623,Confirmed Eruption,,2.0,1944.0,10.0,0.0,Historical Observations,,,,-39.28,175.57
284210,Esmeralda Bank,18540,Uncertain Eruption,,0.0,1944.0,8.0,20.0,,,,,15.0,145.25
264220,Iliboleng,16315,Confirmed Eruption,,2.0,1944.0,8.0,0.0,Historical Observations,1944.0,10.0,0.0,-8.342,123.258
285040,Shikotsu,17616,Confirmed Eruption,Tarumai,1.0,1944.0,7.0,2.0,Historical Observations,1944.0,7.0,2.0,42.688,141.38
263340,Raung,16135,Confirmed Eruption,,2.0,1944.0,6.0,30.0,Historical Observations,1945.0,4.0,19.0,-8.119,114.056
285030,Toya,18600,Confirmed Eruption,Usu East flank (Showa-Shinzan),2.0,1944.0,6.0,23.0,Historical Observations,1945.0,9.0,19.0,42.544,140.839
311240,Cleveland,19702,Confirmed Eruption,,3.0,1944.0,6.0,10.0,Historical Observations,1944.0,6.0,12.0,52.825,-169.944
263180,Slamet,15756,Confirmed Eruption,,2.0,1944.0,5.0,9.0,Historical Observations,1944.0,10.0,30.0,-7.242,109.208
233020,"Fournaise, Piton de la",14340,Confirmed Eruption,,2.0,1944.0,4.0,11.0,Historical Observations,1944.0,5.0,1.0,-21.244,55.708
344120,Concepcion,11057,Confirmed Eruption,,2.0,1944.0,4.0,0.0,Historical Observations,1945.0,12.0,0.0,11.538,-85.622
312070,Veniaminof,20165,Confirmed Eruption,Western intracaldera cone,2.0,1944.0,3.0,28.0,Historical Observations,,,,56.17,-159.38
352010,Reventador,11439,Confirmed Eruption,,3.0,1944.0,2.0,24.0,Historical Observations,1944.0,3.0,1.0,-0.077,-77.656
283110,Asamayama,17792,Confirmed Eruption,,2.0,1944.0,1.0,0.0,Historical Observations,1945.0,11.0,0.0,36.406,138.523
290161,Milna,18472,Uncertain Eruption,Goriaschaia Sopka,2.0,1944.0,0.0,0.0,,,,,46.815,151.786
251010,Bam,14883,Confirmed Eruption,,2.0,1944.0,0.0,0.0,Historical Observations,,,,-3.613,144.818
242050,Monowai,14703,Uncertain Eruption,,0.0,1944.0,0.0,0.0,,,,,-25.887,-177.188
262000,Krakatau,13385,Confirmed Eruption,Anak Krakatau,2.0,1944.0,0.0,0.0,Historical Observations,,,,-6.102,105.423
352080,Tungurahua,11641,Uncertain Eruption,,2.0,1944.0,0.0,0.0,,,,,-1.467,-78.442
357110,Llaima,12057,Confirmed Eruption,,2.0,1944.0,0.0,0.0,Historical Observations,,,,-38.692,-71.729
357090,Copahue,12005,Confirmed Eruption,,,1944.0,0.0,0.0,Historical Observations,,,,-37.856,-71.183
282110,Asosan,17315,Confirmed Eruption,Naka-dake,2.0,1943.0,12.0,9.0,Historical Observations,1944.0,2.0,0.0,32.884,131.104
344040,Telica,10919,Confirmed Eruption,,2.0,1943.0,12.0,0.0,Historical Observations,1944.0,4.0,0.0,12.606,-86.84
252140,Rabaul,15093,Confirmed Eruption,Tavurvur,2.0,1943.0,11.0,24.0,Historical Observations,1943.0,12.0,23.0,-4.271,152.203
263200,Dieng Volcanic Complex,15779,Confirmed Eruption,Sileri Crater,1.0,1943.0,11.0,3.0,Historical Observations,,,,-7.2,109.879
360160,Kick 'em Jenny,12458,Confirmed Eruption,,0.0,1943.0,10.0,5.0,Hydrophonic,1943.0,10.0,6.0,12.3,-61.64
263180,Slamet,15755,Confirmed Eruption,,2.0,1943.0,10.0,2.0,Historical Observations,1944.0,1.0,5.0,-7.242,109.208
243110,Niuafo'ou,14794,Confirmed Eruption,SW flank,2.0,1943.0,9.0,26.0,Historical Observations,1943.0,10.0,16.0,-15.6,-175.63
253040,Waiowa,15108,Confirmed Eruption,,3.0,1943.0,9.0,18.0,Historical Observations,1944.0,8.0,31.0,-9.57,149.075
282110,Asosan,17314,Confirmed Eruption,Naka-dake,2.0,1943.0,6.0,21.0,Historical Observations,1943.0,6.0,24.0,32.884,131.104
311290,Okmok,19844,Confirmed Eruption,SW part of caldera (Cone A),1.0,1943.0,6.0,0.0,Historical Observations,,,,53.43,-168.13
353060,"Azul, Cerro",11722,Confirmed Eruption,Caldera ring fracture,3.0,1943.0,4.0,13.0,Historical Observations,1943.0,5.0,11.0,-0.92,-91.408
255020,Bagana,15125,Confirmed Eruption,,1.0,1943.0,4.0,7.0,Historical Observations,,,,-6.137,155.196
233020,"Fournaise, Piton de la",14339,Confirmed Eruption,"SE of Dolomieu, lower Grandes Pentes",2.0,1943.0,3.0,30.0,Historical Observations,1943.0,5.0,26.0,-21.244,55.708
263180,Slamet,15754,Uncertain Eruption,,,1943.0,3.0,18.0,,,,,-7.242,109.208
263340,Raung,16134,Confirmed Eruption,,2.0,1943.0,3.0,17.0,Historical Observations,1943.0,6.0,18.0,-8.119,114.056
351030,"Tolima, Nevado del",11303,Confirmed Eruption,,2.0,1943.0,3.0,0.0,Historical Observations,,,,4.658,-75.33
341060,Michoacan-Guanajuato,10486,Confirmed Eruption,Parícutin,4.0,1943.0,2.0,20.0,Historical Observations,1952.0,2.0,25.0,19.85,-101.75
300130,Karymsky,19172,Confirmed Eruption,,2.0,1943.0,2.0,1.0,Historical Observations,,,,54.049,159.443
284140,Farallon de Pajaros,18490,Confirmed Eruption,"Summit, south side",2.0,1943.0,0.0,0.0,Historical Observations,,,,20.546,144.893
314010,St. Paul Island,20404,Uncertain Eruption,Several km SW of St. Paul,,1943.0,0.0,0.0,,,,,57.18,-170.3
262000,Krakatau,13384,Confirmed Eruption,Anak Krakatau,2.0,1943.0,0.0,0.0,Historical Observations,,,,-6.102,105.423
261140,Marapi,15456,Confirmed Eruption,"Kepundan Kuniang, Kepundan Jinggo",,1943.0,0.0,0.0,Historical Observations,,,,-0.38,100.474
273030,Mayon,16801,Confirmed Eruption,,1.0,1943.0,0.0,0.0,Historical Observations,,,,13.257,123.685
251050,Long Island,14958,Confirmed Eruption,Motmot,,1943.0,0.0,0.0,Historical Observations,,,,-5.358,147.12
285020,Hokkaido-Komagatake,18579,Confirmed Eruption,NW-SE 1.6-km fissure,3.0,1942.0,11.0,16.0,Historical Observations,1942.0,11.0,18.0,42.063,140.677
233020,"Fournaise, Piton de la",14338,Confirmed Eruption,"Bory, rim of Dolomieu",2.0,1942.0,10.0,5.0,Historical Observations,1942.0,10.0,25.0,-21.244,55.708
266100,Lokon-Empung,13751,Confirmed Eruption,Tompaluan,2.0,1942.0,9.0,3.0,Historical Observations,,,,1.358,124.792
263100,Papandayan,15687,Confirmed Eruption,,1.0,1942.0,8.0,15.0,Historical Observations,1942.0,8.0,16.0,-7.32,107.73
241100,Ruapehu,14622,Confirmed Eruption,,2.0,1942.0,8.0,10.0,Historical Observations,,,,-39.28,175.57
282080,Aira,17083,Confirmed Eruption,East flank of Minami-dake (750 m),1.0,1942.0,7.0,16.0,Historical Observations,1942.0,7.0,16.0,31.593,130.657
211060,Etna,13521,Confirmed Eruption,SW flank (2780-2240 m),2.0,1942.0,6.0,30.0,Historical Observations,1942.0,7.0,1.0,37.748,14.999
357110,Llaima,12056,Confirmed Eruption,,2.0,1942.0,6.0,9.0,Historical Observations,1942.0,11.0,0.0,-38.692,-71.729
282110,Asosan,17313,Uncertain Eruption,Naka-dake,1.0,1942.0,6.0,8.0,,1942.0,6.0,22.0,32.884,131.104
257040,Ambrym,15261,Confirmed Eruption,NW flank of Benbow,2.0,1942.0,6.0,6.0,Historical Observations,,,,-16.25,168.12
263250,Merapi,15906,Confirmed Eruption,,2.0,1942.0,5.0,30.0,Historical Observations,1945.0,5.0,0.0,-7.54,110.446
332020,Mauna Loa,10222,Confirmed Eruption,NE rift zone (2800 m) and Mokuaweoweo,0.0,1942.0,4.0,26.0,Historical Observations,1942.0,5.0,10.0,19.475,-155.608
352050,Cotopaxi,11596,Uncertain Eruption,,3.0,1942.0,2.0,17.0,,1942.0,2.0,19.0,-0.677,-78.436
283120,Kusatsu-Shiranesan,17840,Confirmed Eruption,Fissure east and south of Yu-gama,1.0,1942.0,2.0,2.0,Historical Observations,,,,36.618,138.528
262000,Krakatau,15598,Confirmed Eruption,Anak Krakatau,2.0,1942.0,1.0,29.0,Historical Observations,1942.0,1.0,30.0,-6.102,105.423
252010,Langila,14984,Uncertain Eruption,Crater 2,1.0,1942.0,0.0,0.0,,,,,-5.525,148.42
255060,Kavachi,15149,Confirmed Eruption,,1.0,1942.0,0.0,0.0,Historical Observations,,,,-8.991,157.979
341090,Popocatepetl,10548,Confirmed Eruption,,1.0,1942.0,0.0,0.0,Historical Observations,1943.0,0.0,0.0,19.023,-98.622
312090,Aniakchak,20193,Uncertain Eruption,,,1942.0,0.0,0.0,,,,,56.88,-158.17
311110,Kanaga,19720,Confirmed Eruption,,1.0,1942.0,0.0,0.0,Historical Observations,,,,51.923,-177.168
263340,Raung,16133,Confirmed Eruption,,2.0,1941.0,12.0,13.0,Historical Observations,,,,-8.119,114.056
267020,Karangetang,16514,Confirmed Eruption,,2.0,1941.0,10.0,30.0,Historical Observations,1941.0,10.0,30.0,2.781,125.407
211060,Etna,13520,Confirmed Eruption,"Central Crater, NE Crater",2.0,1941.0,10.0,0.0,Historical Observations,1944.0,4.0,26.0,37.748,14.999
263300,Semeru,10031,Confirmed Eruption,ESE flank (1400-1775 m),2.0,1941.0,9.0,21.0,Historical Observations,1942.0,2.0,0.0,-8.108,112.922
273030,Mayon,16800,Confirmed Eruption,,1.0,1941.0,9.0,13.0,Historical Observations,,,,13.257,123.685
264100,Ebulobo,13703,Confirmed Eruption,,0.0,1941.0,8.0,23.0,Historical Observations,,,,-8.817,121.191
357110,Llaima,12055,Confirmed Eruption,,2.0,1941.0,6.0,23.0,Historical Observations,,,,-38.692,-71.729
252140,Rabaul,15092,Confirmed Eruption,Tavurvur,2.0,1941.0,6.0,6.0,Historical Observations,1942.0,3.0,31.0,-4.271,152.203
264250,Iliwerung,16340,Uncertain Eruption,,,1941.0,6.0,5.0,,,,,-8.53,123.57
264030,Rinjani,16218,Uncertain Eruption,Rinjani summit,,1941.0,5.0,30.0,,,,,-8.42,116.47
282080,Aira,17082,Confirmed Eruption,East flank of Minami-dake (750 m),2.0,1941.0,4.0,28.0,Historical Observations,1941.0,8.0,26.0,31.593,130.657
341040,Colima,10464,Uncertain Eruption,,3.0,1941.0,4.0,15.0,,,,,19.514,-103.62
373010,Grimsvotn,12832,Uncertain Eruption,,0.0,1941.0,4.0,0.0,,1941.0,8.0,0.0,64.416,-17.316
284140,Farallon de Pajaros,18489,Confirmed Eruption,,,1941.0,3.0,28.0,Historical Observations,,,,20.546,144.893
262000,Krakatau,15597,Confirmed Eruption,Anak Krakatau,2.0,1941.0,1.0,28.0,Historical Observations,1941.0,2.0,12.0,-6.102,105.423
252120,Ulawun,15045,Confirmed Eruption,,2.0,1941.0,1.0,26.0,Historical Observations,1941.0,1.0,26.0,-5.05,151.33
283120,Kusatsu-Shiranesan,17839,Confirmed Eruption,,1.0,1941.0,1.0,19.0,Historical Observations,1941.0,1.0,19.0,36.618,138.528
251010,Bam,14882,Discredited Eruption,,,1941.0,0.0,0.0,,1942.0,0.0,0.0,-3.613,144.818
233020,"Fournaise, Piton de la",14337,Confirmed Eruption,,1.0,1941.0,0.0,0.0,Historical Observations,,,,-21.244,55.708
357020,San Jose,11920,Discredited Eruption,,,1941.0,0.0,0.0,,,,,-33.789,-69.895
344040,Telica,10918,Uncertain Eruption,,,1941.0,0.0,0.0,,,,,12.606,-86.84
345040,Poas,11162,Confirmed Eruption,,1.0,1941.0,0.0,0.0,Historical Observations,1946.0,0.0,0.0,10.2,-84.233
282030,Suwanosejima,16933,Confirmed Eruption,O-take,2.0,1940.0,11.0,29.0,Historical Observations,,,,29.638,129.714
300240,Tolbachik,19304,Confirmed Eruption,"Summit, SW flank (1950 m)",3.0,1940.0,11.0,0.0,Historical Observations,1941.0,7.0,15.0,55.832,160.326
241080,Tongariro,14584,Confirmed Eruption,Ngauruhoe,2.0,1940.0,9.0,0.0,Historical Observations,1940.0,10.0,0.0,-39.157,175.632
284010,Izu-Oshima,18223,Confirmed Eruption,Mihara-yama,1.0,1940.0,8.0,18.0,Historical Observations,1940.0,8.0,19.0,34.724,139.394
222120,"Lengai, Ol Doinyo",14015,Confirmed Eruption,North Crater,3.0,1940.0,7.0,24.0,Historical Observations,1941.0,2.0,0.0,-2.764,35.914
284040,Miyakejima,18270,Confirmed Eruption,"Oyama, NE flank",3.0,1940.0,7.0,12.0,Historical Observations,1940.0,8.0,5.0,34.094,139.526
261230,Dempo,15569,Confirmed Eruption,,2.0,1940.0,7.0,0.0,Historical Observations,,,,-4.016,103.121
267020,Karangetang,16513,Confirmed Eruption,,2.0,1940.0,6.0,20.0,Historical Observations,1940.0,8.0,23.0,2.781,125.407
344040,Telica,10917,Confirmed Eruption,,2.0,1940.0,6.0,0.0,Historical Observations,1940.0,10.0,0.0,12.606,-86.84
283190,Zaozan [Zaosan],17989,Confirmed Eruption,Okama,1.0,1940.0,5.0,18.0,Historical Observations,1940.0,5.0,18.0,38.144,140.44
263310,Tengger Caldera,15620,Confirmed Eruption,Bromo,2.0,1940.0,4.0,25.0,Historical Observations,1940.0,7.0,3.0,-7.942,112.95
282080,Aira,17081,Confirmed Eruption,Minami-dake and east flank (750 m),2.0,1940.0,4.0,24.0,Historical Observations,1940.0,7.0,9.0,31.593,130.657
282110,Asosan,17312,Confirmed Eruption,Naka-dake,2.0,1940.0,4.0,20.0,Historical Observations,1941.0,8.0,8.0,32.884,131.104
283120,Kusatsu-Shiranesan,17838,Confirmed Eruption,,1.0,1940.0,4.0,7.0,Historical Observations,1940.0,9.0,13.0,36.618,138.528
332020,Mauna Loa,10221,Confirmed Eruption,Mokuaweoweo and SW rift zone,0.0,1940.0,4.0,7.0,Historical Observations,1940.0,8.0,18.0,19.475,-155.608
267010,Ruang,16488,Discredited Eruption,,,1940.0,4.0,0.0,,,,,2.3,125.37
241100,Ruapehu,14621,Confirmed Eruption,,2.0,1940.0,4.0,0.0,Historical Observations,,,,-39.28,175.57
263180,Slamet,15753,Confirmed Eruption,,2.0,1940.0,3.0,15.0,Historical Observations,1940.0,4.0,15.0,-7.242,109.208
267020,Karangetang,16512,Confirmed Eruption,,2.0,1940.0,3.0,1.0,Historical Observations,1940.0,3.0,9.0,2.781,125.407
252140,Rabaul,15091,Confirmed Eruption,Tavurvur,1.0,1940.0,2.0,4.0,Historical Observations,1940.0,5.0,18.0,-4.271,152.203
300240,Tolbachik,19303,Confirmed Eruption,,2.0,1940.0,2.0,0.0,Historical Observations,1940.0,4.0,0.0,55.832,160.326
357100,Lonquimay,12015,Uncertain Eruption,,,1940.0,2.0,0.0,,,,,-38.379,-71.586
300120,Zhupanovsky,19135,Confirmed Eruption,,2.0,1940.0,1.0,0.0,Historical Observations,1940.0,2.0,0.0,53.589,159.15
300130,Karymsky,19171,Confirmed Eruption,,2.0,1940.0,0.0,0.0,Historical Observations,,,,54.049,159.443
290120,Kolokol Group,18770,Confirmed Eruption,Berg,,1940.0,0.0,0.0,Historical Observations,,,,46.042,150.083
221080,Erta Ale,13933,Confirmed Eruption,,0.0,1940.0,0.0,0.0,Historical Observations,,,,13.6,40.67
263340,Raung,16132,Confirmed Eruption,,2.0,1940.0,0.0,0.0,Historical Observations,,,,-8.119,114.056
355100,Lascar,11856,Confirmed Eruption,,2.0,1940.0,0.0,0.0,Historical Observations,,,,-23.37,-67.73
352050,Cotopaxi,11595,Confirmed Eruption,,2.0,1940.0,0.0,0.0,Historical Observations,,,,-0.677,-78.436
353060,"Azul, Cerro",11719,Confirmed Eruption,East flank (Cerro de Las Animas),0.0,1940.0,0.0,0.0,Historical Observations,,,,-0.92,-91.408
261230,Dempo,15568,Confirmed Eruption,,2.0,1939.0,12.0,19.0,Historical Observations,1940.0,2.0,21.0,-4.016,103.121
264180,Lewotobi,16293,Confirmed Eruption,Lewotobi Lakilaki,2.0,1939.0,12.0,17.0,Historical Observations,1940.0,4.0,21.0,-8.542,122.775
263250,Merapi,15905,Confirmed Eruption,,2.0,1939.0,12.0,13.0,Historical Observations,1940.0,9.0,0.0,-7.54,110.446
263180,Slamet,15752,Confirmed Eruption,,2.0,1939.0,12.0,4.0,Historical Observations,1939.0,12.0,4.0,-7.242,109.208
261220,Kaba,15544,Confirmed Eruption,"Kaba Baru, Kaba Lama",2.0,1939.0,11.0,19.0,Historical Observations,1941.0,3.0,14.0,-3.522,102.615
257050,Lopevi,15303,Confirmed Eruption,NW and/or SW flanks,2.0,1939.0,11.0,1.0,Historical Observations,,,,-16.507,168.346
312070,Veniaminof,20164,Confirmed Eruption,Western intracaldera cone,2.0,1939.0,11.0,0.0,Historical Observations,,,,56.17,-159.38
344040,Telica,10916,Confirmed Eruption,,2.0,1939.0,11.0,0.0,Historical Observations,1939.0,11.0,0.0,12.606,-86.84
282080,Aira,17080,Confirmed Eruption,East flank of Minami-dake (750 m),2.0,1939.0,10.0,26.0,Historical Observations,1939.0,11.0,12.0,31.593,130.657
263200,Dieng Volcanic Complex,15778,Confirmed Eruption,Butak Petarangan,1.0,1939.0,10.0,13.0,Historical Observations,1939.0,10.0,15.0,-7.2,109.879
272080,Biliran,16752,Confirmed Eruption,,1.0,1939.0,9.0,26.0,Historical Observations,,,,11.523,124.535
300240,Tolbachik,19302,Confirmed Eruption,,2.0,1939.0,9.0,25.0,Historical Observations,1939.0,9.0,27.0,55.832,160.326
284010,Izu-Oshima,18222,Confirmed Eruption,Mihara-yama,1.0,1939.0,9.0,1.0,Historical Observations,1939.0,9.0,16.0,34.724,139.394
273030,Mayon,16799,Confirmed Eruption,,1.0,1939.0,8.0,21.0,Historical Observations,,,,13.257,123.685
212040,Santorini,13891,Confirmed Eruption,"Nea Kameni (Triton, Ktenas, Fouque domes)",2.0,1939.0,8.0,20.0,Historical Observations,1941.0,7.0,2.0,36.404,25.396
284090,Izu-Torishima,18369,Confirmed Eruption,North side of 1902 crater (Iwo-yama),3.0,1939.0,8.0,17.0,Historical Observations,1939.0,12.0,26.0,30.484,140.303
241080,Tongariro,14583,Confirmed Eruption,Ngauruhoe,2.0,1939.0,8.0,0.0,Historical Observations,,,,-39.157,175.632
360160,Kick 'em Jenny,12457,Confirmed Eruption,,1.0,1939.0,7.0,24.0,Historical Observations,1939.0,7.0,24.0,12.3,-61.64
261230,Dempo,15567,Confirmed Eruption,,2.0,1939.0,7.0,18.0,Historical Observations,1939.0,7.0,30.0,-4.016,103.121
283190,Zaozan [Zaosan],17988,Uncertain Eruption,Okama,1.0,1939.0,7.0,0.0,,,,,38.144,140.44
263310,Tengger Caldera,13518,Confirmed Eruption,Bromo,2.0,1939.0,6.0,24.0,Historical Observations,1939.0,7.0,0.0,-7.942,112.95
283070,Yakedake,17522,Confirmed Eruption,,2.0,1939.0,6.0,4.0,Historical Observations,1939.0,6.0,4.0,36.227,137.587
243100,Fonualei,14781,Confirmed Eruption,"Summit, west and SE sides",2.0,1939.0,6.0,0.0,Historical Observations,,,,-18.023,-174.317
373010,Grimsvotn,12831,Uncertain Eruption,,0.0,1939.0,6.0,0.0,,,,,64.416,-17.316
312070,Veniaminof,20163,Confirmed Eruption,Western intracaldera cone,3.0,1939.0,5.0,23.0,Historical Observations,1939.0,6.0,26.0,56.17,-159.38
345060,Irazu,11226,Confirmed Eruption,,2.0,1939.0,5.0,18.0,Historical Observations,1940.0,2.0,0.0,9.979,-83.852
343100,San Miguel,10855,Confirmed Eruption,,2.0,1939.0,5.0,0.0,Historical Observations,1939.0,7.0,0.0,13.434,-88.269
300060,Mutnovsky,13985,Confirmed Eruption,,2.0,1939.0,5.0,0.0,Historical Observations,,,,52.449,158.196
255060,Kavachi,15148,Confirmed Eruption,,2.0,1939.0,4.0,30.0,Historical Observations,,,,-8.991,157.979
263040,Perbakti-Gagak,15641,Confirmed Eruption,Kawah Parabakti,1.0,1939.0,4.0,6.0,Historical Observations,,,,-6.75,106.7
263180,Slamet,15751,Confirmed Eruption,,2.0,1939.0,3.0,29.0,Historical Observations,1939.0,7.0,15.0,-7.242,109.208
257050,Lopevi,15302,Confirmed Eruption,NW and SE flanks,2.0,1939.0,2.0,2.0,Historical Observations,,,,-16.507,168.346
352050,Cotopaxi,11594,Confirmed Eruption,,2.0,1939.0,2.0,2.0,Historical Observations,,,,-0.677,-78.436
343030,Izalco,10819,Confirmed Eruption,Summit and SSE flank,2.0,1939.0,2.0,0.0,Historical Observations,1948.0,2.0,0.0,13.813,-89.633
283120,Kusatsu-Shiranesan,17837,Confirmed Eruption,Yu-gama,1.0,1939.0,2.0,0.0,Historical Observations,1939.0,8.0,28.0,36.618,138.528
284010,Izu-Oshima,18221,Confirmed Eruption,Mihara-yama,1.0,1939.0,2.0,0.0,Historical Observations,1939.0,2.0,0.0,34.724,139.394
255020,Bagana,15124,Confirmed Eruption,,2.0,1939.0,1.0,30.0,Historical Observations,,,,-6.137,155.196
344040,Telica,10915,Confirmed Eruption,,2.0,1939.0,1.0,0.0,Historical Observations,1939.0,6.0,0.0,12.606,-86.84
284140,Farallon de Pajaros,18488,Confirmed Eruption,East side ?,2.0,1939.0,0.0,0.0,Historical Observations,,,,20.546,144.893
373060,Askja,12918,Confirmed Eruption,South shore of Öskjuvatn lake,2.0,1938.0,12.0,19.0,Historical Observations,,,,65.033,-16.783
233020,"Fournaise, Piton de la",14336,Confirmed Eruption,"ESE and SW flanks, Dolomieu",2.0,1938.0,12.0,7.0,Historical Observations,1939.0,1.0,15.0,-21.244,55.708
357120,Villarrica,12154,Confirmed Eruption,,2.0,1938.0,12.0,1.0,Historical Observations,1939.0,2.0,1.0,-39.42,-71.93
357110,Llaima,12054,Confirmed Eruption,,1.0,1938.0,12.0,0.0,Historical Observations,,,,-38.692,-71.729
263040,Perbakti-Gagak,15640,Confirmed Eruption,Kawah Parabakti,1.0,1938.0,12.0,0.0,Historical Observations,,,,-6.75,106.7
300060,Mutnovsky,18970,Confirmed Eruption,,2.0,1938.0,11.0,0.0,Historical Observations,,,,52.449,158.196
300130,Karymsky,19170,Confirmed Eruption,,2.0,1938.0,10.0,0.0,Historical Observations,,,,54.049,159.443
311310,Makushin,19985,Confirmed Eruption,,2.0,1938.0,10.0,0.0,Historical Observations,,,,53.891,-166.923
268060,Gamalama,16665,Confirmed Eruption,,2.0,1938.0,9.0,8.0,Historical Observations,1938.0,9.0,8.0,0.8,127.33
357040,Planchon-Peteroa,11940,Confirmed Eruption,Peteroa,2.0,1938.0,9.0,0.0,Historical Observations,1938.0,10.0,0.0,-35.223,-70.568
263340,Raung,16131,Confirmed Eruption,,2.0,1938.0,8.0,13.0,Historical Observations,1939.0,1.0,10.0,-8.119,114.056
290320,Nemo Peak,18840,Confirmed Eruption,,2.0,1938.0,8.0,12.0,Historical Observations,,,,49.57,154.808
284010,Izu-Oshima,18220,Confirmed Eruption,Mihara-yama,1.0,1938.0,8.0,11.0,Historical Observations,1938.0,8.0,11.0,34.724,139.394
233020,"Fournaise, Piton de la",14335,Confirmed Eruption,,1.0,1938.0,7.0,25.0,Historical Observations,1938.0,7.0,29.0,-21.244,55.708
283120,Kusatsu-Shiranesan,17836,Confirmed Eruption,Yu-gama,1.0,1938.0,7.0,17.0,Historical Observations,1938.0,10.0,5.0,36.618,138.528
283130,Akagisan,17849,Uncertain Eruption,,,1938.0,7.0,16.0,,,,,36.56,139.193
262000,Krakatau,15596,Confirmed Eruption,Anak Krakatau,3.0,1938.0,7.0,4.0,Historical Observations,1940.0,7.0,2.0,-6.102,105.423
273030,Mayon,16798,Confirmed Eruption,,2.0,1938.0,6.0,5.0,Historical Observations,,,,13.257,123.685
255020,Bagana,15123,Confirmed Eruption,,3.0,1938.0,5.0,15.0,Historical Observations,,,,-6.137,155.196
264100,Ebulobo,13702,Confirmed Eruption,,,1938.0,5.0,0.0,Historical Observations,1938.0,6.0,0.0,-8.817,121.191
264140,Kelimutu,16262,Confirmed Eruption,,2.0,1938.0,5.0,0.0,Historical Observations,1938.0,6.0,0.0,-8.77,121.82
373010,Grimsvotn,12830,Confirmed Eruption,8 km N of Svartibunki,1.0,1938.0,5.0,0.0,Historical Observations,,,,64.416,-17.316
283110,Asamayama,17791,Confirmed Eruption,,1.0,1938.0,3.0,25.0,Historical Observations,1942.0,12.0,0.0,36.406,138.523
282030,Suwanosejima,16932,Confirmed Eruption,O-take,2.0,1938.0,3.0,11.0,Historical Observations,1938.0,3.0,11.0,29.638,129.714
300100,Avachinsky,19100,Confirmed Eruption,,3.0,1938.0,3.0,6.0,Historical Observations,1938.0,12.0,1.0,53.256,158.836
282080,Aira,17079,Confirmed Eruption,Minami-dake,2.0,1938.0,2.0,25.0,Historical Observations,1938.0,3.0,31.0,31.593,130.657
357120,Villarrica,12153,Uncertain Eruption,,1.0,1938.0,2.0,11.0,,,,,-39.42,-71.93
355070,San Pedro-San Pablo,11839,Confirmed Eruption,,2.0,1938.0,2.0,0.0,Historical Observations,,,,-21.888,-68.391
263050,Salak,13394,Confirmed Eruption,Kawah Cikaluwung Putri,2.0,1938.0,1.0,31.0,Historical Observations,,,,-6.72,106.73
223020,Nyamuragira,14056,Confirmed Eruption,"Summit, SE and SW flanks (Tshambene)",1.0,1938.0,1.0,28.0,Historical Observations,1940.0,6.0,25.0,-1.408,29.2
261170,Kerinci,15511,Confirmed Eruption,,2.0,1938.0,1.0,19.0,Historical Observations,1938.0,3.0,18.0,-1.697,101.264
282110,Asosan,17311,Confirmed Eruption,Naka-dake,2.0,1938.0,0.0,0.0,Historical Observations,1939.0,8.0,11.0,32.884,131.104
266010,Colo,16422,Confirmed Eruption,Gunung Colo,1.0,1938.0,0.0,0.0,Historical Observations,,,,-0.162,121.601
251050,Long Island,14957,Confirmed Eruption,Lake Wisdom,,1938.0,0.0,0.0,Historical Observations,,,,-5.358,147.12
257040,Ambrym,15260,Confirmed Eruption,"Benbow, Marum ?",2.0,1938.0,0.0,0.0,Historical Observations,,,,-16.25,168.12
311290,Okmok,19843,Confirmed Eruption,SW part of caldera (Cone A),,1938.0,0.0,0.0,Historical Observations,,,,53.43,-168.13
311240,Cleveland,19701,Confirmed Eruption,,,1938.0,0.0,0.0,Historical Observations,,,,52.825,-169.944
353020,Wolf,11686,Confirmed Eruption,,,1938.0,0.0,0.0,Historical Observations,,,,0.02,-91.35
283120,Kusatsu-Shiranesan,17835,Confirmed Eruption,Yu-gama,1.0,1937.0,11.0,27.0,Historical Observations,1938.0,2.0,16.0,36.618,138.528
311210,Yunaska,19796,Confirmed Eruption,,3.0,1937.0,11.0,3.0,Historical Observations,1937.0,11.0,4.0,52.643,-170.629
344040,Telica,10914,Confirmed Eruption,,2.0,1937.0,11.0,0.0,Historical Observations,1938.0,8.0,0.0,12.606,-86.84
263340,Raung,16013,Confirmed Eruption,,2.0,1937.0,10.0,27.0,Historical Observations,1937.0,11.0,27.0,-8.119,114.056
357091,Callaqui,19917,Uncertain Eruption,,,1937.0,9.0,18.0,,,,,-37.92,-71.45
261170,Kerinci,15510,Confirmed Eruption,,2.0,1937.0,9.0,8.0,Historical Observations,,,,-1.697,101.264
261130,Talakmau,15416,Uncertain Eruption,,1.0,1937.0,9.0,8.0,,,,,0.079,99.98
255020,Bagana,15122,Confirmed Eruption,,3.0,1937.0,9.0,7.0,Historical Observations,,,,-6.137,155.196
233020,"Fournaise, Piton de la",14334,Confirmed Eruption,"Bory, flanks of Bory and Dolomieu",2.0,1937.0,8.0,13.0,Historical Observations,1937.0,11.0,25.0,-21.244,55.708
262000,Krakatau,15595,Confirmed Eruption,Anak Krakatau,2.0,1937.0,8.0,6.0,Historical Observations,1937.0,11.0,23.0,-6.102,105.423
355010,Tacora,11816,Uncertain Eruption,,,1937.0,8.0,5.0,,,,,-17.72,-69.77
284010,Izu-Oshima,18219,Confirmed Eruption,Mihara-yama,0.0,1937.0,7.0,17.0,Historical Observations,1937.0,8.0,0.0,34.724,139.394
263170,Cereme,15728,Confirmed Eruption,Floor and north wall of East Crater,2.0,1937.0,6.0,24.0,Historical Observations,1938.0,1.0,7.0,-6.895,108.408
357130,Mocho-Choshuenco,12186,Confirmed Eruption,El Mocho,,1937.0,6.0,16.0,Historical Observations,,,,-39.927,-72.027
354020,Ubinas,11631,Confirmed Eruption,,2.0,1937.0,6.0,0.0,Historical Observations,,,,-16.355,-70.903
252140,Rabaul,15090,Confirmed Eruption,Vulcan and Tavurvur,4.0,1937.0,5.0,29.0,Historical Observations,1937.0,6.0,2.0,-4.271,152.203
282110,Asosan,17310,Confirmed Eruption,Naka-dake,2.0,1937.0,5.0,7.0,Historical Observations,1937.0,5.0,13.0,32.884,131.104
252120,Ulawun,15044,Uncertain Eruption,,,1937.0,5.0,0.0,,,,,-5.05,151.33
300260,Klyuchevskoy,19437,Confirmed Eruption,"Summit, east flank (Bilyukai)",3.0,1937.0,4.0,3.0,Historical Observations,1939.0,3.0,0.0,56.056,160.642
357040,Planchon-Peteroa,11939,Confirmed Eruption,Petoroa (south of 1889-94 crater),2.0,1937.0,4.0,0.0,Historical Observations,1937.0,5.0,5.0,-35.223,-70.568
257040,Ambrym,15259,Confirmed Eruption,Benbow and west flank,2.0,1937.0,3.0,27.0,Historical Observations,1937.0,4.0,0.0,-16.25,168.12
285020,Hokkaido-Komagatake,18578,Confirmed Eruption,,1.0,1937.0,3.0,17.0,Historical Observations,1937.0,3.0,19.0,42.063,140.677
353010,Fernandina,11662,Confirmed Eruption,,0.0,1937.0,3.0,0.0,Historical Observations,1937.0,4.0,0.0,-0.37,-91.55
357110,Llaima,12053,Confirmed Eruption,,2.0,1937.0,2.0,9.0,Historical Observations,1937.0,11.0,2.0,-38.692,-71.729
282110,Asosan,17309,Confirmed Eruption,Naka-dake,2.0,1937.0,1.0,13.0,Historical Observations,1937.0,1.0,13.0,32.884,131.104
241080,Tongariro,14582,Confirmed Eruption,Ngauruhoe,2.0,1937.0,1.0,0.0,Historical Observations,,,,-39.157,175.632
243040,Hunga Tonga-Hunga Ha'apai,14731,Confirmed Eruption,,2.0,1937.0,0.0,0.0,Historical Observations,,,,-20.536,-175.382
261050,"Telong, Bur ni",15401,Confirmed Eruption,,,1937.0,0.0,0.0,Historical Observations,,,,4.769,96.821
231120,"Dhamar, Harras of",14159,Confirmed Eruption,Near the town of Dhamar,2.0,1937.0,0.0,0.0,Historical Observations,,,,14.57,44.67
263180,Slamet,15750,Confirmed Eruption,,,1937.0,0.0,0.0,Historical Observations,,,,-7.242,109.208
284121,Kita-Fukutokutai,18396,Uncertain Eruption,,0.0,1937.0,0.0,0.0,,,,,24.417,141.417
357090,Copahue,12004,Confirmed Eruption,,2.0,1937.0,0.0,0.0,Historical Observations,,,,-37.856,-71.183
343030,Izalco,10818,Confirmed Eruption,,2.0,1937.0,0.0,0.0,Historical Observations,1938.0,0.0,0.0,13.813,-89.633
390080,Bristol Island,13208,Confirmed Eruption,,2.0,1936.0,12.0,18.0,Historical Observations,1937.0,1.0,1.0,-59.017,-26.533
261230,Dempo,15566,Confirmed Eruption,,2.0,1936.0,11.0,26.0,Historical Observations,1936.0,11.0,27.0,-4.016,103.121
285040,Shikotsu,17615,Confirmed Eruption,Tarumai,1.0,1936.0,11.0,15.0,Historical Observations,1936.0,11.0,26.0,42.688,141.38
263350,Ijen,16171,Confirmed Eruption,Kawah Ijen,2.0,1936.0,11.0,5.0,Historical Observations,1936.0,11.0,25.0,-8.058,114.242
263040,Perbakti-Gagak,15639,Confirmed Eruption,Cipanas Parabakti,1.0,1936.0,10.0,26.0,Historical Observations,1936.0,10.0,28.0,-6.75,106.7
262000,Krakatau,15594,Confirmed Eruption,Anak Krakatau,1.0,1936.0,10.0,13.0,Historical Observations,1936.0,11.0,0.0,-6.102,105.423
233020,"Fournaise, Piton de la",14333,Confirmed Eruption,Near 1933 crater,0.0,1936.0,9.0,0.0,Historical Observations,,,,-21.244,55.708
251020,Manam,14915,Confirmed Eruption,"Main Crater, South Crater",3.0,1936.0,9.0,0.0,Historical Observations,1939.0,0.0,0.0,-4.08,145.037
261170,Kerinci,15509,Confirmed Eruption,,2.0,1936.0,8.0,30.0,Historical Observations,1936.0,8.0,30.0,-1.697,101.264
352010,Reventador,11438,Confirmed Eruption,,3.0,1936.0,8.0,27.0,Historical Observations,,,,-0.077,-77.656
263340,Raung,13686,Confirmed Eruption,,2.0,1936.0,8.0,22.0,Historical Observations,1936.0,12.0,11.0,-8.119,114.056
300240,Tolbachik,19301,Confirmed Eruption,,2.0,1936.0,8.0,13.0,Historical Observations,1937.0,3.0,2.0,55.832,160.326
282110,Asosan,17308,Confirmed Eruption,Naka-dake,2.0,1936.0,8.0,8.0,Historical Observations,1936.0,8.0,14.0,32.884,131.104
351110,Chiles-Cerro Negro,11388,Confirmed Eruption,Volcano Uncertain: possibly Reventador,2.0,1936.0,7.0,17.0,Historical Observations,,,,0.817,-77.938
312150,Mageik,20221,Uncertain Eruption,,2.0,1936.0,7.0,4.0,,1936.0,7.0,5.0,58.195,-155.253
251010,Bam,14881,Uncertain Eruption,,,1936.0,7.0,0.0,,1939.0,4.0,0.0,-3.613,144.818
242010,Curtis Island,14679,Uncertain Eruption,,,1936.0,6.0,18.0,,1936.0,12.0,0.0,-30.543,-178.556
243050,Fonuafo'ou,14742,Confirmed Eruption,,2.0,1936.0,6.0,0.0,Historical Observations,,,,-20.32,-175.42
241100,Ruapehu,14620,Confirmed Eruption,,2.0,1936.0,5.0,9.0,Historical Observations,1936.0,5.0,13.0,-39.28,175.57
261170,Kerinci,15508,Confirmed Eruption,,2.0,1936.0,4.0,29.0,Historical Observations,1936.0,4.0,29.0,-1.697,101.264
285040,Shikotsu,17614,Confirmed Eruption,Tarumai,1.0,1936.0,4.0,19.0,Historical Observations,1936.0,4.0,19.0,42.688,141.38
284140,Farallon de Pajaros,18487,Confirmed Eruption,,2.0,1936.0,4.0,15.0,Historical Observations,,,,20.546,144.893
351080,Galeras,11367,Confirmed Eruption,,2.0,1936.0,2.0,9.0,Historical Observations,1936.0,8.0,27.0,1.22,-77.37
282110,Asosan,17307,Confirmed Eruption,Naka-dake,2.0,1936.0,2.0,5.0,Historical Observations,1936.0,2.0,5.0,32.884,131.104
311290,Okmok,19842,Uncertain Eruption,SW part of caldera (Cone A),,1936.0,0.0,0.0,,,,,53.43,-168.13
312030,Pavlof,20131,Confirmed Eruption,,3.0,1936.0,0.0,0.0,Historical Observations,1948.0,5.0,0.0,55.417,-161.894
333060,Macdonald,10313,Uncertain Eruption,Volcano Uncertain: pumice rafts in South Pacific,0.0,1936.0,0.0,0.0,,,,,-28.98,-140.25
343100,San Miguel,10854,Uncertain Eruption,,2.0,1936.0,0.0,0.0,,,,,13.434,-88.269
390080,Bristol Island,13207,Confirmed Eruption,,2.0,1935.0,12.0,31.0,Historical Observations,,,,-59.017,-26.533
243110,Niuafo'ou,14793,Confirmed Eruption,South flank,2.0,1935.0,12.0,7.0,Historical Observations,1936.0,2.0,0.0,-15.6,-175.63
357120,Villarrica,12152,Confirmed Eruption,,1.0,1935.0,12.0,1.0,Historical Observations,1936.0,6.0,27.0,-39.42,-71.93
264180,Lewotobi,16292,Confirmed Eruption,Lewetobi Perempuan,2.0,1935.0,12.0,0.0,Historical Observations,1935.0,12.0,25.0,-8.542,122.775
285090,Shiretoko-Iozan,18732,Confirmed Eruption,NW flank,1.0,1935.0,12.0,0.0,Historical Observations,1936.0,10.0,0.0,44.133,145.161
332020,Mauna Loa,10220,Confirmed Eruption,NE rift zone (3690 m) and Mokuaweoweo,0.0,1935.0,11.0,21.0,Historical Observations,1936.0,1.0,2.0,19.475,-155.608
285020,Hokkaido-Komagatake,18577,Uncertain Eruption,,,1935.0,10.0,15.0,,1935.0,10.0,15.0,42.063,140.677
282080,Aira,17078,Confirmed Eruption,Minami-dake,1.0,1935.0,9.0,20.0,Historical Observations,1935.0,9.0,24.0,31.593,130.657
283070,Yakedake,17521,Confirmed Eruption,,2.0,1935.0,9.0,11.0,Historical Observations,1935.0,11.0,12.0,36.227,137.587
257040,Ambrym,15258,Confirmed Eruption,Benbow,2.0,1935.0,9.0,0.0,Historical Observations,1936.0,1.0,0.0,-16.25,168.12
267020,Karangetang,16511,Confirmed Eruption,,2.0,1935.0,8.0,31.0,Historical Observations,,,,2.781,125.407
285020,Hokkaido-Komagatake,18576,Discredited Eruption,,,1935.0,7.0,8.0,,,,,42.063,140.677
211060,Etna,13519,Confirmed Eruption,"Central Crater, NE Crater",3.0,1935.0,7.0,7.0,Historical Observations,1941.0,1.0,27.0,37.748,14.999
357070,"Chillan, Nevados de",11986,Confirmed Eruption,West flank of Volcán Viejo,2.0,1935.0,7.0,2.0,Historical Observations,,,,-36.868,-71.378
263310,Tengger Caldera,15530,Confirmed Eruption,Bromo,2.0,1935.0,7.0,0.0,Historical Observations,,,,-7.942,112.95
263040,Perbakti-Gagak,15638,Confirmed Eruption,Kawah Cibodas,1.0,1935.0,5.0,31.0,Historical Observations,,,,-6.75,106.7
284010,Izu-Oshima,18218,Confirmed Eruption,Mihara-yama,0.0,1935.0,4.0,26.0,Historical Observations,1935.0,5.0,6.0,34.724,139.394
300260,Klyuchevskoy,19436,Confirmed Eruption,,3.0,1935.0,4.0,21.0,Historical Observations,1936.0,11.0,4.0,56.056,160.642
313010,Augustine,20269,Confirmed Eruption,,3.0,1935.0,3.0,13.0,Historical Observations,1935.0,8.0,18.0,59.363,-153.43
263050,Salak,15646,Confirmed Eruption,Kawah Cikaluwung Putri,2.0,1935.0,2.0,0.0,Historical Observations,,,,-6.72,106.73
344120,Concepcion,11056,Confirmed Eruption,,2.0,1935.0,2.0,0.0,Historical Observations,1935.0,2.0,0.0,11.538,-85.622
353020,Wolf,11685,Confirmed Eruption,,,1935.0,2.0,0.0,Historical Observations,,,,0.02,-91.35
282110,Asosan,17306,Confirmed Eruption,Naka-dake,2.0,1935.0,1.0,7.0,Historical Observations,1935.0,10.0,8.0,32.884,131.104
262000,Krakatau,15593,Confirmed Eruption,Anak Krakatau,2.0,1935.0,1.0,4.0,Historical Observations,1935.0,7.0,12.0,-6.102,105.423
233020,"Fournaise, Piton de la",14332,Confirmed Eruption,,2.0,1935.0,0.0,0.0,Historical Observations,,,,-21.244,55.708
284120,Ioto,18406,Confirmed Eruption,SW side at Chidoriga-hara,1.0,1935.0,0.0,0.0,Historical Observations,,,,24.751,141.289
341001,Pinacate,10366,Uncertain Eruption,,,1934.0,12.0,31.0,,1935.0,1.0,2.0,31.772,-113.498
373010,Grimsvotn,12829,Confirmed Eruption,Volcano Uncertain: Vatnajökull,,1934.0,12.0,21.0,,1934.0,12.0,26.0,64.416,-17.316
241100,Ruapehu,14619,Confirmed Eruption,,2.0,1934.0,12.0,0.0,Historical Observations,1935.0,2.0,0.0,-39.28,175.57
241080,Tongariro,14581,Confirmed Eruption,Ngauruhoe,2.0,1934.0,12.0,0.0,Historical Observations,1935.0,2.0,0.0,-39.157,175.632
283110,Asamayama,17790,Confirmed Eruption,,3.0,1934.0,11.0,13.0,Historical Observations,1937.0,7.0,0.0,36.406,138.523
300130,Karymsky,19169,Confirmed Eruption,,2.0,1934.0,11.0,0.0,Historical Observations,1935.0,2.0,0.0,54.049,159.443
290380,Ebeko,18868,Confirmed Eruption,Sredniy crater,2.0,1934.0,10.0,4.0,Historical Observations,1935.0,10.0,15.0,50.686,156.014
282060,Kikai,16995,Confirmed Eruption,2 km east of Tokara-Iwo-Jima,2.0,1934.0,9.0,19.0,Historical Observations,1935.0,8.0,0.0,30.793,130.305
332010,Kilauea,10087,Confirmed Eruption,Halemaumau,0.0,1934.0,9.0,6.0,Historical Observations,1934.0,10.0,8.0,19.421,-155.287
284010,Izu-Oshima,18217,Uncertain Eruption,Mihara-yama,,1934.0,9.0,0.0,,,,,34.724,139.394
241100,Ruapehu,14618,Confirmed Eruption,,2.0,1934.0,8.0,11.0,Historical Observations,,,,-39.28,175.57
352090,Sangay,11648,Confirmed Eruption,,3.0,1934.0,8.0,8.0,Historical Observations,2011.0,3.0,2.0,-2.005,-78.341
282110,Asosan,17305,Confirmed Eruption,Naka-dake,2.0,1934.0,7.0,16.0,Historical Observations,,,,32.884,131.104
284140,Farallon de Pajaros,18486,Confirmed Eruption,Immediately south of Uracas,0.0,1934.0,7.0,15.0,Historical Observations,,,,20.546,144.893
283240,Iwatesan,18069,Uncertain Eruption,,,1934.0,7.0,0.0,,1935.0,0.0,0.0,39.853,141.001
264270,Sirung,16357,Confirmed Eruption,,2.0,1934.0,6.0,14.0,Historical Observations,1934.0,7.0,15.0,-8.508,124.13
241080,Tongariro,14580,Confirmed Eruption,Ngauruhoe,2.0,1934.0,6.0,0.0,Historical Observations,,,,-39.157,175.632
283110,Asamayama,17789,Confirmed Eruption,,1.0,1934.0,6.0,0.0,Historical Observations,1934.0,6.0,0.0,36.406,138.523
284070,Myojinsho,18314,Confirmed Eruption,9 km E of Bayonnaise Rocks,0.0,1934.0,5.0,0.0,Historical Observations,,,,31.888,139.918
284010,Izu-Oshima,18216,Confirmed Eruption,Mihara-yama,0.0,1934.0,4.0,15.0,Historical Observations,1934.0,4.0,25.0,34.724,139.394
373010,Grimsvotn,12828,Confirmed Eruption,Near south caldera wall,2.0,1934.0,3.0,30.0,Historical Observations,1934.0,4.0,7.0,64.416,-17.316
357150,Puyehue-Cordon Caulle,12214,Confirmed Eruption,Cordón Caulle,2.0,1934.0,3.0,6.0,Historical Observations,,,,-40.59,-72.117
211040,Stromboli,13435,Confirmed Eruption,Summit craters and Sciara del Fuoco,2.0,1934.0,2.0,2.0,Historical Observations,2020.0,4.0,17.0,38.789,15.213
261230,Dempo,15565,Confirmed Eruption,,2.0,1934.0,1.0,24.0,Historical Observations,1934.0,4.0,25.0,-4.016,103.121
357070,"Chillan, Nevados de",11985,Confirmed Eruption,Volcán Nuevo,2.0,1934.0,1.0,17.0,Historical Observations,,,,-36.868,-71.378
282030,Suwanosejima,16931,Uncertain Eruption,O-take,2.0,1934.0,1.0,11.0,,,,,29.638,129.714
283110,Asamayama,17788,Confirmed Eruption,,1.0,1934.0,1.0,9.0,Historical Observations,1934.0,2.0,11.0,36.406,138.523
211060,Etna,13517,Confirmed Eruption,NE Crater,1.0,1934.0,1.0,5.0,Historical Observations,1934.0,3.0,0.0,37.748,14.999
344040,Telica,10913,Confirmed Eruption,,2.0,1934.0,1.0,0.0,Historical Observations,,,,12.606,-86.84
282090,Kirishimayama,17157,Discredited Eruption,,,1934.0,0.0,0.0,,,,,31.934,130.862
263180,Slamet,15749,Uncertain Eruption,,,1934.0,0.0,0.0,,,,,-7.242,109.208
283120,Kusatsu-Shiranesan,17834,Confirmed Eruption,,2.0,1934.0,0.0,0.0,Historical Observations,,,,36.618,138.528
273010,Bulusan,16763,Confirmed Eruption,,2.0,1933.0,12.0,25.0,Historical Observations,,,,12.769,124.056
282050,Kuchinoerabujima,16971,Confirmed Eruption,Shindake,4.0,1933.0,12.0,23.0,Historical Observations,1934.0,1.0,12.0,30.443,130.217
332020,Mauna Loa,10219,Confirmed Eruption,Mokuaweoweo,0.0,1933.0,12.0,2.0,Historical Observations,1933.0,12.0,18.0,19.475,-155.608
285040,Shikotsu,17613,Confirmed Eruption,Tarumai (east-west summit fissure),2.0,1933.0,12.0,1.0,Historical Observations,1933.0,12.0,14.0,42.688,141.38
343030,Izalco,10817,Confirmed Eruption,,2.0,1933.0,11.0,30.0,Historical Observations,1934.0,1.0,12.0,13.813,-89.633
373010,Grimsvotn,12827,Confirmed Eruption,North of Grímsvötn caldera,1.0,1933.0,11.0,29.0,Historical Observations,1933.0,12.0,9.0,64.416,-17.316
263340,Raung,13685,Confirmed Eruption,,2.0,1933.0,11.0,21.0,Historical Observations,1933.0,12.0,6.0,-8.119,114.056
290390,Alaid,18884,Confirmed Eruption,East submarine flank (Taketomi),2.0,1933.0,11.0,13.0,Historical Observations,1934.0,8.0,0.0,50.861,155.565
268060,Gamalama,16664,Confirmed Eruption,,2.0,1933.0,11.0,12.0,Historical Observations,,,,0.8,127.33
311120,Great Sitkin,19733,Confirmed Eruption,,2.0,1933.0,11.0,0.0,Historical Observations,,,,52.076,-176.13
284010,Izu-Oshima,18215,Confirmed Eruption,Mihara-yama,0.0,1933.0,10.0,14.0,Historical Observations,1933.0,11.0,0.0,34.724,139.394
355100,Lascar,11855,Confirmed Eruption,,2.0,1933.0,10.0,9.0,Historical Observations,1933.0,12.0,0.0,-23.37,-67.73
263250,Merapi,15904,Confirmed Eruption,,2.0,1933.0,10.0,1.0,Historical Observations,1935.0,4.0,0.0,-7.54,110.446
300130,Karymsky,19168,Confirmed Eruption,,2.0,1933.0,9.0,0.0,Historical Observations,1933.0,10.0,0.0,54.049,159.443
268010,Dukono,16577,Confirmed Eruption,Malupang Magiwe and Malupang Warirang,3.0,1933.0,8.0,13.0,Historical Observations,2020.0,4.0,17.0,1.693,127.894
261270,Suoh,15579,Confirmed Eruption,Pematang Bata,4.0,1933.0,7.0,10.0,Historical Observations,1933.0,8.0,5.0,-5.25,104.27
252080,Witori,15026,Confirmed Eruption,Pago,2.0,1933.0,7.0,0.0,Historical Observations,1933.0,8.0,0.0,-5.576,150.516
275001,Hainan Volcanic Field,16895,Confirmed Eruption,Nansheling ridge,,1933.0,6.0,26.0,Historical Observations,1933.0,7.0,8.0,19.905,110.229
233020,"Fournaise, Piton de la",14331,Confirmed Eruption,"Dolomieu, upper and SE flanks",2.0,1933.0,6.0,7.0,Historical Observations,1934.0,4.0,1.0,-21.244,55.708
313030,Redoubt,20385,Uncertain Eruption,,,1933.0,5.0,25.0,,,,,60.485,-152.742
263180,Slamet,15748,Confirmed Eruption,,1.0,1933.0,5.0,12.0,Historical Observations,1933.0,5.0,13.0,-7.242,109.208
313020,Iliamna,20285,Uncertain Eruption,,,1933.0,5.0,5.0,,,,,60.032,-153.09
290360,Chikurachki,18847,Uncertain Eruption,,,1933.0,4.0,15.0,,,,,50.324,155.461
241040,Whakaari/White Island,14387,Confirmed Eruption,Foot of crater ridge (1933 crater),3.0,1933.0,4.0,2.0,Historical Observations,,,,-37.52,177.18
243050,Fonuafo'ou,14741,Confirmed Eruption,,2.0,1933.0,4.0,0.0,Historical Observations,,,,-20.32,-175.42
345060,Irazu,11225,Confirmed Eruption,,2.0,1933.0,3.0,22.0,Historical Observations,1933.0,7.0,25.0,9.979,-83.852
352040,Sumaco,11509,Uncertain Eruption,,2.0,1933.0,2.0,0.0,,,,,-0.538,-77.626
358060,Lautaro,12316,Confirmed Eruption,,2.0,1933.0,2.0,0.0,Historical Observations,,,,-49.019,-73.504
341090,Popocatepetl,10547,Confirmed Eruption,,1.0,1933.0,1.0,23.0,Historical Observations,,,,19.023,-98.622
283110,Asamayama,17787,Confirmed Eruption,,2.0,1933.0,1.0,9.0,Historical Observations,1933.0,8.0,3.0,36.406,138.523
290300,Kharimkotan,17621,Confirmed Eruption,Severgin,5.0,1933.0,1.0,8.0,Historical Observations,1933.0,4.0,14.0,49.12,154.508
357120,Villarrica,12151,Confirmed Eruption,,2.0,1933.0,1.0,5.0,Historical Observations,1933.0,1.0,18.0,-39.42,-71.93
357100,Lonquimay,12014,Confirmed Eruption,,2.0,1933.0,1.0,4.0,Historical Observations,,,,-38.379,-71.586
357060,"Azul, Cerro",11958,Confirmed Eruption,Quizapu,2.0,1933.0,0.0,0.0,Historical Observations,1938.0,7.0,25.0,-35.653,-70.761
353020,Wolf,11684,Confirmed Eruption,,0.0,1933.0,0.0,0.0,Historical Observations,,,,0.02,-91.35
351080,Galeras,11366,Uncertain Eruption,,,1933.0,0.0,0.0,,,,,1.22,-77.37
290340,Fuss Peak,18843,Uncertain Eruption,,,1933.0,0.0,0.0,,,,,50.267,155.246
283120,Kusatsu-Shiranesan,17833,Uncertain Eruption,,,1933.0,0.0,0.0,,,,,36.618,138.528
311110,Kanaga,19719,Discredited Eruption,,,1933.0,0.0,0.0,,,,,51.923,-177.168
251050,Long Island,14956,Confirmed Eruption,Lake Wisdom,,1933.0,0.0,0.0,Historical Observations,,,,-5.358,147.12
257050,Lopevi,15214,Confirmed Eruption,,,1933.0,0.0,0.0,Historical Observations,,,,-16.507,168.346
341110,San Martin,10597,Uncertain Eruption,,,1932.0,12.0,31.0,,,,,18.57,-95.2
357110,Llaima,12052,Confirmed Eruption,,3.0,1932.0,12.0,31.0,Historical Observations,1933.0,1.0,5.0,-38.692,-71.729
243010,Unnamed,14725,Confirmed Eruption,,0.0,1932.0,12.0,1.0,Historical Observations,,,,-21.338,-175.65
272020,Kanlaon,16731,Confirmed Eruption,,2.0,1932.0,12.0,0.0,Historical Observations,1933.0,1.0,0.0,10.412,123.132
262000,Krakatau,15592,Confirmed Eruption,Anak Krakatau,3.0,1932.0,11.0,14.0,Historical Observations,1934.0,6.0,9.0,-6.102,105.423
268060,Gamalama,16663,Confirmed Eruption,,2.0,1932.0,11.0,10.0,Historical Observations,1932.0,11.0,13.0,0.8,127.33
263250,Merapi,15903,Confirmed Eruption,,1.0,1932.0,11.0,0.0,Historical Observations,,,,-7.54,110.446
233020,"Fournaise, Piton de la",14330,Confirmed Eruption,,,1932.0,11.0,0.0,Historical Observations,1932.0,11.0,0.0,-21.244,55.708
351080,Galeras,11365,Confirmed Eruption,,2.0,1932.0,10.0,10.0,Historical Observations,,,,1.22,-77.37
283120,Kusatsu-Shiranesan,17832,Confirmed Eruption,"NE part of Yu-gama, SE outer rim",3.0,1932.0,10.0,1.0,Historical Observations,1932.0,11.0,0.0,36.618,138.528
284140,Farallon de Pajaros,18485,Confirmed Eruption,"Summit, east side ?",2.0,1932.0,9.0,7.0,Historical Observations,1932.0,10.0,7.0,20.546,144.893
282050,Kuchinoerabujima,16970,Uncertain Eruption,Shindake,1.0,1932.0,7.0,23.0,,1932.0,7.0,23.0,30.443,130.217
283230,Akita-Komagatake,18052,Confirmed Eruption,Ishibora (south flank of Me-dake),2.0,1932.0,7.0,21.0,Historical Observations,1932.0,7.0,24.0,39.761,140.799
263180,Slamet,15747,Confirmed Eruption,,2.0,1932.0,7.0,1.0,Historical Observations,1932.0,9.0,10.0,-7.242,109.208
357050,Descabezado Grande,11948,Confirmed Eruption,Upper NNE slope,3.0,1932.0,6.0,5.0,Historical Observations,1933.0,0.0,0.0,-35.58,-70.75
211040,Stromboli,13431,Confirmed Eruption,,2.0,1932.0,6.0,3.0,Historical Observations,1932.0,6.0,3.0,38.789,15.213
282110,Asosan,17304,Confirmed Eruption,Naka-dake,2.0,1932.0,6.0,0.0,Historical Observations,1933.0,9.0,28.0,32.884,131.104
300130,Karymsky,19167,Confirmed Eruption,,2.0,1932.0,6.0,0.0,Historical Observations,,,,54.049,159.443
264180,Lewotobi,16291,Confirmed Eruption,Lewotobi Lakilaki,3.0,1932.0,5.0,23.0,Historical Observations,1933.0,12.0,26.0,-8.542,122.775
265060,Nila,16380,Confirmed Eruption,SE flank,2.0,1932.0,3.0,13.0,Historical Observations,,,,-6.73,129.5
357110,Llaima,12051,Confirmed Eruption,,2.0,1932.0,3.0,2.0,Historical Observations,1932.0,3.0,2.0,-38.692,-71.729
283070,Yakedake,17520,Confirmed Eruption,,2.0,1932.0,2.0,6.0,Historical Observations,1932.0,2.0,6.0,36.227,137.587
311360,Shishaldin,20078,Confirmed Eruption,,2.0,1932.0,2.0,1.0,Historical Observations,1932.0,5.0,21.0,54.756,-163.97
300260,Klyuchevskoy,19435,Confirmed Eruption,"NE flank (Kirgurich, Tuyla, Biokos)",2.0,1932.0,1.0,25.0,Historical Observations,1932.0,12.0,26.0,56.056,160.642
342090,Fuego,10716,Confirmed Eruption,,4.0,1932.0,1.0,21.0,Historical Observations,1932.0,1.0,22.0,14.473,-90.88
311240,Cleveland,19804,Confirmed Eruption,,,1932.0,1.0,1.0,Historical Observations,,,,52.825,-169.944
300070,Gorely,19021,Uncertain Eruption,,,1932.0,0.0,0.0,,,,,52.559,158.03
290320,Nemo Peak,18839,Uncertain Eruption,SE flank,,1932.0,0.0,0.0,,,,,49.57,154.808
290240,Sarychev Peak,18811,Uncertain Eruption,,,1932.0,0.0,0.0,,,,,48.092,153.2
290050,Etorofu-Atosanupuri [Atosanupuri],18748,Confirmed Eruption,,2.0,1932.0,0.0,0.0,Historical Observations,,,,44.808,147.131
261140,Marapi,15455,Confirmed Eruption,,2.0,1932.0,0.0,0.0,Historical Observations,,,,-0.38,100.474
251020,Manam,14914,Confirmed Eruption,,2.0,1932.0,0.0,0.0,Historical Observations,1934.0,0.0,0.0,-4.08,145.037
358020,Calbuco,12260,Confirmed Eruption,,,1932.0,0.0,0.0,Historical Observations,,,,-41.33,-72.618
353060,"Azul, Cerro",11718,Confirmed Eruption,,1.0,1932.0,0.0,0.0,Historical Observations,,,,-0.92,-91.408
345040,Poas,11161,Confirmed Eruption,,1.0,1932.0,0.0,0.0,Historical Observations,1934.0,0.0,0.0,10.2,-84.233
332010,Kilauea,10086,Confirmed Eruption,Halemaumau,0.0,1931.0,12.0,23.0,Historical Observations,1932.0,1.0,5.0,19.421,-155.287
311300,Bogoslof,19861,Confirmed Eruption,1926-1927 dome,1.0,1931.0,10.0,31.0,Historical Observations,,,,53.93,-168.03
282110,Asosan,17303,Uncertain Eruption,Naka-dake,1.0,1931.0,10.0,18.0,,,,,32.884,131.104
285040,Shikotsu,17612,Confirmed Eruption,Tarumai,1.0,1931.0,10.0,11.0,Historical Observations,1931.0,10.0,24.0,42.688,141.38
262000,Krakatau,15591,Confirmed Eruption,Anak Krakatau,2.0,1931.0,9.0,23.0,Historical Observations,1932.0,2.0,17.0,-6.102,105.423
290300,Kharimkotan,17620,Confirmed Eruption,Severgin,1.0,1931.0,9.0,0.0,Historical Observations,,,,49.12,154.508
300260,Klyuchevskoy,14028,Confirmed Eruption,,2.0,1931.0,8.0,0.0,Historical Observations,1931.0,9.0,0.0,56.056,160.642
211060,Etna,13516,Confirmed Eruption,"Central Crater, NE Crater",2.0,1931.0,7.0,26.0,Historical Observations,1933.0,9.0,0.0,37.748,14.999
285050,Tokachidake,18650,Confirmed Eruption,,1.0,1931.0,5.0,16.0,Historical Observations,1931.0,5.0,16.0,43.418,142.686
312170,Katmai,20242,Discredited Eruption,,,1931.0,5.0,8.0,,1931.0,7.0,0.0,58.28,-154.963
312090,Aniakchak,20192,Confirmed Eruption,West and SW caldera floor,4.0,1931.0,5.0,1.0,Historical Observations,1931.0,6.0,13.0,56.88,-158.17
311320,Akutan,20016,Confirmed Eruption,,2.0,1931.0,5.0,0.0,Historical Observations,1931.0,8.0,0.0,54.134,-165.986
300070,Gorely,19020,Confirmed Eruption,,2.0,1931.0,5.0,0.0,Historical Observations,1931.0,7.0,15.0,52.559,158.03
282050,Kuchinoerabujima,16969,Confirmed Eruption,SW flank of Shindake,3.0,1931.0,4.0,2.0,Historical Observations,1931.0,6.0,22.0,30.443,130.217
283110,Asamayama,17786,Confirmed Eruption,,3.0,1931.0,3.0,31.0,Historical Observations,1932.0,9.0,21.0,36.406,138.523
343030,Izalco,10816,Confirmed Eruption,,2.0,1931.0,3.0,31.0,Historical Observations,,,,13.813,-89.633
283070,Yakedake,17519,Confirmed Eruption,,2.0,1931.0,3.0,26.0,Historical Observations,1931.0,6.0,24.0,36.227,137.587
300260,Klyuchevskoy,19203,Confirmed Eruption,,4.0,1931.0,3.0,25.0,Historical Observations,1931.0,3.0,27.0,56.056,160.642
311290,Okmok,19841,Confirmed Eruption,Cone A?,2.0,1931.0,3.0,21.0,Historical Observations,1931.0,5.0,13.0,53.43,-168.13
300240,Tolbachik,19300,Confirmed Eruption,,2.0,1931.0,3.0,4.0,Historical Observations,1932.0,0.0,0.0,55.832,160.326
343100,San Miguel,10853,Confirmed Eruption,,2.0,1931.0,3.0,0.0,Historical Observations,1931.0,6.0,0.0,13.434,-88.269
241080,Tongariro,14579,Confirmed Eruption,Ngauruhoe,2.0,1931.0,2.0,0.0,Historical Observations,1931.0,5.0,0.0,-39.157,175.632
233020,"Fournaise, Piton de la",14329,Confirmed Eruption,"Summit, NE flank (Cratère Haug)",2.0,1931.0,1.0,22.0,Historical Observations,1931.0,8.0,26.0,-21.244,55.708
250020,Baluan,14859,Uncertain Eruption,,0.0,1931.0,0.0,0.0,,,,,-2.57,147.28
352050,Cotopaxi,11593,Confirmed Eruption,,2.0,1931.0,0.0,0.0,Historical Observations,,,,-0.677,-78.436
357020,San Jose,11919,Discredited Eruption,,,1931.0,0.0,0.0,,,,,-33.789,-69.895
267040,Awu,16566,Confirmed Eruption,,2.0,1930.0,12.0,0.0,Historical Observations,1931.0,12.0,0.0,3.689,125.447
263250,Merapi,15902,Confirmed Eruption,,3.0,1930.0,11.0,25.0,Historical Observations,1931.0,9.0,0.0,-7.54,110.446
332010,Kilauea,10085,Confirmed Eruption,Halemaumau,0.0,1930.0,11.0,19.0,Historical Observations,1930.0,12.0,7.0,19.421,-155.287
211060,Etna,13515,Confirmed Eruption,NE Crater,1.0,1930.0,11.0,1.0,Historical Observations,,,,37.748,14.999
267020,Karangetang,16510,Confirmed Eruption,,2.0,1930.0,11.0,0.0,Historical Observations,,,,2.781,125.407
345060,Irazu,11224,Confirmed Eruption,,2.0,1930.0,10.0,0.0,Historical Observations,,,,9.979,-83.852
282110,Asosan,17302,Confirmed Eruption,Naka-dake,2.0,1930.0,9.0,3.0,Historical Observations,1930.0,9.0,6.0,32.884,131.104
300070,Gorely,19019,Confirmed Eruption,,3.0,1930.0,9.0,0.0,Historical Observations,1931.0,1.0,17.0,52.559,158.03
266100,Lokon-Empung,13750,Confirmed Eruption,Tompaluan,2.0,1930.0,8.0,0.0,Historical Observations,,,,1.358,124.792
357110,Llaima,12050,Confirmed Eruption,,2.0,1930.0,7.0,6.0,Historical Observations,1930.0,8.0,20.0,-38.692,-71.729
315020,Wrangell,20417,Uncertain Eruption,,,1930.0,6.0,30.0,,,,,62.006,-144.017
312070,Veniaminof,20162,Confirmed Eruption,Western intracaldera cone,2.0,1930.0,6.0,0.0,Historical Observations,,,,56.17,-159.38
263310,Tengger Caldera,16054,Confirmed Eruption,Bromo,2.0,1930.0,5.0,30.0,Historical Observations,1930.0,7.0,0.0,-7.942,112.95
233020,"Fournaise, Piton de la",14328,Confirmed Eruption,,0.0,1930.0,5.0,23.0,Historical Observations,1930.0,5.0,24.0,-21.244,55.708
283110,Asamayama,17785,Confirmed Eruption,,2.0,1930.0,4.0,18.0,Historical Observations,1930.0,10.0,17.0,36.406,138.523
351080,Galeras,11364,Uncertain Eruption,,,1930.0,4.0,17.0,,,,,1.22,-77.37
261140,Marapi,15454,Confirmed Eruption,,2.0,1930.0,4.0,9.0,Historical Observations,1930.0,12.0,7.0,-0.38,100.474
263180,Slamet,15746,Confirmed Eruption,,2.0,1930.0,4.0,2.0,Historical Observations,1930.0,4.0,13.0,-7.242,109.208
343030,Izalco,10815,Confirmed Eruption,Outer slope of eastern summit crater,0.0,1930.0,4.0,0.0,Historical Observations,,,,13.813,-89.633
241040,Whakaari/White Island,14474,Confirmed Eruption,,2.0,1930.0,3.0,16.0,Historical Observations,,,,-37.52,177.18
283070,Yakedake,17518,Confirmed Eruption,Inkyo-ko,2.0,1930.0,3.0,13.0,Historical Observations,1930.0,5.0,11.0,36.227,137.587
283010,Izu-Tobu,17378,Uncertain Eruption,3.6 km NE of Teishi-jima,,1930.0,3.0,1.0,,,,,34.9,139.098
290240,Sarychev Peak,18810,Confirmed Eruption,,3.0,1930.0,2.0,13.0,Historical Observations,1930.0,2.0,13.0,48.092,153.2
267020,Karangetang,16509,Confirmed Eruption,Crater IV,2.0,1930.0,2.0,4.0,Historical Observations,1930.0,2.0,6.0,2.781,125.407
300270,Sheveluch,19577,Confirmed Eruption,,1.0,1930.0,2.0,1.0,Historical Observations,,,,56.653,161.36
343100,San Miguel,10710,Confirmed Eruption,,2.0,1930.0,1.0,26.0,Historical Observations,,,,13.434,-88.269
355010,Tacora,11815,Uncertain Eruption,,,1930.0,0.0,0.0,,,,,-17.72,-69.77
357160,Puntiagudo-Cordon Cenizos,12218,Uncertain Eruption,,,1930.0,0.0,0.0,,,,,-40.969,-72.264
390110,Hodson,13227,Uncertain Eruption,,,1930.0,0.0,0.0,,,,,-56.712,-27.176
334120,Southern EPR-Segment K,10355,Confirmed Eruption,North of Aldo-Kiri lava flow,0.0,1930.0,0.0,0.0,Magnetism,,,,-17.436,-113.206
284120,Ioto,18405,Confirmed Eruption,NW side near the coast,1.0,1930.0,0.0,0.0,Historical Observations,,,,24.751,141.289
284110,Kita-Ioto,18379,Confirmed Eruption,Funka-Asane,2.0,1930.0,0.0,0.0,Historical Observations,1945.0,0.0,0.0,25.424,141.284
357120,Villarrica,12150,Confirmed Eruption,,1.0,1929.0,12.0,27.0,Historical Observations,,,,-39.42,-71.93
233020,"Fournaise, Piton de la",14327,Confirmed Eruption,,2.0,1929.0,12.0,23.0,Historical Observations,1929.0,12.0,31.0,-21.244,55.708
311260,Kagamil,19821,Confirmed Eruption,,,1929.0,12.0,0.0,Historical Observations,,,,52.974,-169.72
312110,Chiginagak,20197,Uncertain Eruption,,,1929.0,12.0,0.0,,,,,57.135,-156.99
312170,Katmai,20241,Discredited Eruption,,,1929.0,12.0,0.0,,,,,58.28,-154.963
357110,Llaima,12049,Confirmed Eruption,,2.0,1929.0,12.0,0.0,Historical Observations,,,,-38.692,-71.729
283110,Asamayama,17784,Confirmed Eruption,,2.0,1929.0,9.0,18.0,Historical Observations,1929.0,11.0,15.0,36.406,138.523
360120,Pelee,12431,Confirmed Eruption,,3.0,1929.0,9.0,16.0,Historical Observations,1932.0,12.0,1.0,14.809,-61.165
300070,Gorely,19018,Confirmed Eruption,,3.0,1929.0,9.0,1.0,Historical Observations,1930.0,4.0,0.0,52.559,158.03
283260,Akita-Yakeyama,18083,Confirmed Eruption,,2.0,1929.0,9.0,0.0,Historical Observations,,,,39.964,140.757
312150,Mageik,20220,Uncertain Eruption,,2.0,1929.0,8.0,19.0,,1929.0,12.0,0.0,58.195,-155.253
263310,Tengger Caldera,16053,Confirmed Eruption,Bromo,2.0,1929.0,8.0,7.0,Historical Observations,1929.0,9.0,8.0,-7.942,112.95
211060,Etna,13514,Confirmed Eruption,NE Crater,1.0,1929.0,8.0,2.0,Historical Observations,,,,37.748,14.999
343100,San Miguel,10852,Confirmed Eruption,,2.0,1929.0,8.0,0.0,Historical Observations,,,,13.434,-88.269
344120,Concepcion,11055,Confirmed Eruption,,2.0,1929.0,8.0,0.0,Historical Observations,1929.0,10.0,0.0,11.538,-85.622
243110,Niuafo'ou,14792,Confirmed Eruption,West flank,2.0,1929.0,7.0,25.0,Historical Observations,1929.0,7.0,26.0,-15.6,-175.63
332010,Kilauea,10084,Confirmed Eruption,Halemaumau,0.0,1929.0,7.0,25.0,Historical Observations,1929.0,7.0,28.0,19.421,-155.287
257040,Ambrym,15256,Confirmed Eruption,"Benbow, west flank, Marum",2.0,1929.0,6.0,28.0,Historical Observations,1929.0,7.0,1.0,-16.25,168.12
261140,Marapi,15453,Confirmed Eruption,Kepundan Bongsu,2.0,1929.0,6.0,22.0,Historical Observations,1929.0,6.0,22.0,-0.38,100.474
285020,Hokkaido-Komagatake,18575,Confirmed Eruption,SE and NE of Ansei Crater,4.0,1929.0,6.0,17.0,Historical Observations,1929.0,9.0,6.0,42.063,140.677
263180,Slamet,15745,Confirmed Eruption,,2.0,1929.0,6.0,6.0,Historical Observations,1929.0,6.0,15.0,-7.242,109.208
300260,Klyuchevskoy,19202,Confirmed Eruption,,2.0,1929.0,6.0,0.0,Historical Observations,1929.0,9.0,0.0,56.056,160.642
311360,Shishaldin,20077,Confirmed Eruption,Summit and north flank,2.0,1929.0,5.0,28.0,Historical Observations,1929.0,6.0,23.0,54.756,-163.97
263090,Tangkuban Parahu,15675,Confirmed Eruption,Kawah Ecoma,0.0,1929.0,5.0,20.0,Historical Observations,1929.0,5.0,20.0,-6.77,107.6
311320,Akutan,20015,Confirmed Eruption,,2.0,1929.0,5.0,0.0,Historical Observations,,,,54.134,-165.986
263340,Raung,13684,Confirmed Eruption,,2.0,1929.0,4.0,27.0,Historical Observations,,,,-8.119,114.056
283070,Yakedake,17517,Confirmed Eruption,"Summit (Inkyo-ko), NW flank (Kurodani)",2.0,1929.0,4.0,17.0,Historical Observations,1929.0,4.0,19.0,36.227,137.587
311070,Gareloi,19682,Confirmed Eruption,SE flank fissure (near summit to sea),3.0,1929.0,4.0,0.0,Historical Observations,1930.0,0.0,0.0,51.79,-178.794
311240,Cleveland,19803,Uncertain Eruption,,,1929.0,3.0,0.0,,,,,52.825,-169.944
312030,Pavlof,20130,Confirmed Eruption,,2.0,1929.0,3.0,0.0,Historical Observations,1931.0,8.0,0.0,55.417,-161.894
332010,Kilauea,10083,Confirmed Eruption,Halemaumau,0.0,1929.0,2.0,20.0,Historical Observations,1929.0,2.0,21.0,19.421,-155.287
344070,"Negro, Cerro",10950,Confirmed Eruption,,2.0,1929.0,2.0,10.0,Historical Observations,1929.0,3.0,0.0,12.506,-86.702
300060,Mutnovsky,18969,Confirmed Eruption,,2.0,1929.0,2.0,0.0,Historical Observations,,,,52.449,158.196
283110,Asamayama,17783,Confirmed Eruption,,2.0,1929.0,1.0,22.0,Historical Observations,1929.0,4.0,5.0,36.406,138.523
357150,Puyehue-Cordon Caulle,12213,Confirmed Eruption,Cordón Caulle,2.0,1929.0,1.0,7.0,Historical Observations,,,,-40.59,-72.117
358020,Calbuco,12259,Confirmed Eruption,,3.0,1929.0,1.0,6.0,Historical Observations,1929.0,1.0,6.0,-41.33,-72.618
344040,Telica,10912,Confirmed Eruption,,1.0,1929.0,1.0,0.0,Historical Observations,1929.0,1.0,0.0,12.606,-86.84
373050,Kverkfjoll,12663,Confirmed Eruption,Hveradalur area,1.0,1929.0,1.0,0.0,Historical Observations,1929.0,2.0,0.0,64.653,-16.647
345040,Poas,11160,Confirmed Eruption,,1.0,1929.0,0.0,0.0,Historical Observations,,,,10.2,-84.233
352010,Reventador,11437,Confirmed Eruption,,3.0,1929.0,0.0,0.0,Historical Observations,,,,-0.077,-77.656
357080,Antuco,19912,Discredited Eruption,,,1929.0,0.0,0.0,,,,,-37.406,-71.349
300120,Zhupanovsky,19134,Confirmed Eruption,,2.0,1929.0,0.0,0.0,Historical Observations,,,,53.589,159.15
300130,Karymsky,19166,Confirmed Eruption,,2.0,1929.0,0.0,0.0,Historical Observations,,,,54.049,159.443
284170,Pagan,18513,Uncertain Eruption,"South Pagan, cone within caldera",,1929.0,0.0,0.0,,1930.0,0.0,0.0,18.13,145.8
311210,Yunaska,19795,Uncertain Eruption,,,1929.0,0.0,0.0,,,,,52.643,-170.629
263040,Perbakti-Gagak,15637,Confirmed Eruption,Cibeureum West,1.0,1929.0,0.0,0.0,Historical Observations,,,,-6.75,106.7
221122,Manda-Inakir,13945,Confirmed Eruption,Kammourta,2.0,1928.0,12.0,31.0,Historical Observations,,,,12.38,42.2
263310,Tengger Caldera,16052,Confirmed Eruption,Bromo,2.0,1928.0,12.0,16.0,Historical Observations,,,,-7.942,112.95
284140,Farallon de Pajaros,18484,Confirmed Eruption,,2.0,1928.0,12.0,15.0,Historical Observations,,,,20.546,144.893
285050,Tokachidake,18649,Confirmed Eruption,Shin-funkako,1.0,1928.0,12.0,4.0,Historical Observations,1928.0,12.0,25.0,43.418,142.686
357070,"Chillan, Nevados de",11984,Confirmed Eruption,Volcán Nuevo,2.0,1928.0,11.0,30.0,Historical Observations,1929.0,0.0,0.0,-36.868,-71.378
211060,Etna,13513,Confirmed Eruption,"East flank (3000-1200 m), NE Crater",1.0,1928.0,11.0,2.0,Historical Observations,1928.0,11.0,20.0,37.748,14.999
263340,Raung,16130,Confirmed Eruption,,2.0,1928.0,11.0,0.0,Historical Observations,,,,-8.119,114.056
285040,Shikotsu,17611,Confirmed Eruption,Tarumai,1.0,1928.0,9.0,6.0,Historical Observations,1929.0,2.0,10.0,42.688,141.38
282110,Asosan,17301,Confirmed Eruption,Naka-dake,2.0,1928.0,9.0,6.0,Historical Observations,1929.0,10.0,23.0,32.884,131.104
241040,Whakaari/White Island,14473,Confirmed Eruption,Between Big Donald and Lot's Wife,1.0,1928.0,9.0,1.0,Historical Observations,1928.0,9.0,3.0,-37.52,177.18
284010,Izu-Oshima,18214,Confirmed Eruption,Mihara-yama,2.0,1928.0,8.0,7.0,Historical Observations,1928.0,8.0,8.0,34.724,139.394
264150,Paluweh,16266,Confirmed Eruption,Rokatenda,3.0,1928.0,8.0,4.0,Historical Observations,1928.0,9.0,25.0,-8.32,121.708
311360,Shishaldin,20076,Confirmed Eruption,,2.0,1928.0,8.0,0.0,Historical Observations,,,,54.756,-163.97
211060,Etna,13512,Confirmed Eruption,Central Crater,1.0,1928.0,7.0,31.0,Historical Observations,1928.0,8.0,20.0,37.748,14.999
241080,Tongariro,14578,Confirmed Eruption,Ngauruhoe,2.0,1928.0,7.0,0.0,Historical Observations,,,,-39.157,175.632
341001,Pinacate,10365,Uncertain Eruption,,,1928.0,6.0,9.0,,,,,31.772,-113.498
273010,Bulusan,16762,Confirmed Eruption,,2.0,1928.0,6.0,0.0,Historical Observations,,,,12.769,124.056
263200,Dieng Volcanic Complex,15777,Confirmed Eruption,Butak Petarangan (Timbang),2.0,1928.0,5.0,13.0,Historical Observations,,,,-7.2,109.879
285020,Hokkaido-Komagatake,18574,Confirmed Eruption,,1.0,1928.0,3.0,28.0,Historical Observations,,,,42.063,140.677
263180,Slamet,15744,Confirmed Eruption,,2.0,1928.0,3.0,20.0,Historical Observations,1928.0,5.0,12.0,-7.242,109.208
263310,Tengger Caldera,16051,Confirmed Eruption,Bromo,2.0,1928.0,3.0,15.0,Historical Observations,1928.0,7.0,0.0,-7.942,112.95
241080,Tongariro,14577,Confirmed Eruption,Ngauruhoe,2.0,1928.0,3.0,3.0,Historical Observations,,,,-39.157,175.632
290240,Sarychev Peak,18809,Confirmed Eruption,,2.0,1928.0,2.0,14.0,Historical Observations,,,,48.092,153.2
345060,Irazu,11223,Confirmed Eruption,,2.0,1928.0,2.0,14.0,Historical Observations,1928.0,5.0,26.0,9.979,-83.852
300270,Sheveluch,19576,Confirmed Eruption,,1.0,1928.0,1.0,27.0,Historical Observations,1929.0,4.0,15.0,56.653,161.36
300060,Mutnovsky,18968,Confirmed Eruption,,2.0,1928.0,1.0,25.0,Historical Observations,1928.0,2.0,0.0,52.449,158.196
344120,Concepcion,11054,Confirmed Eruption,,2.0,1928.0,1.0,25.0,Historical Observations,,,,11.538,-85.622
212040,Santorini,13889,Confirmed Eruption,Nea Kameni (Naftilos dome),2.0,1928.0,1.0,23.0,Historical Observations,1928.0,3.0,17.0,36.404,25.396
332010,Kilauea,10082,Discredited Eruption,,,1928.0,1.0,11.0,,1928.0,1.0,11.0,19.421,-155.287
285040,Shikotsu,17610,Confirmed Eruption,Tarumai,2.0,1928.0,1.0,7.0,Historical Observations,1928.0,1.0,7.0,42.688,141.38
285050,Tokachidake,18648,Confirmed Eruption,Shin-funkako,1.0,1928.0,1.0,0.0,Historical Observations,1928.0,5.0,23.0,43.418,142.686
273030,Mayon,16797,Confirmed Eruption,,3.0,1928.0,1.0,0.0,Historical Observations,1928.0,8.0,26.0,13.257,123.685
275070,Veteran,16898,Uncertain Eruption,,0.0,1928.0,0.0,0.0,,,,,9.83,109.05
264250,Iliwerung,16339,Confirmed Eruption,Iliwerung,2.0,1928.0,0.0,0.0,Historical Observations,,,,-8.53,123.57
221160,Ayelu,13948,Uncertain Eruption,,2.0,1928.0,0.0,0.0,,,,,10.082,40.702
221170,Adwa,13950,Uncertain Eruption,,2.0,1928.0,0.0,0.0,,,,,10.07,40.84
233010,Karthala,14197,Confirmed Eruption,,1.0,1928.0,0.0,0.0,Historical Observations,,,,-11.75,43.38
333060,Macdonald,10312,Uncertain Eruption,Volcano Uncertain: pumice rafts in South Pacific,0.0,1928.0,0.0,0.0,,,,,-28.98,-140.25
344040,Telica,10911,Confirmed Eruption,,2.0,1928.0,0.0,0.0,Historical Observations,,,,12.606,-86.84
353070,Pinta,11721,Confirmed Eruption,,,1928.0,0.0,0.0,Historical Observations,,,,0.58,-90.75
283120,Kusatsu-Shiranesan,17831,Confirmed Eruption,"N Yu-gama & S outer rim (in 1927, not 1928)",2.0,1927.0,12.0,29.0,Historical Observations,1927.0,12.0,31.0,36.618,138.528
262000,Krakatau,15590,Confirmed Eruption,Anak Krakatau,2.0,1927.0,12.0,29.0,Historical Observations,1930.0,8.0,15.0,-6.102,105.423
283070,Yakedake,17516,Confirmed Eruption,"Summit (Inkyo-ko), NW flank (Kurodani)",2.0,1927.0,12.0,15.0,Historical Observations,1927.0,12.0,15.0,36.227,137.587
353010,Fernandina,11661,Confirmed Eruption,South flank near Punta Mangle,0.0,1927.0,12.0,13.0,Historical Observations,,,,-0.37,-91.55
300230,Kizimen,19263,Confirmed Eruption,,2.0,1927.0,12.0,0.0,Historical Observations,1928.0,1.0,0.0,55.131,160.32
357110,Llaima,12048,Confirmed Eruption,SE crater and summit crater,2.0,1927.0,10.0,5.0,Historical Observations,1927.0,12.0,5.0,-38.692,-71.729
243050,Fonuafo'ou,14740,Confirmed Eruption,,2.0,1927.0,10.0,4.0,Historical Observations,1928.0,9.0,0.0,-20.32,-175.42
374020,Esjufjoll,12960,Uncertain Eruption,,1.0,1927.0,9.0,5.0,,,,,64.25,-16.583
312150,Mageik,20219,Uncertain Eruption,,2.0,1927.0,8.0,26.0,,,,,58.195,-155.253
263340,Raung,16129,Confirmed Eruption,Central cone and NW crater wall,2.0,1927.0,8.0,2.0,Historical Observations,1928.0,3.0,0.0,-8.119,114.056
344040,Telica,10910,Confirmed Eruption,,2.0,1927.0,8.0,0.0,Historical Observations,1927.0,11.0,0.0,12.606,-86.84
332010,Kilauea,10081,Confirmed Eruption,Halemaumau,0.0,1927.0,7.0,7.0,Historical Observations,1927.0,7.0,20.0,19.421,-155.287
252120,Ulawun,15043,Confirmed Eruption,,2.0,1927.0,7.0,0.0,Historical Observations,1927.0,9.0,17.0,-5.05,151.33
357070,"Chillan, Nevados de",11983,Confirmed Eruption,Volcán Nuevo,2.0,1927.0,4.0,10.0,Historical Observations,,,,-36.868,-71.378
285070,Akan,18687,Uncertain Eruption,Me-Akan,1.0,1927.0,4.0,0.0,,1927.0,5.0,0.0,43.384,144.013
272020,Kanlaon,16730,Confirmed Eruption,,2.0,1927.0,3.0,20.0,Historical Observations,,,,10.412,123.132
223030,Nyiragongo,14100,Confirmed Eruption,,1.0,1927.0,3.0,16.0,Historical Observations,1977.0,1.0,10.0,-1.52,29.25
283110,Asamayama,17782,Confirmed Eruption,,2.0,1927.0,3.0,0.0,Historical Observations,1928.0,7.0,25.0,36.406,138.523
263180,Slamet,15743,Confirmed Eruption,,2.0,1927.0,2.0,27.0,Historical Observations,1927.0,2.0,27.0,-7.242,109.208
261140,Marapi,15452,Confirmed Eruption,Kepundan Bongsu,2.0,1927.0,2.0,5.0,Historical Observations,1927.0,8.0,3.0,-0.38,100.474
283070,Yakedake,17515,Confirmed Eruption,"Summit (Inkyo-ko), NW flank (Kurodani)",2.0,1927.0,1.0,23.0,Historical Observations,1927.0,4.0,29.0,36.227,137.587
300060,Mutnovsky,18967,Confirmed Eruption,,2.0,1927.0,1.0,0.0,Historical Observations,1927.0,2.0,0.0,52.449,158.196
290240,Sarychev Peak,18808,Confirmed Eruption,,2.0,1927.0,0.0,0.0,Historical Observations,,,,48.092,153.2
283190,Zaozan [Zaosan],17987,Uncertain Eruption,Okama,1.0,1927.0,0.0,0.0,,,,,38.144,140.44
311360,Shishaldin,20075,Confirmed Eruption,,,1927.0,0.0,0.0,Historical Observations,,,,54.756,-163.97
311320,Akutan,20014,Confirmed Eruption,,2.0,1927.0,0.0,0.0,Historical Observations,1928.0,0.0,0.0,54.134,-165.986
311180,Seguam,19779,Uncertain Eruption,,,1927.0,0.0,0.0,,,,,52.315,-172.51
311070,Gareloi,19681,Uncertain Eruption,,,1927.0,0.0,0.0,,,,,51.79,-178.794
311020,Kiska,19662,Uncertain Eruption,,2.0,1927.0,0.0,0.0,,,,,52.103,177.602
264220,Iliboleng,16314,Confirmed Eruption,,2.0,1927.0,0.0,0.0,Historical Observations,,,,-8.342,123.258
264050,Sangeang Api,16241,Confirmed Eruption,,2.0,1927.0,0.0,0.0,Historical Observations,,,,-8.2,119.07
264270,Sirung,16356,Uncertain Eruption,,2.0,1927.0,0.0,0.0,,,,,-8.508,124.13
241080,Tongariro,14576,Uncertain Eruption,North flank (Ketetahi),1.0,1927.0,0.0,0.0,,,,,-39.157,175.632
357120,Villarrica,12149,Confirmed Eruption,,2.0,1927.0,0.0,0.0,Historical Observations,1928.0,0.0,0.0,-39.42,-71.93
343030,Izalco,10814,Confirmed Eruption,,2.0,1927.0,0.0,0.0,Historical Observations,1928.0,0.0,0.0,13.813,-89.633
351060,Purace,11333,Confirmed Eruption,,2.0,1927.0,0.0,0.0,Historical Observations,,,,2.32,-76.4
390030,Deception Island,13192,Discredited Eruption,,,1927.0,0.0,0.0,,,,,-63.001,-60.652
311310,Makushin,19984,Confirmed Eruption,,2.0,1926.0,12.0,30.0,Historical Observations,,,,53.891,-166.923
300090,Koryaksky,19043,Confirmed Eruption,,1.0,1926.0,12.0,22.0,Historical Observations,1926.0,12.0,22.0,53.321,158.712
241080,Tongariro,14575,Confirmed Eruption,Ngauruhoe,2.0,1926.0,12.0,21.0,Historical Observations,1926.0,12.0,30.0,-39.157,175.632
351100,Cumbal,11387,Confirmed Eruption,,2.0,1926.0,12.0,20.0,Historical Observations,1926.0,12.0,21.0,0.95,-77.87
263180,Slamet,15742,Confirmed Eruption,,2.0,1926.0,11.0,23.0,Historical Observations,1926.0,11.0,30.0,-7.242,109.208
241050,Okataina,14522,Confirmed Eruption,Rotomahana,1.0,1926.0,11.0,17.0,Historical Observations,1926.0,11.0,18.0,-38.12,176.5
285040,Shikotsu,17609,Confirmed Eruption,Tarumai,2.0,1926.0,10.0,19.0,Historical Observations,1926.0,10.0,30.0,42.688,141.38
267020,Karangetang,16508,Confirmed Eruption,,2.0,1926.0,10.0,0.0,Historical Observations,,,,2.781,125.407
282110,Asosan,17300,Confirmed Eruption,Naka-dake,2.0,1926.0,9.0,21.0,Historical Observations,1928.0,1.0,13.0,32.884,131.104
233020,"Fournaise, Piton de la",14326,Confirmed Eruption,North flank,2.0,1926.0,9.0,18.0,Historical Observations,1927.0,6.0,15.0,-21.244,55.708
264010,Batur,16193,Confirmed Eruption,SW flank below Batur III,2.0,1926.0,8.0,2.0,Historical Observations,1926.0,9.0,21.0,-8.242,115.375
342080,Acatenango,10654,Confirmed Eruption,Pico Central,2.0,1926.0,8.0,0.0,Historical Observations,1927.0,5.0,19.0,14.501,-90.876
351060,Purace,11332,Confirmed Eruption,,2.0,1926.0,8.0,0.0,Historical Observations,1926.0,9.0,0.0,2.32,-76.4
373060,Askja,12917,Confirmed Eruption,South end of Öskjuvatn lake,2.0,1926.0,7.0,15.0,Historical Observations,,,,65.033,-16.783
311300,Bogoslof,19860,Confirmed Eruption,Between New and Old Bogoslof,2.0,1926.0,7.0,0.0,Historical Observations,1928.0,0.0,0.0,53.93,-168.03
371022,Eldey,12509,Confirmed Eruption,Reykjaneshryggur (NE of Eldey),0.0,1926.0,6.0,5.0,Historical Observations,,,,63.733,-23.0
268040,Gamkonora,16588,Confirmed Eruption,,1.0,1926.0,6.0,0.0,Historical Observations,,,,1.38,127.53
261230,Dempo,15564,Confirmed Eruption,,2.0,1926.0,4.0,22.0,Historical Observations,1926.0,4.0,24.0,-4.016,103.121
241080,Tongariro,14574,Confirmed Eruption,Ngauruhoe and Red Crater,2.0,1926.0,4.0,16.0,Historical Observations,1926.0,6.0,0.0,-39.157,175.632
332020,Mauna Loa,10218,Confirmed Eruption,SW rift (2320 m),0.0,1926.0,4.0,10.0,Historical Observations,1926.0,4.0,28.0,19.475,-155.608
300100,Avachinsky,19099,Confirmed Eruption,,4.0,1926.0,3.0,27.0,Historical Observations,1927.0,3.0,14.0,53.256,158.836
300260,Klyuchevskoy,19201,Confirmed Eruption,,2.0,1926.0,3.0,23.0,Historical Observations,1926.0,4.0,7.0,56.056,160.642
263090,Tangkuban Parahu,15674,Confirmed Eruption,Kawah Ecoma,1.0,1926.0,3.0,1.0,Historical Observations,1926.0,7.0,9.0,-6.77,107.6
251020,Manam,14913,Confirmed Eruption,,2.0,1926.0,3.0,0.0,Historical Observations,1928.0,3.0,1.0,-4.08,145.037
241040,Whakaari/White Island,14472,Confirmed Eruption,Little Donald vent,2.0,1926.0,2.0,3.0,Historical Observations,,,,-37.52,177.18
352010,Reventador,11436,Confirmed Eruption,,3.0,1926.0,1.0,5.0,Historical Observations,1926.0,5.0,0.0,-0.077,-77.656
211060,Etna,13511,Confirmed Eruption,NE Crater,1.0,1926.0,1.0,2.0,Historical Observations,1926.0,6.0,0.0,37.748,14.999
221041,Dallol,13926,Confirmed Eruption,,1.0,1926.0,0.0,0.0,Historical Observations,,,,14.242,40.3
222120,"Lengai, Ol Doinyo",14014,Confirmed Eruption,North Crater,2.0,1926.0,0.0,0.0,Historical Observations,,,,-2.764,35.914
341040,Colima,10463,Confirmed Eruption,,1.0,1926.0,0.0,0.0,Historical Observations,1931.0,0.0,0.0,19.514,-103.62
353010,Fernandina,11660,Confirmed Eruption,,,1926.0,0.0,0.0,Historical Observations,,,,-0.37,-91.55
352050,Cotopaxi,11592,Confirmed Eruption,,2.0,1926.0,0.0,0.0,Historical Observations,,,,-0.677,-78.436
233020,"Fournaise, Piton de la",14325,Confirmed Eruption,,2.0,1925.0,12.0,30.0,Historical Observations,1926.0,4.0,20.0,-21.244,55.708
343030,Izalco,10813,Confirmed Eruption,,3.0,1925.0,12.0,26.0,Historical Observations,1927.0,1.0,0.0,13.813,-89.633
285050,Tokachidake,18647,Confirmed Eruption,Shin-funkako,3.0,1925.0,11.0,20.0,Historical Observations,1927.0,9.0,0.0,43.418,142.686
241080,Tongariro,14411,Confirmed Eruption,Ngauruhoe,2.0,1925.0,11.0,0.0,Historical Observations,1925.0,12.0,0.0,-39.157,175.632
351060,Purace,11331,Confirmed Eruption,,2.0,1925.0,10.0,12.0,Historical Observations,1925.0,11.0,5.0,2.32,-76.4
212040,Santorini,13888,Confirmed Eruption,Nea Kameni (Dafni dome),2.0,1925.0,8.0,11.0,Historical Observations,1926.0,5.0,0.0,36.404,25.396
300130,Karymsky,19165,Confirmed Eruption,,2.0,1925.0,7.0,0.0,Historical Observations,,,,54.049,159.443
282030,Suwanosejima,16930,Confirmed Eruption,O-take,2.0,1925.0,5.0,13.0,Historical Observations,,,,29.638,129.714
353020,Wolf,11683,Confirmed Eruption,ESE flank,1.0,1925.0,4.0,11.0,Historical Observations,1926.0,3.0,26.0,0.02,-91.35
300260,Klyuchevskoy,14011,Confirmed Eruption,,2.0,1925.0,4.0,4.0,Historical Observations,1925.0,10.0,10.0,56.056,160.642
261140,Marapi,15451,Confirmed Eruption,,0.0,1925.0,4.0,0.0,Historical Observations,,,,-0.38,100.474
344100,Masaya,11026,Confirmed Eruption,Santiago,2.0,1925.0,4.0,0.0,Historical Observations,,,,11.985,-86.165
284170,Pagan,18512,Confirmed Eruption,,2.0,1925.0,2.0,0.0,Historical Observations,1925.0,5.0,5.0,18.13,145.8
283120,Kusatsu-Shiranesan,17830,Confirmed Eruption,Northern part of Yu-gama,2.0,1925.0,1.0,22.0,Historical Observations,1925.0,1.0,30.0,36.618,138.528
241100,Ruapehu,14617,Confirmed Eruption,,2.0,1925.0,1.0,22.0,Historical Observations,,,,-39.28,175.57
282110,Asosan,17299,Confirmed Eruption,Naka-dake,2.0,1925.0,1.0,6.0,Historical Observations,,,,32.884,131.104
264010,Batur,16192,Confirmed Eruption,Batur II,2.0,1925.0,1.0,5.0,Historical Observations,1925.0,1.0,5.0,-8.242,115.375
264220,Iliboleng,16313,Confirmed Eruption,,2.0,1925.0,0.0,0.0,Historical Observations,,,,-8.342,123.258
251020,Manam,14912,Confirmed Eruption,,2.0,1925.0,0.0,0.0,Historical Observations,,,,-4.08,145.037
224010,Cameroon,14129,Confirmed Eruption,Near Fako,,1925.0,0.0,0.0,Historical Observations,,,,4.203,9.17
284140,Farallon de Pajaros,18483,Confirmed Eruption,,2.0,1925.0,0.0,0.0,Historical Observations,,,,20.546,144.893
300120,Zhupanovsky,19133,Confirmed Eruption,,2.0,1925.0,0.0,0.0,Historical Observations,,,,53.589,159.15
311360,Shishaldin,20074,Confirmed Eruption,,,1925.0,0.0,0.0,Historical Observations,,,,54.756,-163.97
341090,Popocatepetl,10546,Confirmed Eruption,,2.0,1925.0,0.0,0.0,Historical Observations,1927.0,0.0,0.0,19.023,-98.622
345040,Poas,11159,Confirmed Eruption,,1.0,1925.0,0.0,0.0,Historical Observations,,,,10.2,-84.233
357010,Tupungatito,11896,Confirmed Eruption,,2.0,1925.0,0.0,0.0,Historical Observations,,,,-33.425,-69.797
342080,Acatenango,10653,Confirmed Eruption,North slope of Pico Central,3.0,1924.0,12.0,18.0,Historical Observations,1925.0,6.0,7.0,14.501,-90.876
261050,"Telong, Bur ni",15400,Uncertain Eruption,,2.0,1924.0,12.0,7.0,,,,,4.769,96.821
283070,Yakedake,17514,Confirmed Eruption,"Summit (Inkyo-ko), NW flank (Kurodani)",2.0,1924.0,11.0,16.0,Historical Observations,1926.0,1.0,27.0,36.227,137.587
264100,Ebulobo,16160,Confirmed Eruption,,2.0,1924.0,11.0,0.0,Historical Observations,,,,-8.817,121.191
282010,Submarine Volcano NNE of Iriomotejima,16910,Confirmed Eruption,,4.0,1924.0,10.0,31.0,Historical Observations,,,,24.57,123.93
241080,Tongariro,14573,Confirmed Eruption,Ngauruhoe,2.0,1924.0,10.0,0.0,Historical Observations,1924.0,11.0,0.0,-39.157,175.632
351080,Galeras,11363,Confirmed Eruption,,3.0,1924.0,10.0,0.0,Historical Observations,1927.0,0.0,0.0,1.22,-77.37
263250,Merapi,15901,Confirmed Eruption,,1.0,1924.0,9.0,10.0,Historical Observations,1924.0,9.0,12.0,-7.54,110.446
283110,Asamayama,17781,Confirmed Eruption,,2.0,1924.0,9.0,7.0,Historical Observations,1924.0,9.0,29.0,36.406,138.523
233020,"Fournaise, Piton de la",14324,Confirmed Eruption,,2.0,1924.0,9.0,3.0,Historical Observations,1924.0,9.0,13.0,-21.244,55.708
263340,Raung,16128,Uncertain Eruption,,2.0,1924.0,8.0,20.0,,,,,-8.119,114.056
285020,Hokkaido-Komagatake,18573,Confirmed Eruption,,2.0,1924.0,7.0,31.0,Historical Observations,,,,42.063,140.677
332010,Kilauea,10080,Confirmed Eruption,Halemaumau,0.0,1924.0,7.0,19.0,Historical Observations,1924.0,7.0,29.0,19.421,-155.287
241080,Tongariro,14572,Confirmed Eruption,Ngauruhoe,2.0,1924.0,5.0,22.0,Historical Observations,,,,-39.157,175.632
233020,"Fournaise, Piton de la",14323,Confirmed Eruption,,0.0,1924.0,5.0,19.0,Historical Observations,1924.0,5.0,23.0,-21.244,55.708
332010,Kilauea,10079,Confirmed Eruption,Halemaumau,2.0,1924.0,5.0,10.0,Historical Observations,1924.0,5.0,27.0,19.421,-155.287
267020,Karangetang,16507,Confirmed Eruption,,2.0,1924.0,5.0,0.0,Historical Observations,,,,2.781,125.407
261150,Tandikat-Singgalang,15483,Confirmed Eruption,Tandikat,1.0,1924.0,4.0,0.0,Historical Observations,1924.0,4.0,0.0,-0.39,100.331
290120,Kolokol Group,18769,Confirmed Eruption,Trezubetz,2.0,1924.0,3.0,13.0,Historical Observations,,,,46.042,150.083
264010,Batur,16191,Confirmed Eruption,Batur II,2.0,1924.0,3.0,0.0,Historical Observations,1924.0,3.0,0.0,-8.242,115.375
345060,Irazu,11222,Confirmed Eruption,,2.0,1924.0,3.0,0.0,Historical Observations,1924.0,4.0,0.0,9.979,-83.852
343030,Izalco,10812,Confirmed Eruption,,2.0,1924.0,3.0,0.0,Historical Observations,,,,13.813,-89.633
290240,Sarychev Peak,18803,Confirmed Eruption,Near Toporkovyi islet,1.0,1924.0,2.0,15.0,Historical Observations,,,,48.092,153.2
290250,Raikoke,18823,Confirmed Eruption,,4.0,1924.0,2.0,14.0,Historical Observations,1924.0,2.0,15.0,48.292,153.25
263340,Raung,16127,Confirmed Eruption,,2.0,1924.0,2.0,0.0,Historical Observations,,,,-8.119,114.056
312030,Pavlof,20129,Confirmed Eruption,,2.0,1924.0,1.0,17.0,Historical Observations,,,,55.417,-161.894
241080,Tongariro,14571,Confirmed Eruption,Ngauruhoe,2.0,1924.0,1.0,9.0,Historical Observations,1924.0,1.0,30.0,-39.157,175.632
241040,Whakaari/White Island,14471,Confirmed Eruption,North end of crater (Schuberts Fairy?),2.0,1924.0,0.0,0.0,Historical Observations,,,,-37.52,177.18
241050,Okataina,14521,Confirmed Eruption,Waimangu (Echo Crater),1.0,1924.0,0.0,0.0,Historical Observations,,,,-38.12,176.5
251010,Bam,14880,Confirmed Eruption,,2.0,1924.0,0.0,0.0,Historical Observations,,,,-3.613,144.818
251020,Manam,14911,Uncertain Eruption,,2.0,1924.0,0.0,0.0,,,,,-4.08,145.037
274030,Babuyan Claro,16887,Confirmed Eruption,Smith volcano,2.0,1924.0,0.0,0.0,Historical Observations,,,,19.523,121.94
290200,Ketoi,18794,Confirmed Eruption,Pallas Peak,2.0,1924.0,0.0,0.0,Historical Observations,,,,47.35,152.475
284150,Asuncion,18501,Uncertain Eruption,,2.0,1924.0,0.0,0.0,,,,,19.671,145.406
351060,Purace,11330,Confirmed Eruption,,2.0,1924.0,0.0,0.0,Historical Observations,,,,2.32,-76.4
373060,Askja,12916,Confirmed Eruption,South flank of Dyngjufjöll massif,0.0,1924.0,0.0,0.0,Historical Observations,,,,65.033,-16.783
351080,Galeras,11362,Confirmed Eruption,,2.0,1923.0,12.0,8.0,Historical Observations,,,,1.22,-77.37
341090,Popocatepetl,10545,Confirmed Eruption,,1.0,1923.0,11.0,27.0,Historical Observations,1924.0,3.0,7.0,19.023,-98.622
266030,Soputan,13593,Confirmed Eruption,NE flank (Aeseput),2.0,1923.0,11.0,27.0,Historical Observations,1924.0,1.0,18.0,1.112,124.737
344070,"Negro, Cerro",10949,Confirmed Eruption,Summit and upper north flank,3.0,1923.0,10.0,23.0,Historical Observations,1923.0,12.0,11.0,12.506,-86.702
211060,Etna,13783,Confirmed Eruption,Central Crater,1.0,1923.0,10.0,9.0,Historical Observations,1925.0,2.0,0.0,37.748,14.999
261170,Kerinci,15507,Confirmed Eruption,,1.0,1923.0,9.0,0.0,Historical Observations,1923.0,9.0,0.0,-1.697,101.264
263250,Merapi,15900,Uncertain Eruption,,,1923.0,9.0,0.0,,1923.0,11.0,0.0,-7.54,110.446
332010,Kilauea,10078,Confirmed Eruption,East rift zone (915 m),0.0,1923.0,8.0,25.0,Historical Observations,1923.0,8.0,25.0,19.421,-155.287
300260,Klyuchevskoy,14010,Confirmed Eruption,,2.0,1923.0,8.0,0.0,Historical Observations,1923.0,9.0,0.0,56.056,160.642
243030,Unnamed,14728,Confirmed Eruption,,0.0,1923.0,7.0,1.0,Historical Observations,,,,-20.852,-175.55
282090,Kirishimayama,17156,Confirmed Eruption,Ohachi,2.0,1923.0,7.0,0.0,Historical Observations,1923.0,7.0,0.0,31.934,130.862
283070,Yakedake,17513,Confirmed Eruption,"NW flank (Kurodani Crater), Inkyo-ko",2.0,1923.0,6.0,26.0,Historical Observations,1923.0,8.0,2.0,36.227,137.587
211060,Etna,13781,Confirmed Eruption,NE flank (2500-1800 m),2.0,1923.0,6.0,17.0,Historical Observations,1923.0,7.0,18.0,37.748,14.999
263180,Slamet,15741,Confirmed Eruption,,2.0,1923.0,6.0,2.0,Historical Observations,1923.0,6.0,2.0,-7.242,109.208
263040,Perbakti-Gagak,15636,Confirmed Eruption,Kawah Cibodas,1.0,1923.0,6.0,0.0,Historical Observations,,,,-6.75,106.7
261230,Dempo,15563,Confirmed Eruption,,1.0,1923.0,5.0,19.0,Historical Observations,1923.0,5.0,19.0,-4.016,103.121
268060,Gamalama,16662,Confirmed Eruption,,2.0,1923.0,4.0,13.0,Historical Observations,1923.0,5.0,6.0,0.8,127.33
263100,Papandayan,15686,Confirmed Eruption,"Kawah Baru, Kawah Nangklak",1.0,1923.0,3.0,11.0,Historical Observations,1925.0,3.0,9.0,-7.32,107.73
275060,"Cendres, Ile des",16896,Confirmed Eruption,,2.0,1923.0,3.0,2.0,Historical Observations,1923.0,5.0,13.0,10.158,109.014
285020,Hokkaido-Komagatake,18572,Confirmed Eruption,,2.0,1923.0,2.0,27.0,Historical Observations,1923.0,3.0,15.0,42.063,140.677
300040,Zheltovsky,18919,Confirmed Eruption,,3.0,1923.0,2.0,11.0,Historical Observations,1923.0,4.0,0.0,51.577,157.328
300110,Dzenzursky,19105,Discredited Eruption,,,1923.0,2.0,0.0,,,,,53.637,158.922
300130,Karymsky,19164,Confirmed Eruption,,2.0,1923.0,2.0,0.0,Historical Observations,,,,54.049,159.443
300200,Kronotsky,19248,Confirmed Eruption,Summit and/or south flank (3150 m),2.0,1923.0,2.0,0.0,Historical Observations,,,,54.753,160.533
284170,Pagan,18511,Confirmed Eruption,North Pagan,3.0,1923.0,2.0,0.0,Historical Observations,1923.0,3.0,26.0,18.13,145.8
285040,Shikotsu,17608,Confirmed Eruption,Tarumai,1.0,1923.0,2.0,0.0,Historical Observations,1923.0,8.0,23.0,42.688,141.38
290240,Sarychev Peak,18807,Confirmed Eruption,,2.0,1923.0,1.0,17.0,Historical Observations,1923.0,1.0,22.0,48.092,153.2
373060,Askja,12915,Confirmed Eruption,SE corner of Öskjuvatn Caldera,0.0,1923.0,1.0,15.0,Historical Observations,,,,65.033,-16.783
282110,Asosan,17298,Confirmed Eruption,Naka-dake,2.0,1923.0,1.0,0.0,Historical Observations,1923.0,9.0,17.0,32.884,131.104
290180,Zavaritzki Caldera,18473,Confirmed Eruption,North end of caldera lake,1.0,1923.0,0.0,0.0,Historical Observations,,,,46.925,151.95
264010,Batur,16190,Confirmed Eruption,Batur II,2.0,1923.0,0.0,0.0,Historical Observations,,,,-8.242,115.375
224004,Santa Isabel,14115,Confirmed Eruption,SE flank,,1923.0,0.0,0.0,Historical Observations,,,,3.588,8.762
257070,Kuwae,15335,Confirmed Eruption,Karua,2.0,1923.0,0.0,0.0,Historical Observations,1925.0,0.0,0.0,-16.829,168.536
251020,Manam,14910,Uncertain Eruption,,2.0,1923.0,0.0,0.0,,,,,-4.08,145.037
355070,San Pedro-San Pablo,11838,Uncertain Eruption,,,1923.0,0.0,0.0,,,,,-21.888,-68.391
357070,"Chillan, Nevados de",11982,Uncertain Eruption,Volcán Nuevo,2.0,1923.0,0.0,0.0,,,,,-36.868,-71.378
312030,Pavlof,20128,Confirmed Eruption,,2.0,1922.0,12.0,24.0,Historical Observations,1923.0,2.0,28.0,55.417,-161.894
284010,Izu-Oshima,18213,Confirmed Eruption,Mihara-yama,1.0,1922.0,12.0,8.0,Historical Observations,1923.0,1.0,30.0,34.724,139.394
300200,Kronotsky,19247,Confirmed Eruption,South flank (3150 m),2.0,1922.0,11.0,0.0,Historical Observations,,,,54.753,160.533
373060,Askja,12914,Confirmed Eruption,1 km SW of Öskjuvatn Caldera,0.0,1922.0,11.0,0.0,Historical Observations,,,,65.033,-16.783
357110,Llaima,12047,Confirmed Eruption,,2.0,1922.0,10.0,24.0,Historical Observations,,,,-38.692,-71.729
357120,Villarrica,12148,Confirmed Eruption,,2.0,1922.0,10.0,24.0,Historical Observations,1922.0,11.0,27.0,-39.42,-71.93
311360,Shishaldin,20073,Confirmed Eruption,,2.0,1922.0,10.0,15.0,Historical Observations,,,,54.756,-163.97
345033,Arenal,11133,Confirmed Eruption,,2.0,1922.0,10.0,5.0,Historical Observations,1922.0,10.0,23.0,10.463,-84.703
373010,Grimsvotn,12826,Confirmed Eruption,,2.0,1922.0,9.0,29.0,Historical Observations,1922.0,10.0,23.0,64.416,-17.316
264010,Batur,16189,Confirmed Eruption,,2.0,1922.0,8.0,30.0,Historical Observations,,,,-8.242,115.375
212020,Methana,13873,Uncertain Eruption,,,1922.0,8.0,0.0,,,,,37.615,23.336
284120,Ioto,18404,Confirmed Eruption,West side (Asodai),1.0,1922.0,7.0,0.0,Historical Observations,,,,24.751,141.289
257050,Lopevi,15294,Confirmed Eruption,,2.0,1922.0,6.0,28.0,Historical Observations,1922.0,7.0,1.0,-16.507,168.346
342030,Santa Maria,10626,Confirmed Eruption,SW flank (Santiaguito),3.0,1922.0,6.0,22.0,Historical Observations,2020.0,4.0,17.0,14.757,-91.552
267040,Awu,16565,Confirmed Eruption,,0.0,1922.0,6.0,20.0,Historical Observations,1922.0,9.0,0.0,3.689,125.447
332010,Kilauea,10077,Confirmed Eruption,"East rift zone, Makaopuhi, Napau",0.0,1922.0,5.0,28.0,Historical Observations,1922.0,5.0,30.0,19.421,-155.287
285020,Hokkaido-Komagatake,18571,Confirmed Eruption,,2.0,1922.0,5.0,22.0,Historical Observations,,,,42.063,140.677
267020,Karangetang,16506,Confirmed Eruption,Crater IV,2.0,1922.0,5.0,4.0,Historical Observations,1922.0,12.0,13.0,2.781,125.407
300260,Klyuchevskoy,14009,Confirmed Eruption,,2.0,1922.0,5.0,0.0,Historical Observations,,,,56.056,160.642
345020,Rincon de la Vieja,11095,Confirmed Eruption,,2.0,1922.0,4.0,11.0,Historical Observations,1922.0,6.0,4.0,10.83,-85.324
283070,Yakedake,17512,Confirmed Eruption,"NW flank (Kurodani Crater), Inkyo-ko",1.0,1922.0,3.0,10.0,Historical Observations,1922.0,3.0,19.0,36.227,137.587
263250,Merapi,15899,Confirmed Eruption,,1.0,1922.0,2.0,18.0,Historical Observations,1922.0,8.0,8.0,-7.54,110.446
263310,Tengger Caldera,16050,Confirmed Eruption,Bromo,2.0,1922.0,2.0,5.0,Historical Observations,1922.0,6.0,20.0,-7.942,112.95
224010,Cameroon,14128,Confirmed Eruption,"Mateer (W, 3300 m), Waldau (SW, 1300 m)",2.0,1922.0,2.0,3.0,Historical Observations,1922.0,8.0,24.0,4.203,9.17
251020,Manam,14909,Confirmed Eruption,,3.0,1922.0,0.0,0.0,Historical Observations,,,,-4.08,145.037
241040,Whakaari/White Island,14470,Confirmed Eruption,NW end of crater (Lot's Wife vent),2.0,1922.0,0.0,0.0,Historical Observations,,,,-37.52,177.18
311070,Gareloi,19680,Confirmed Eruption,,3.0,1922.0,0.0,0.0,Historical Observations,,,,51.79,-178.794
352050,Cotopaxi,11591,Confirmed Eruption,,2.0,1922.0,0.0,0.0,Historical Observations,,,,-0.677,-78.436
222030,"Barrier, The",13973,Confirmed Eruption,North flank (Teleki),2.0,1921.0,12.0,31.0,Historical Observations,,,,2.32,36.57
357150,Puyehue-Cordon Caulle,12212,Confirmed Eruption,Cordón Caulle-Cordillera Nevada,3.0,1921.0,12.0,13.0,Historical Observations,1922.0,2.0,12.0,-40.59,-72.117
357120,Villarrica,12147,Uncertain Eruption,,2.0,1921.0,12.0,10.0,,,,,-39.42,-71.93
282030,Suwanosejima,16929,Confirmed Eruption,O-take,2.0,1921.0,12.0,8.0,Historical Observations,1922.0,1.0,26.0,29.638,129.714
344120,Concepcion,11053,Confirmed Eruption,,2.0,1921.0,12.0,0.0,Historical Observations,1926.0,5.0,0.0,11.538,-85.622
233020,"Fournaise, Piton de la",14322,Confirmed Eruption,,2.0,1921.0,11.0,27.0,Historical Observations,1921.0,12.0,3.0,-21.244,55.708
312170,Katmai,20240,Discredited Eruption,,,1921.0,11.0,27.0,,,,,58.28,-154.963
243050,Fonuafo'ou,14739,Uncertain Eruption,,0.0,1921.0,11.0,0.0,,,,,-20.32,-175.42
241100,Ruapehu,14591,Confirmed Eruption,,2.0,1921.0,10.0,0.0,Historical Observations,,,,-39.28,175.57
265070,Serua,16394,Confirmed Eruption,Summit and south flank,2.0,1921.0,9.0,18.0,Historical Observations,,,,-6.312,130.017
300130,Karymsky,19163,Confirmed Eruption,,2.0,1921.0,9.0,0.0,Historical Observations,,,,54.049,159.443
285040,Shikotsu,17607,Confirmed Eruption,Tarumai,1.0,1921.0,7.0,6.0,Historical Observations,1921.0,7.0,6.0,42.688,141.38
315020,Wrangell,20416,Uncertain Eruption,North flank?,,1921.0,7.0,3.0,,1921.0,7.0,3.0,62.006,-144.017
263310,Tengger Caldera,16049,Confirmed Eruption,Bromo,2.0,1921.0,6.0,0.0,Historical Observations,1921.0,10.0,17.0,-7.942,112.95
261180,Sumbing,15535,Confirmed Eruption,,2.0,1921.0,5.0,23.0,Historical Observations,1921.0,6.0,3.0,-2.414,101.728
261170,Kerinci,15506,Confirmed Eruption,,2.0,1921.0,5.0,0.0,Historical Observations,1921.0,6.0,0.0,-1.697,101.264
261230,Dempo,15562,Confirmed Eruption,,1.0,1921.0,4.0,0.0,Historical Observations,1921.0,4.0,0.0,-4.016,103.121
332010,Kilauea,10076,Confirmed Eruption,Kilauea Caldera,0.0,1921.0,3.0,18.0,Historical Observations,1921.0,3.0,25.0,19.421,-155.287
321050,St. Helens,20556,Uncertain Eruption,,,1921.0,3.0,18.0,,,,,46.2,-122.18
267020,Karangetang,16505,Confirmed Eruption,Crater V,2.0,1921.0,3.0,0.0,Historical Observations,1921.0,6.0,0.0,2.781,125.407
373060,Askja,12913,Confirmed Eruption,"NE caldera wall, 0.6 km SE of Viti",0.0,1921.0,3.0,0.0,Historical Observations,,,,65.033,-16.783
263340,Raung,16126,Confirmed Eruption,1913 cone,2.0,1921.0,2.0,14.0,Historical Observations,1921.0,4.0,0.0,-8.119,114.056
267040,Awu,16564,Confirmed Eruption,,0.0,1921.0,2.0,0.0,Historical Observations,1921.0,10.0,1.0,3.689,125.447
222120,"Lengai, Ol Doinyo",14013,Confirmed Eruption,North Crater,2.0,1921.0,2.0,0.0,Historical Observations,,,,-2.764,35.914
264010,Batur,16188,Confirmed Eruption,SW flank (Batur II),2.0,1921.0,1.0,29.0,Historical Observations,1921.0,4.0,17.0,-8.242,115.375
264180,Lewotobi,16290,Confirmed Eruption,Lewotobi Perempuan,2.0,1921.0,1.0,1.0,Historical Observations,1921.0,12.0,20.0,-8.542,122.775
223020,Nyamuragira,14055,Confirmed Eruption,Caldera,0.0,1921.0,0.0,0.0,Historical Observations,1938.0,1.0,17.0,-1.408,29.2
283070,Yakedake,17511,Confirmed Eruption,,,1921.0,0.0,0.0,Historical Observations,,,,36.227,137.587
357120,Villarrica,12146,Confirmed Eruption,,2.0,1920.0,12.0,10.0,Historical Observations,1920.0,12.0,13.0,-39.42,-71.93
283110,Asamayama,17780,Confirmed Eruption,,2.0,1920.0,12.0,6.0,Historical Observations,1922.0,4.0,5.0,36.406,138.523
263280,Kelut,15954,Confirmed Eruption,,2.0,1920.0,12.0,6.0,Historical Observations,1920.0,12.0,12.0,-7.93,112.308
251020,Manam,14908,Confirmed Eruption,,2.0,1920.0,12.0,5.0,Historical Observations,1921.0,3.0,0.0,-4.08,145.037
343020,Santa Ana,10691,Uncertain Eruption,,2.0,1920.0,11.0,0.0,,,,,13.853,-89.63
343030,Izalco,10811,Confirmed Eruption,SE flank,2.0,1920.0,10.0,29.0,Historical Observations,1921.0,4.0,10.0,13.813,-89.633
343100,San Miguel,10851,Confirmed Eruption,,2.0,1920.0,8.0,14.0,Historical Observations,1925.0,0.0,0.0,13.434,-88.269
263250,Merapi,15898,Confirmed Eruption,,2.0,1920.0,7.0,25.0,Historical Observations,1921.0,2.0,0.0,-7.54,110.446
285040,Shikotsu,17606,Confirmed Eruption,Tarumai,1.0,1920.0,7.0,17.0,Historical Observations,1920.0,7.0,23.0,42.688,141.38
233020,"Fournaise, Piton de la",14321,Confirmed Eruption,,0.0,1920.0,6.0,28.0,Historical Observations,1920.0,10.0,18.0,-21.244,55.708
312170,Katmai,20239,Discredited Eruption,,,1920.0,3.0,9.0,,,,,58.28,-154.963
257060,Epi,15324,Confirmed Eruption,,2.0,1920.0,1.0,22.0,Historical Observations,,,,-16.68,168.37
252080,Witori,15025,Confirmed Eruption,Pago,0.0,1920.0,0.0,0.0,Historical Observations,,,,-5.576,150.516
223020,Nyamuragira,14054,Confirmed Eruption,SSW flank (Lake Kivu),0.0,1920.0,0.0,0.0,Historical Observations,,,,-1.408,29.2
223030,Nyiragongo,14099,Confirmed Eruption,,1.0,1920.0,0.0,0.0,Historical Observations,1921.0,0.0,0.0,-1.52,29.25
222030,"Barrier, The",13971,Uncertain Eruption,South flank (Andrew's Volcano),,1920.0,0.0,0.0,,,,,2.32,36.57
264230,Lewotolo,16335,Confirmed Eruption,,2.0,1920.0,0.0,0.0,Historical Observations,,,,-8.272,123.505
282110,Asosan,17180,Confirmed Eruption,Naka-dake,2.0,1920.0,0.0,0.0,Historical Observations,,,,32.884,131.104
283070,Yakedake,17510,Confirmed Eruption,,,1920.0,0.0,0.0,Historical Observations,,,,36.227,137.587
284010,Izu-Oshima,18212,Uncertain Eruption,Mihara-yama,,1920.0,0.0,0.0,,,,,34.724,139.394
358030,Huequi,12269,Confirmed Eruption,,2.0,1920.0,0.0,0.0,Historical Observations,,,,-42.377,-72.578
332010,Kilauea,20717,Confirmed Eruption,"SW rift zone (Mauna Iki, 915 m)",0.0,1919.0,12.0,21.0,Historical Observations,1920.0,7.0,30.0,19.421,-155.287
343100,San Miguel,10850,Confirmed Eruption,,2.0,1919.0,12.0,10.0,Historical Observations,1920.0,1.0,0.0,13.434,-88.269
261050,"Telong, Bur ni",15399,Confirmed Eruption,,2.0,1919.0,12.0,0.0,Historical Observations,,,,4.769,96.821
283070,Yakedake,17509,Confirmed Eruption,NW flank (Kurodani Crater),2.0,1919.0,11.0,1.0,Historical Observations,1919.0,11.0,1.0,36.227,137.587
265070,Serua,16393,Confirmed Eruption,,2.0,1919.0,11.0,0.0,Historical Observations,,,,-6.312,130.017
344040,Telica,10909,Uncertain Eruption,,2.0,1919.0,10.0,26.0,,,,,12.606,-86.84
332020,Mauna Loa,10217,Confirmed Eruption,SW rift zone (3450 and 2350 m),0.0,1919.0,9.0,26.0,Historical Observations,1919.0,11.0,5.0,19.475,-155.608
251020,Manam,14907,Confirmed Eruption,"South Crater, Main Crater",4.0,1919.0,8.0,11.0,Historical Observations,,,,-4.08,145.037
283240,Iwatesan,18068,Confirmed Eruption,W side of Onigajo caldera (O-jigokudani),1.0,1919.0,7.0,15.0,Historical Observations,1919.0,7.0,15.0,39.853,141.001
344070,"Negro, Cerro",10948,Confirmed Eruption,,2.0,1919.0,6.0,20.0,Historical Observations,1919.0,6.0,30.0,12.506,-86.702
285020,Hokkaido-Komagatake,18570,Confirmed Eruption,SE of Ansei Crater,2.0,1919.0,6.0,17.0,Historical Observations,1919.0,7.0,26.0,42.063,140.677
252120,Ulawun,15042,Confirmed Eruption,,2.0,1919.0,5.0,28.0,Historical Observations,,,,-5.05,151.33
263280,Kelut,15953,Confirmed Eruption,,4.0,1919.0,5.0,19.0,Historical Observations,1919.0,5.0,20.0,-7.93,112.308
284010,Izu-Oshima,18211,Confirmed Eruption,Mihara-yama,0.0,1919.0,5.0,18.0,Historical Observations,1919.0,12.0,23.0,34.724,139.394
285040,Shikotsu,17605,Confirmed Eruption,Tarumai,2.0,1919.0,5.0,4.0,Historical Observations,1919.0,5.0,4.0,42.688,141.38
274030,Babuyan Claro,16886,Confirmed Eruption,Smith volcano,2.0,1919.0,5.0,0.0,Historical Observations,,,,19.523,121.94
282110,Asosan,17179,Confirmed Eruption,Naka-dake,2.0,1919.0,4.0,0.0,Historical Observations,1919.0,5.0,0.0,32.884,131.104
211060,Etna,13780,Confirmed Eruption,"Central Crater, NE Crater",2.0,1919.0,3.0,15.0,Historical Observations,1923.0,7.0,0.0,37.748,14.999
283110,Asamayama,17779,Confirmed Eruption,,2.0,1919.0,3.0,14.0,Historical Observations,1919.0,8.0,27.0,36.406,138.523
261140,Marapi,15450,Confirmed Eruption,,2.0,1919.0,2.0,28.0,Historical Observations,1919.0,3.0,1.0,-0.38,100.474
341090,Popocatepetl,10544,Confirmed Eruption,,1.0,1919.0,2.0,19.0,Historical Observations,1922.0,0.0,0.0,19.023,-98.622
332010,Kilauea,20716,Confirmed Eruption,Kilauea Caldera,0.0,1919.0,2.0,7.0,Historical Observations,1919.0,11.0,28.0,19.421,-155.287
263050,Salak,15645,Confirmed Eruption,Kawah Ratu,2.0,1919.0,0.0,0.0,Historical Observations,,,,-6.72,106.73
344100,Masaya,11025,Confirmed Eruption,Santiago,2.0,1919.0,0.0,0.0,Historical Observations,1924.0,0.0,0.0,11.985,-86.165
357120,Villarrica,12145,Uncertain Eruption,,,1919.0,0.0,0.0,,,,,-39.42,-71.93
357150,Puyehue-Cordon Caulle,12211,Confirmed Eruption,Cordón Caulle,2.0,1919.0,0.0,0.0,Historical Observations,1920.0,0.0,0.0,-40.59,-72.117
373060,Askja,12912,Confirmed Eruption,Dyngjufjöll,2.0,1919.0,0.0,0.0,Historical Observations,,,,65.033,-16.783
373010,Grimsvotn,12825,Confirmed Eruption,Volcano Uncertain,2.0,1919.0,0.0,0.0,,,,,64.416,-17.316
211060,Etna,13779,Confirmed Eruption,North flank (3110-2025 m),1.0,1918.0,11.0,30.0,Historical Observations,1918.0,12.0,1.0,37.748,14.999
372030,Katla,12677,Confirmed Eruption,South side of caldera,4.0,1918.0,10.0,12.0,Historical Observations,1918.0,11.0,4.0,63.633,-19.083
273010,Bulusan,16761,Confirmed Eruption,,2.0,1918.0,10.0,0.0,Historical Observations,1922.0,5.0,0.0,12.769,124.056
251010,Bam,14879,Confirmed Eruption,,,1918.0,9.0,18.0,Historical Observations,,,,-3.613,144.818
261140,Marapi,15449,Confirmed Eruption,,2.0,1918.0,8.0,15.0,Historical Observations,1918.0,8.0,15.0,-0.38,100.474
233010,Karthala,14196,Confirmed Eruption,"NE flank, Changomeni, NE Chahalé",3.0,1918.0,8.0,11.0,Historical Observations,1918.0,8.0,26.0,-11.75,43.38
261220,Kaba,15543,Uncertain Eruption,,2.0,1918.0,8.0,9.0,,,,,-3.522,102.615
268060,Gamalama,16661,Confirmed Eruption,,1.0,1918.0,8.0,0.0,Historical Observations,1918.0,9.0,4.0,0.8,127.33
252120,Ulawun,15041,Confirmed Eruption,,2.0,1918.0,7.0,21.0,Historical Observations,,,,-5.05,151.33
267030,Banua Wuhu,16550,Confirmed Eruption,,3.0,1918.0,7.0,18.0,Historical Observations,1919.0,12.0,1.0,3.138,125.491
263140,Galunggung,15720,Confirmed Eruption,Gunung Jadi,1.0,1918.0,7.0,17.0,Historical Observations,1918.0,7.0,30.0,-7.25,108.058
241100,Ruapehu,14590,Confirmed Eruption,,2.0,1918.0,6.0,29.0,Historical Observations,,,,-39.28,175.57
285040,Shikotsu,17604,Confirmed Eruption,Tarumai,1.0,1918.0,6.0,13.0,Historical Observations,1918.0,7.0,31.0,42.688,141.38
274030,Babuyan Claro,16885,Confirmed Eruption,Smith volcano,2.0,1918.0,5.0,17.0,Historical Observations,1918.0,5.0,19.0,19.523,121.94
344090,Momotombo,11003,Uncertain Eruption,,1.0,1918.0,4.0,16.0,Historical Observations,,,,12.423,-86.539
261140,Marapi,15448,Confirmed Eruption,,2.0,1918.0,3.0,8.0,Historical Observations,1918.0,3.0,10.0,-0.38,100.474
211060,Etna,13778,Confirmed Eruption,"NE Crater, Central Crater",2.0,1918.0,3.0,0.0,Historical Observations,1918.0,11.0,0.0,37.748,14.999
332010,Kilauea,20715,Confirmed Eruption,Kilauea Caldera,0.0,1918.0,2.0,23.0,Historical Observations,1918.0,3.0,9.0,19.421,-155.287
267010,Ruang,16487,Discredited Eruption,,,1918.0,2.0,0.0,,,,,2.3,125.37
282110,Asosan,13834,Confirmed Eruption,Naka-dake,2.0,1918.0,1.0,16.0,Historical Observations,,,,32.884,131.104
263250,Merapi,15897,Confirmed Eruption,,1.0,1918.0,1.0,0.0,Historical Observations,,,,-7.54,110.446
344100,Masaya,11024,Confirmed Eruption,Santiago,1.0,1918.0,1.0,0.0,Historical Observations,,,,11.985,-86.165
344120,Concepcion,11052,Confirmed Eruption,,2.0,1918.0,1.0,0.0,Historical Observations,1919.0,7.0,0.0,11.538,-85.622
344040,Telica,10908,Uncertain Eruption,,2.0,1918.0,1.0,0.0,,,,,12.606,-86.84
223030,Nyiragongo,14098,Confirmed Eruption,,1.0,1918.0,0.0,0.0,Historical Observations,,,,-1.52,29.25
241050,Okataina,14520,Confirmed Eruption,Waimangu (Echo Crater),1.0,1918.0,0.0,0.0,Historical Observations,1920.0,0.0,0.0,-38.12,176.5
261030,Peuet Sague,15391,Confirmed Eruption,,2.0,1918.0,0.0,0.0,Historical Observations,1921.0,0.0,0.0,4.903,96.289
283070,Yakedake,17508,Confirmed Eruption,Taisho crater,1.0,1918.0,0.0,0.0,Historical Observations,,,,36.227,137.587
283110,Asamayama,17778,Uncertain Eruption,,,1918.0,0.0,0.0,,,,,36.406,138.523
266030,Soputan,13592,Confirmed Eruption,NE flank (Aeseput),2.0,1917.0,11.0,0.0,Historical Observations,,,,1.112,124.737
268040,Gamkonora,16587,Confirmed Eruption,,2.0,1917.0,10.0,18.0,Historical Observations,1917.0,10.0,18.0,1.38,127.53
241080,Tongariro,14570,Confirmed Eruption,Ngauruhoe,2.0,1917.0,10.0,0.0,Historical Observations,1917.0,11.0,0.0,-39.157,175.632
312030,Pavlof,20127,Confirmed Eruption,,2.0,1917.0,10.0,0.0,Historical Observations,,,,55.417,-161.894
345060,Irazu,11221,Confirmed Eruption,,3.0,1917.0,9.0,27.0,Historical Observations,1921.0,0.0,0.0,9.979,-83.852
300060,Mutnovsky,18966,Confirmed Eruption,,3.0,1917.0,7.0,5.0,Historical Observations,,,,52.449,158.196
211060,Etna,13777,Confirmed Eruption,"NE Crater, Central Crater",2.0,1917.0,6.0,24.0,Historical Observations,1917.0,7.0,5.0,37.748,14.999
261140,Marapi,15447,Confirmed Eruption,,2.0,1917.0,6.0,16.0,Historical Observations,1917.0,9.0,16.0,-0.38,100.474
343050,San Salvador,10829,Confirmed Eruption,Boquerón summit and north flank,3.0,1917.0,6.0,7.0,Historical Observations,1917.0,11.0,0.0,13.734,-89.294
261120,Sorikmarapi,15412,Confirmed Eruption,,2.0,1917.0,5.0,20.0,Historical Observations,1917.0,5.0,20.0,0.686,99.539
353010,Fernandina,22135,Confirmed Eruption,Cape Hammond (SW flank),0.0,1917.0,5.0,14.0,Historical Observations,,,,-0.37,-91.55
283110,Asamayama,17777,Confirmed Eruption,,1.0,1917.0,5.0,3.0,Historical Observations,1917.0,7.0,31.0,36.406,138.523
285040,Shikotsu,18624,Confirmed Eruption,Tarumai (east-west summit fissure),2.0,1917.0,4.0,30.0,Historical Observations,1917.0,5.0,12.0,42.688,141.38
233020,"Fournaise, Piton de la",14320,Confirmed Eruption,NE flank (above Piton de Crac),0.0,1917.0,4.0,29.0,Historical Observations,1917.0,4.0,29.0,-21.244,55.708
284160,Agrigan,18502,Confirmed Eruption,,4.0,1917.0,4.0,9.0,Historical Observations,,,,18.77,145.67
358020,Calbuco,12258,Confirmed Eruption,,3.0,1917.0,4.0,0.0,Historical Observations,1917.0,5.0,0.0,-41.33,-72.618
241050,Okataina,14519,Confirmed Eruption,Waimangu (Echo Crater),1.0,1917.0,3.0,24.0,Historical Observations,1917.0,4.0,4.0,-38.12,176.5
263350,Ijen,16170,Confirmed Eruption,Kawah Ijen,1.0,1917.0,2.0,25.0,Historical Observations,1917.0,3.0,14.0,-8.058,114.242
263340,Raung,16125,Confirmed Eruption,,2.0,1917.0,2.0,22.0,Historical Observations,,,,-8.119,114.056
357110,Llaima,12046,Confirmed Eruption,,2.0,1917.0,2.0,4.0,Historical Observations,,,,-38.692,-71.729
355070,San Pedro-San Pablo,11837,Uncertain Eruption,,,1917.0,0.0,0.0,,,,,-21.888,-68.391
357030,Tinguiririca,11923,Confirmed Eruption,,1.0,1917.0,0.0,0.0,Historical Observations,,,,-34.814,-70.352
345020,Rincon de la Vieja,11094,Uncertain Eruption,,,1917.0,0.0,0.0,,,,,10.83,-85.324
274030,Babuyan Claro,16884,Confirmed Eruption,Smith volcano,2.0,1917.0,0.0,0.0,Historical Observations,,,,19.523,121.94
251020,Manam,14906,Confirmed Eruption,,2.0,1917.0,0.0,0.0,Historical Observations,,,,-4.08,145.037
222030,"Barrier, The",13970,Confirmed Eruption,Andrew's or Teleki's Volcanoes,2.0,1917.0,0.0,0.0,Historical Observations,,,,2.32,36.57
284170,Pagan,18510,Confirmed Eruption,North Pagan,2.0,1917.0,0.0,0.0,Historical Observations,,,,18.13,145.8
283070,Yakedake,17507,Confirmed Eruption,Taisho Crater,1.0,1917.0,0.0,0.0,Historical Observations,,,,36.227,137.587
222120,"Lengai, Ol Doinyo",14012,Confirmed Eruption,North Crater,3.0,1916.0,12.0,1.0,Historical Observations,1917.0,6.0,0.0,-2.764,35.914
300060,Mutnovsky,18965,Confirmed Eruption,,2.0,1916.0,12.0,0.0,Historical Observations,,,,52.449,158.196
263340,Raung,16124,Confirmed Eruption,,2.0,1916.0,11.0,0.0,Historical Observations,1916.0,12.0,0.0,-8.119,114.056
271060,Ragang,16714,Confirmed Eruption,,1.0,1916.0,7.0,16.0,,,,,7.691,124.507
300060,Mutnovsky,18964,Confirmed Eruption,,2.0,1916.0,7.0,15.0,Historical Observations,,,,52.449,158.196
284080,Sumisujima,18335,Confirmed Eruption,Just west of Smith Rock,0.0,1916.0,6.0,21.0,Historical Observations,,,,31.44,140.051
332020,Mauna Loa,10216,Confirmed Eruption,SW rift zone (3000 and 2250 m),0.0,1916.0,5.0,19.0,Historical Observations,1916.0,5.0,30.0,19.475,-155.608
283110,Asamayama,17776,Confirmed Eruption,,1.0,1916.0,5.0,12.0,Historical Observations,1916.0,10.0,2.0,36.406,138.523
261140,Marapi,15446,Confirmed Eruption,,1.0,1916.0,5.0,5.0,Historical Observations,1916.0,7.0,7.0,-0.38,100.474
282110,Asosan,13833,Confirmed Eruption,Naka-dake,2.0,1916.0,4.0,19.0,Historical Observations,,,,32.884,131.104
283070,Yakedake,17506,Confirmed Eruption,"Taisho Crater, Inkyo-ko",2.0,1916.0,3.0,17.0,Historical Observations,1916.0,4.0,12.0,36.227,137.587
352080,Tungurahua,11640,Confirmed Eruption,,4.0,1916.0,3.0,3.0,Historical Observations,1925.0,12.0,1.0,-1.467,-78.442
273010,Bulusan,16760,Confirmed Eruption,,2.0,1916.0,1.0,18.0,Historical Observations,1916.0,1.0,22.0,12.769,124.056
351020,"Ruiz, Nevado del",11288,Confirmed Eruption,,2.0,1916.0,0.0,0.0,Historical Observations,,,,4.892,-75.324
345040,Poas,11158,Confirmed Eruption,,2.0,1916.0,0.0,0.0,Historical Observations,,,,10.2,-84.233
357060,"Azul, Cerro",11957,Confirmed Eruption,Quizapu,5.0,1916.0,0.0,0.0,Historical Observations,1932.0,4.0,21.0,-35.653,-70.761
355070,San Pedro-San Pablo,11836,Uncertain Eruption,,,1916.0,0.0,0.0,,,,,-21.888,-68.391
261140,Marapi,15405,Confirmed Eruption,,2.0,1915.0,12.0,0.0,Historical Observations,,,,-0.38,100.474
241050,Okataina,14518,Confirmed Eruption,Waimangu (Echo Crater),1.0,1915.0,11.0,5.0,Historical Observations,1915.0,11.0,9.0,-38.12,176.5
264030,Rinjani,16217,Confirmed Eruption,Gunung Barujari (Segara Munjar),2.0,1915.0,11.0,4.0,Historical Observations,,,,-8.42,116.47
263310,Tengger Caldera,16048,Confirmed Eruption,Bromo,3.0,1915.0,11.0,0.0,Historical Observations,1916.0,6.0,0.0,-7.942,112.95
257040,Ambrym,15255,Confirmed Eruption,"Marum, crater at SE point",2.0,1915.0,10.0,20.0,Historical Observations,,,,-16.25,168.12
284010,Izu-Oshima,18210,Confirmed Eruption,Mihara-yama,2.0,1915.0,10.0,10.0,Historical Observations,1915.0,10.0,25.0,34.724,139.394
390020,Erebus,13160,Confirmed Eruption,,2.0,1915.0,8.0,0.0,Historical Observations,,,,-77.53,167.17
233020,"Fournaise, Piton de la",14319,Confirmed Eruption,"Summit, N and NE of Crater Velain",2.0,1915.0,7.0,22.0,Historical Observations,1915.0,11.0,21.0,-21.244,55.708
282030,Suwanosejima,16928,Uncertain Eruption,O-take,2.0,1915.0,7.0,0.0,,1915.0,9.0,0.0,29.638,129.714
283070,Yakedake,17505,Confirmed Eruption,"1911 summit crater, SE flank (Taisho)",2.0,1915.0,6.0,6.0,Historical Observations,1915.0,7.0,16.0,36.227,137.587
283110,Asamayama,17775,Confirmed Eruption,,1.0,1915.0,5.0,13.0,Historical Observations,1915.0,8.0,27.0,36.406,138.523
263340,Raung,16123,Confirmed Eruption,,2.0,1915.0,5.0,0.0,Historical Observations,,,,-8.119,114.056
266030,Soputan,13591,Confirmed Eruption,NE flank (Aeseput Weru),2.0,1915.0,4.0,0.0,Historical Observations,1915.0,6.0,0.0,1.112,124.737
252120,Ulawun,15040,Confirmed Eruption,,3.0,1915.0,4.0,0.0,Historical Observations,,,,-5.05,151.33
263250,Merapi,15896,Confirmed Eruption,,1.0,1915.0,3.0,28.0,Historical Observations,1915.0,5.0,15.0,-7.54,110.446
390020,Erebus,13159,Confirmed Eruption,,2.0,1915.0,3.0,22.0,Historical Observations,,,,-77.53,167.17
345033,Arenal,11132,Uncertain Eruption,,2.0,1915.0,2.0,5.0,,,,,10.463,-84.703
241050,Okataina,14517,Confirmed Eruption,Waimangu (Echo Crater & NW of Fairy Crater),1.0,1915.0,2.0,4.0,Historical Observations,1915.0,4.0,13.0,-38.12,176.5
283070,Yakedake,17504,Confirmed Eruption,,2.0,1915.0,2.0,0.0,Historical Observations,1915.0,2.0,0.0,36.227,137.587
284070,Myojinsho,18313,Confirmed Eruption,"11 km east, 19 km NE, 4 km SW",0.0,1915.0,2.0,0.0,Historical Observations,1915.0,7.0,0.0,31.888,139.918
300260,Klyuchevskoy,19359,Confirmed Eruption,,2.0,1915.0,1.0,0.0,Historical Observations,,,,56.056,160.642
334140,Southern EPR-Segment I,10341,Confirmed Eruption,,0.0,1915.0,0.0,0.0,Magnetism,,,,-18.53,-113.42
300130,Karymsky,19162,Confirmed Eruption,,2.0,1915.0,0.0,0.0,Historical Observations,,,,54.049,159.443
257030,Ambae,15235,Uncertain Eruption,,,1915.0,0.0,0.0,,,,,-15.389,167.835
221112,Alayta,13941,Confirmed Eruption,,2.0,1915.0,0.0,0.0,Historical Observations,,,,12.888,40.573
263300,Semeru,10030,Confirmed Eruption,,2.0,1915.0,0.0,0.0,Historical Observations,,,,-8.108,112.922
271060,Ragang,16713,Uncertain Eruption,,2.0,1915.0,0.0,0.0,,,,,7.691,124.507
357120,Villarrica,12144,Confirmed Eruption,,1.0,1915.0,0.0,0.0,Historical Observations,1918.0,0.0,0.0,-39.42,-71.93
358040,Michinmahuida,22112,Uncertain Eruption,,2.0,1915.0,,,Tephrochronology,,,,-42.799,-72.445
332020,Mauna Loa,10215,Confirmed Eruption,Mokuaweoweo,0.0,1914.0,11.0,25.0,Historical Observations,1915.0,1.0,11.0,19.475,-155.608
283180,Azumayama,17933,Uncertain Eruption,Issaikyo,1.0,1914.0,11.0,12.0,,1914.0,11.0,14.0,37.735,140.244
283110,Asamayama,17774,Confirmed Eruption,,2.0,1914.0,11.0,12.0,Historical Observations,1914.0,12.0,16.0,36.406,138.523
282090,Kirishimayama,17155,Confirmed Eruption,Ohachi,,1914.0,11.0,8.0,Historical Observations,,,,31.934,130.862
344070,"Negro, Cerro",10947,Confirmed Eruption,,2.0,1914.0,10.0,28.0,Historical Observations,1914.0,11.0,3.0,12.506,-86.702
345040,Poas,11157,Confirmed Eruption,,2.0,1914.0,10.0,8.0,Historical Observations,1915.0,5.0,15.0,10.2,-84.233
241040,Whakaari/White Island,14469,Discredited Eruption,,,1914.0,9.0,10.0,,,,,-37.52,177.18
357060,"Azul, Cerro",11956,Confirmed Eruption,Quizapu,3.0,1914.0,9.0,8.0,Historical Observations,,,,-35.653,-70.761
241080,Tongariro,14569,Confirmed Eruption,Ngauruhoe,2.0,1914.0,9.0,0.0,Historical Observations,1914.0,10.0,0.0,-39.157,175.632
222120,"Lengai, Ol Doinyo",14008,Confirmed Eruption,North Crater,0.0,1914.0,8.0,15.0,Historical Observations,1915.0,0.0,0.0,-2.764,35.914
312030,Pavlof,20126,Confirmed Eruption,,2.0,1914.0,7.0,6.0,Historical Observations,,,,55.417,-161.894
357110,Llaima,12045,Confirmed Eruption,,2.0,1914.0,7.0,3.0,Historical Observations,,,,-38.692,-71.729
261140,Marapi,15445,Confirmed Eruption,,2.0,1914.0,7.0,1.0,Historical Observations,,,,-0.38,100.474
312170,Katmai,20238,Discredited Eruption,,,1914.0,7.0,0.0,,,,,58.28,-154.963
264180,Lewotobi,16289,Confirmed Eruption,Lewotobi Lakilaki,2.0,1914.0,6.0,29.0,Historical Observations,,,,-8.542,122.775
290161,Milna,18471,Confirmed Eruption,Goriaschaia Sopka,2.0,1914.0,6.0,4.0,Historical Observations,1914.0,6.0,4.0,46.815,151.786
261150,Tandikat-Singgalang,15482,Confirmed Eruption,Tandikat,1.0,1914.0,5.0,31.0,Historical Observations,,,,-0.39,100.331
323080,Lassen Volcanic Center,20657,Confirmed Eruption,Lassen Peak,3.0,1914.0,5.0,30.0,Historical Observations,1917.0,6.0,29.0,40.492,-121.508
345040,Poas,11156,Confirmed Eruption,,2.0,1914.0,5.0,30.0,Historical Observations,,,,10.2,-84.233
267010,Ruang,16486,Confirmed Eruption,,2.0,1914.0,5.0,29.0,Historical Observations,1915.0,2.0,28.0,2.3,125.37
284010,Izu-Oshima,18209,Confirmed Eruption,Mihara-yama,2.0,1914.0,5.0,15.0,Historical Observations,1914.0,5.0,26.0,34.724,139.394
282030,Suwanosejima,16927,Uncertain Eruption,O-take,,1914.0,3.0,21.0,,,,,29.638,129.714
345060,Irazu,11220,Uncertain Eruption,,,1914.0,2.0,21.0,,,,,9.979,-83.852
282060,Kikai,16994,Uncertain Eruption,Tokara-Iwo-jima,,1914.0,2.0,13.0,,,,,30.793,130.305
357150,Puyehue-Cordon Caulle,12210,Confirmed Eruption,Cordón Caulle,2.0,1914.0,2.0,8.0,Historical Observations,,,,-40.59,-72.117
241050,Okataina,14516,Confirmed Eruption,Waimangu (NW of Fairy Crater),1.0,1914.0,1.0,28.0,Historical Observations,1914.0,2.0,0.0,-38.12,176.5
282110,Asosan,17279,Confirmed Eruption,Naka-dake,2.0,1914.0,1.0,13.0,Historical Observations,,,,32.884,131.104
284130,Fukutoku-Oka-no-Ba,18447,Confirmed Eruption,Shin-Iwo-jima,3.0,1914.0,1.0,13.0,Historical Observations,1914.0,8.0,21.0,24.285,141.481
282080,Aira,17077,Confirmed Eruption,"West, east and SE flanks",4.0,1914.0,1.0,12.0,Historical Observations,1915.0,5.0,0.0,31.593,130.657
282050,Kuchinoerabujima,16968,Confirmed Eruption,Shindake,2.0,1914.0,1.0,5.0,Historical Observations,,,,30.443,130.217
282040,Nakanoshima,16952,Confirmed Eruption,On-take,1.0,1914.0,1.0,0.0,Historical Observations,,,,29.859,129.857
311080,Tanaga,19697,Confirmed Eruption,,0.0,1914.0,0.0,0.0,Historical Observations,,,,51.885,-178.146
357070,"Chillan, Nevados de",11981,Confirmed Eruption,Volcán Nuevo,2.0,1914.0,0.0,0.0,Historical Observations,,,,-36.868,-71.378
211060,Etna,13776,Confirmed Eruption,"Central Crater, NE Crater",2.0,1913.0,11.0,13.0,Historical Observations,1917.0,3.0,0.0,37.748,14.999
282090,Kirishimayama,17154,Confirmed Eruption,Ohachi,2.0,1913.0,11.0,8.0,Historical Observations,1914.0,1.0,8.0,31.934,130.862
257040,Ambrym,15254,Confirmed Eruption,"Benbow, west flank, Marum",3.0,1913.0,10.0,14.0,Historical Observations,1914.0,0.0,0.0,-16.25,168.12
283070,Yakedake,17503,Confirmed Eruption,Inkyo-ko,2.0,1913.0,9.0,1.0,Historical Observations,1914.0,1.0,13.0,36.227,137.587
312160,Trident,20223,Confirmed Eruption,,1.0,1913.0,9.0,0.0,Historical Observations,,,,58.236,-155.1
344100,Masaya,11023,Confirmed Eruption,Santiago,1.0,1913.0,7.0,12.0,Historical Observations,,,,11.985,-86.165
233020,"Fournaise, Piton de la",14317,Confirmed Eruption,,2.0,1913.0,7.0,10.0,Historical Observations,1913.0,8.0,3.0,-21.244,55.708
211020,Vesuvius,13361,Confirmed Eruption,Summit and upper flanks,3.0,1913.0,7.0,5.0,Historical Observations,1944.0,4.0,4.0,40.821,14.426
311300,Bogoslof,19859,Uncertain Eruption,Tahoma Peak,,1913.0,7.0,0.0,,,,,53.93,-168.03
261140,Marapi,15444,Confirmed Eruption,,2.0,1913.0,6.0,23.0,Historical Observations,1913.0,7.0,31.0,-0.38,100.474
263300,Semeru,13583,Confirmed Eruption,Jonggring Seloko,2.0,1913.0,6.0,23.0,Historical Observations,1913.0,6.0,26.0,-8.108,112.922
263340,Raung,16122,Confirmed Eruption,,2.0,1913.0,5.0,10.0,Historical Observations,1913.0,12.0,0.0,-8.119,114.056
241080,Tongariro,14568,Confirmed Eruption,Ngauruhoe,2.0,1913.0,5.0,0.0,Historical Observations,,,,-39.157,175.632
372070,Hekla,12748,Confirmed Eruption,"E & NE of Hekla (Mundafit, Lambafit)",2.0,1913.0,4.0,25.0,Historical Observations,1913.0,5.0,18.0,63.983,-19.666
266030,Soputan,13590,Confirmed Eruption,NE flank (Aeseput),2.0,1913.0,4.0,0.0,Historical Observations,1913.0,7.0,0.0,1.112,124.737
267040,Awu,16563,Confirmed Eruption,,2.0,1913.0,3.0,14.0,Historical Observations,1913.0,3.0,14.0,3.689,125.447
354004,Andahua-Orcopampa,11740,Uncertain Eruption,,,1913.0,3.0,6.0,,,,,-15.42,-72.33
241050,Okataina,14515,Confirmed Eruption,Waimangu (Echo Crater),1.0,1913.0,1.0,27.0,Historical Observations,1913.0,1.0,27.0,-38.12,176.5
341040,Colima,10459,Confirmed Eruption,,4.0,1913.0,1.0,17.0,Historical Observations,1913.0,1.0,24.0,19.514,-103.62
357060,"Azul, Cerro",11955,Uncertain Eruption,Quizapu,2.0,1913.0,1.0,15.0,,,,,-35.653,-70.761
300260,Klyuchevskoy,19358,Confirmed Eruption,,2.0,1913.0,1.0,0.0,Historical Observations,,,,56.056,160.642
241080,Tongariro,14567,Confirmed Eruption,Ngauruhoe,2.0,1913.0,1.0,0.0,Historical Observations,,,,-39.157,175.632
251010,Bam,14878,Confirmed Eruption,,,1913.0,0.0,0.0,Historical Observations,,,,-3.613,144.818
222120,"Lengai, Ol Doinyo",14007,Confirmed Eruption,,0.0,1913.0,0.0,0.0,Historical Observations,,,,-2.764,35.914
274030,Babuyan Claro,16883,Uncertain Eruption,Babuyan Claro,2.0,1913.0,0.0,0.0,,,,,19.523,121.94
355020,Guallatiri,11819,Confirmed Eruption,,2.0,1913.0,0.0,0.0,Historical Observations,,,,-18.42,-69.092
355030,Isluga,14103,Confirmed Eruption,,2.0,1913.0,0.0,0.0,Historical Observations,,,,-19.15,-68.83
357120,Villarrica,12143,Discredited Eruption,,,1913.0,0.0,0.0,,,,,-39.42,-71.93
390020,Erebus,13158,Confirmed Eruption,,2.0,1912.0,12.0,12.0,Historical Observations,,,,-77.53,167.17
223020,Nyamuragira,14053,Confirmed Eruption,"SW flank (Rumoka), and summit",3.0,1912.0,12.0,3.0,Historical Observations,1913.0,4.0,0.0,-1.408,29.2
243110,Niuafo'ou,14791,Confirmed Eruption,"West side, near Alele 'Uta village",2.0,1912.0,10.0,15.0,Historical Observations,,,,-15.6,-175.63
263300,Semeru,13582,Confirmed Eruption,,2.0,1912.0,8.0,28.0,Historical Observations,,,,-8.108,112.922
211060,Etna,13775,Confirmed Eruption,Central Crater,3.0,1912.0,8.0,4.0,Historical Observations,1912.0,8.0,0.0,37.748,14.999
345020,Rincon de la Vieja,11093,Confirmed Eruption,,3.0,1912.0,6.0,14.0,Historical Observations,,,,10.83,-85.324
312170,Katmai,20237,Confirmed Eruption,,3.0,1912.0,6.0,6.0,Historical Observations,1912.0,7.0,21.0,58.28,-154.963
312180,Novarupta,20243,Confirmed Eruption,,6.0,1912.0,6.0,6.0,Historical Observations,1912.0,10.0,0.0,58.27,-155.157
243040,Hunga Tonga-Hunga Ha'apai,14730,Confirmed Eruption,,2.0,1912.0,4.0,29.0,Historical Observations,,,,-20.536,-175.382
241050,Okataina,14514,Confirmed Eruption,Waimangu (Echo Crater),1.0,1912.0,4.0,0.0,Historical Observations,,,,-38.12,176.5
264050,Sangeang Api,16240,Confirmed Eruption,,2.0,1912.0,4.0,0.0,Historical Observations,,,,-8.2,119.07
284010,Izu-Oshima,18208,Confirmed Eruption,Mihara-yama,1.0,1912.0,2.0,23.0,Historical Observations,1913.0,1.0,25.0,34.724,139.394
283070,Yakedake,17502,Confirmed Eruption,,2.0,1912.0,2.0,11.0,Historical Observations,1912.0,9.0,0.0,36.227,137.587
352010,Reventador,11435,Confirmed Eruption,,3.0,1912.0,2.0,0.0,Historical Observations,1912.0,3.0,0.0,-0.077,-77.656
357060,"Azul, Cerro",11954,Confirmed Eruption,Quizapu,2.0,1912.0,2.0,0.0,Historical Observations,,,,-35.653,-70.761
343030,Izalco,10810,Confirmed Eruption,Summit and NE flank,2.0,1912.0,1.0,16.0,Historical Observations,1916.0,1.0,26.0,13.813,-89.633
300130,Karymsky,19161,Confirmed Eruption,,2.0,1912.0,1.0,0.0,Historical Observations,,,,54.049,159.443
284140,Farallon de Pajaros,18482,Confirmed Eruption,North side ?,2.0,1912.0,0.0,0.0,Historical Observations,,,,20.546,144.893
311310,Makushin,19983,Uncertain Eruption,,,1912.0,0.0,0.0,,,,,53.891,-166.923
311320,Akutan,20013,Uncertain Eruption,,,1912.0,0.0,0.0,,,,,54.134,-165.986
311360,Shishaldin,20072,Uncertain Eruption,,,1912.0,0.0,0.0,,,,,54.756,-163.97
257040,Ambrym,15253,Confirmed Eruption,"Marum ?, west flank ?",,1912.0,0.0,0.0,Historical Observations,,,,-16.25,168.12
252120,Ulawun,15039,Discredited Eruption,,,1912.0,0.0,0.0,,,,,-5.05,151.33
357021,Maipo,11913,Confirmed Eruption,,2.0,1912.0,0.0,0.0,Historical Observations,,,,-34.164,-69.832
357110,Llaima,12044,Confirmed Eruption,,2.0,1912.0,0.0,0.0,Historical Observations,,,,-38.692,-71.729
390030,Deception Island,13191,Confirmed Eruption,SW part of island,3.0,1912.0,0.0,0.0,Historical Observations,,,,-63.001,-60.652
353050,"Negra, Sierra",11706,Confirmed Eruption,,,1911.0,12.0,31.0,Historical Observations,,,,-0.83,-91.17
263300,Semeru,13581,Confirmed Eruption,,3.0,1911.0,11.0,8.0,Historical Observations,1911.0,12.0,0.0,-8.108,112.922
390100,Candlemas Island,13224,Confirmed Eruption,NW flank (Lucifer Hill),2.0,1911.0,11.0,6.0,Historical Observations,,,,-57.08,-26.67
261140,Marapi,15443,Confirmed Eruption,,2.0,1911.0,11.0,2.0,Historical Observations,,,,-0.38,100.474
266030,Soputan,13589,Confirmed Eruption,NE flank (Aeseput),2.0,1911.0,11.0,0.0,Historical Observations,1912.0,4.0,0.0,1.112,124.737
300260,Klyuchevskoy,19357,Confirmed Eruption,,2.0,1911.0,11.0,0.0,Historical Observations,,,,56.056,160.642
390020,Erebus,13157,Confirmed Eruption,,2.0,1911.0,10.0,0.0,Historical Observations,,,,-77.53,167.17
211070,Campi Flegrei del Mar di Sicilia,13871,Uncertain Eruption,Pinne,1.0,1911.0,9.0,30.0,,,,,37.1,12.7
211060,Etna,13774,Confirmed Eruption,NE flank (2550-1625 m),1.0,1911.0,9.0,10.0,Historical Observations,1911.0,9.0,22.0,37.748,14.999
268060,Gamalama,16660,Confirmed Eruption,,1.0,1911.0,9.0,2.0,Historical Observations,1911.0,9.0,6.0,0.8,127.33
355070,San Pedro-San Pablo,11835,Confirmed Eruption,,2.0,1911.0,9.0,0.0,Historical Observations,,,,-21.888,-68.391
268030,Ibu,16578,Confirmed Eruption,,2.0,1911.0,8.0,30.0,Historical Observations,1911.0,9.0,1.0,1.488,127.63
211060,Etna,13773,Confirmed Eruption,"Central Crater, NE Crater?",2.0,1911.0,8.0,0.0,Historical Observations,1911.0,9.0,26.0,37.748,14.999
223030,Nyiragongo,14097,Confirmed Eruption,Southern pit,1.0,1911.0,8.0,0.0,Historical Observations,1911.0,10.0,0.0,-1.52,29.25
243030,Unnamed,14727,Confirmed Eruption,,0.0,1911.0,8.0,0.0,Historical Observations,,,,-20.852,-175.55
211060,Etna,13771,Discredited Eruption,,,1911.0,5.0,27.0,,,,,37.748,14.999
283070,Yakedake,17501,Confirmed Eruption,New summit crater (Inkyo-ko),2.0,1911.0,5.0,6.0,Historical Observations,1911.0,8.0,23.0,36.227,137.587
315020,Wrangell,20415,Confirmed Eruption,,1.0,1911.0,4.0,14.0,Historical Observations,1912.0,9.0,14.0,62.006,-144.017
390020,Erebus,13156,Confirmed Eruption,,2.0,1911.0,4.0,0.0,Historical Observations,1911.0,6.0,0.0,-77.53,167.17
382110,Monaco Bank,13044,Confirmed Eruption,,1.0,1911.0,3.0,7.0,Historical Observations,,,,37.6,-25.88
271020,Matutum,16698,Uncertain Eruption,,,1911.0,3.0,7.0,,,,,6.37,125.07
264050,Sangeang Api,16239,Confirmed Eruption,Doro Api,2.0,1911.0,2.0,13.0,Historical Observations,1911.0,3.0,2.0,-8.2,119.07
273070,Taal,16852,Confirmed Eruption,,3.0,1911.0,1.0,27.0,Historical Observations,1911.0,2.0,8.0,14.002,120.993
268040,Gamkonora,16586,Confirmed Eruption,,2.0,1911.0,0.0,0.0,Historical Observations,,,,1.38,127.53
252130,Lolobau,15083,Confirmed Eruption,East flank (Sili),4.0,1911.0,0.0,0.0,Historical Observations,1912.0,0.0,0.0,-4.92,151.158
252080,Witori,15024,Confirmed Eruption,Pago,3.0,1911.0,0.0,0.0,Historical Observations,1918.0,5.0,0.0,-5.576,150.516
311320,Akutan,20012,Confirmed Eruption,,2.0,1911.0,0.0,0.0,Historical Observations,,,,54.134,-165.986
282110,Asosan,17297,Confirmed Eruption,Naka-dake,2.0,1911.0,0.0,0.0,Historical Observations,1912.0,0.0,0.0,32.884,131.104
300130,Karymsky,19160,Confirmed Eruption,,2.0,1911.0,0.0,0.0,Historical Observations,,,,54.049,159.443
358020,Calbuco,12257,Confirmed Eruption,,2.0,1911.0,0.0,0.0,Historical Observations,1912.0,0.0,0.0,-41.33,-72.618
211060,Etna,13770,Confirmed Eruption,Central Crater,2.0,1910.0,12.0,27.0,Historical Observations,1911.0,2.0,17.0,37.748,14.999
284010,Izu-Oshima,18207,Confirmed Eruption,Mihara-yama,1.0,1910.0,12.0,0.0,Historical Observations,,,,34.724,139.394
233020,"Fournaise, Piton de la",14316,Confirmed Eruption,,2.0,1910.0,11.0,16.0,Historical Observations,1910.0,12.0,12.0,-21.244,55.708
263300,Semeru,13580,Confirmed Eruption,,2.0,1910.0,11.0,16.0,Historical Observations,1911.0,2.0,0.0,-8.108,112.922
266030,Soputan,13588,Confirmed Eruption,NE flank (Aeseput),2.0,1910.0,11.0,15.0,Historical Observations,,,,1.112,124.737
283070,Yakedake,17500,Confirmed Eruption,Summit crater (Shoga-ike),2.0,1910.0,11.0,11.0,Historical Observations,1910.0,11.0,30.0,36.227,137.587
222160,Meru,14034,Confirmed Eruption,Ash Cone,2.0,1910.0,10.0,26.0,Historical Observations,1910.0,12.0,22.0,-3.25,36.75
241080,Tongariro,14566,Confirmed Eruption,Ngauruhoe,2.0,1910.0,10.0,0.0,Historical Observations,1911.0,1.0,0.0,-39.157,175.632
345040,Poas,11155,Confirmed Eruption,,1.0,1910.0,9.0,12.0,Historical Observations,1910.0,10.0,14.0,10.2,-84.233
300260,Klyuchevskoy,19434,Confirmed Eruption,,2.0,1910.0,8.0,0.0,Historical Observations,,,,56.056,160.642
285030,Toya,18599,Confirmed Eruption,Usu North flank (Meiji-Shinzan),2.0,1910.0,7.0,25.0,Historical Observations,1910.0,11.0,0.0,42.544,140.839
241050,Okataina,14513,Confirmed Eruption,Waimangu (Echo Crater),1.0,1910.0,7.0,24.0,Historical Observations,1910.0,7.0,25.0,-38.12,176.5
373030,Bardarbunga,12886,Confirmed Eruption,Loki-Fögrufjöll (East Loki cauldron),2.0,1910.0,6.0,18.0,Historical Observations,1910.0,10.0,0.0,64.633,-17.516
211040,Stromboli,13430,Confirmed Eruption,Summit craters and Sciara del Fuoco,3.0,1910.0,5.0,0.0,Historical Observations,1931.0,7.0,0.0,38.789,15.213
264100,Ebulobo,16159,Confirmed Eruption,,2.0,1910.0,4.0,10.0,Historical Observations,,,,-8.817,121.191
263090,Tangkuban Parahu,15673,Confirmed Eruption,Kawah Ratu B,2.0,1910.0,4.0,7.0,Historical Observations,1910.0,5.0,0.0,-6.77,107.6
282110,Asosan,17296,Confirmed Eruption,Naka-dake,2.0,1910.0,4.0,3.0,Historical Observations,,,,32.884,131.104
211060,Etna,13769,Confirmed Eruption,"South flank (2300-1900 m, Mt. Ricco)",2.0,1910.0,3.0,23.0,Historical Observations,1910.0,4.0,18.0,37.748,14.999
234010,Heard,14401,Confirmed Eruption,Mawson Peak,2.0,1910.0,3.0,0.0,Historical Observations,1910.0,4.0,0.0,-53.106,73.513
233010,Karthala,14195,Confirmed Eruption,North flank (1300 m),1.0,1910.0,3.0,0.0,Historical Observations,1910.0,3.0,0.0,-11.75,43.38
358070,"Burney, Monte",12329,Confirmed Eruption,,2.0,1910.0,3.0,0.0,Historical Observations,,,,-52.33,-73.4
211060,Etna,13768,Confirmed Eruption,Central Crater,1.0,1910.0,2.0,21.0,Historical Observations,1910.0,2.0,21.0,37.748,14.999
345040,Poas,11154,Confirmed Eruption,,2.0,1910.0,1.0,25.0,Historical Observations,1910.0,2.0,0.0,10.2,-84.233
263310,Tengger Caldera,16047,Confirmed Eruption,Bromo,2.0,1910.0,1.0,18.0,Historical Observations,1910.0,1.0,21.0,-7.942,112.95
241080,Tongariro,14565,Confirmed Eruption,Ngauruhoe,2.0,1910.0,1.0,0.0,Historical Observations,,,,-39.157,175.632
323020,Medicine Lake,20649,Uncertain Eruption,East flank (Glass Mountain ?),1.0,1910.0,1.0,0.0,,,,,41.611,-121.554
300100,Avachinsky,19098,Uncertain Eruption,,,1910.0,0.0,0.0,,,,,53.256,158.836
255050,Simbo,15147,Confirmed Eruption,Ngusuna crater?,,1910.0,0.0,0.0,Anthropology,,,,-8.292,156.52
257040,Ambrym,15252,Confirmed Eruption,Base of Marum,0.0,1910.0,0.0,0.0,Historical Observations,,,,-16.25,168.12
222051,Emuruangogolak,13982,Confirmed Eruption,South caldera rim,0.0,1910.0,0.0,0.0,Magnetism,,,,1.5,36.33
261140,Marapi,15442,Confirmed Eruption,,2.0,1910.0,0.0,0.0,Historical Observations,,,,-0.38,100.474
264250,Iliwerung,16338,Confirmed Eruption,Iliwerung,2.0,1910.0,0.0,0.0,Historical Observations,,,,-8.53,123.57
345060,Irazu,11219,Discredited Eruption,,,1910.0,0.0,0.0,,,,,9.979,-83.852
373010,Grimsvotn,12824,Confirmed Eruption,,,1910.0,0.0,0.0,Historical Observations,,,,64.416,-17.316
264030,Rinjani,16216,Confirmed Eruption,Gunung Barujari,2.0,1909.0,11.0,30.0,Historical Observations,1909.0,12.0,2.0,-8.42,116.47
383030,Tenerife,13112,Confirmed Eruption,NW rift zone (Chinyero),2.0,1909.0,11.0,18.0,Historical Observations,1909.0,11.0,27.0,28.271,-16.641
264220,Iliboleng,16312,Confirmed Eruption,,2.0,1909.0,11.0,9.0,Historical Observations,,,,-8.342,123.258
263300,Semeru,13579,Confirmed Eruption,,2.0,1909.0,9.0,0.0,Historical Observations,1910.0,3.0,22.0,-8.108,112.922
311300,Bogoslof,19858,Confirmed Eruption,Tahoma Peak,2.0,1909.0,9.0,0.0,Historical Observations,1910.0,9.0,19.0,53.93,-168.03
357120,Villarrica,12142,Confirmed Eruption,,2.0,1909.0,8.0,19.0,Historical Observations,1910.0,0.0,0.0,-39.42,-71.93
300100,Avachinsky,19097,Confirmed Eruption,,2.0,1909.0,8.0,0.0,Historical Observations,,,,53.256,158.836
256010,Tinakula,15197,Confirmed Eruption,,2.0,1909.0,8.0,0.0,Historical Observations,,,,-10.386,165.804
257040,Ambrym,15251,Confirmed Eruption,,2.0,1909.0,7.0,28.0,Historical Observations,,,,-16.25,168.12
255020,Bagana,15121,Uncertain Eruption,,,1909.0,7.0,0.0,,,,,-6.137,155.196
261180,Sumbing,15534,Confirmed Eruption,,2.0,1909.0,6.0,3.0,Historical Observations,1909.0,7.0,0.0,-2.414,101.728
300260,Klyuchevskoy,19433,Confirmed Eruption,,2.0,1909.0,6.0,0.0,Historical Observations,,,,56.056,160.642
241040,Whakaari/White Island,14468,Confirmed Eruption,,2.0,1909.0,5.0,13.0,Historical Observations,,,,-37.52,177.18
263060,Gede-Pangrango,15661,Confirmed Eruption,,1.0,1909.0,5.0,2.0,Historical Observations,1909.0,5.0,2.0,-6.77,106.965
223020,Nyamuragira,14052,Confirmed Eruption,Summit caldera,1.0,1909.0,5.0,0.0,Historical Observations,1909.0,5.0,0.0,-1.408,29.2
224010,Cameroon,14126,Confirmed Eruption,NE flank (2400 m; Okoli Craters),2.0,1909.0,4.0,28.0,Historical Observations,1909.0,6.0,0.0,4.203,9.17
251010,Bam,14877,Confirmed Eruption,,2.0,1909.0,4.0,19.0,Historical Observations,1909.0,9.0,13.0,-3.613,144.818
233020,"Fournaise, Piton de la",14315,Confirmed Eruption,East of Cratère Faujas,2.0,1909.0,4.0,0.0,Historical Observations,,,,-21.244,55.708
282110,Asosan,17295,Confirmed Eruption,Naka-dake,2.0,1909.0,4.0,0.0,Historical Observations,,,,32.884,131.104
241080,Tongariro,14564,Confirmed Eruption,Ngauruhoe,2.0,1909.0,3.0,0.0,Historical Observations,1909.0,7.0,0.0,-39.157,175.632
358020,Calbuco,12256,Confirmed Eruption,,2.0,1909.0,3.0,0.0,Historical Observations,,,,-41.33,-72.618
263250,Merapi,15895,Confirmed Eruption,West dome,1.0,1909.0,2.0,1.0,Historical Observations,1913.0,5.0,0.0,-7.54,110.446
283110,Asamayama,17773,Confirmed Eruption,,1.0,1909.0,1.0,29.0,Historical Observations,1914.0,6.0,24.0,36.406,138.523
263310,Tengger Caldera,16046,Confirmed Eruption,Bromo,2.0,1909.0,1.0,12.0,Historical Observations,1909.0,1.0,14.0,-7.942,112.95
285040,Shikotsu,18623,Confirmed Eruption,Tarumai,3.0,1909.0,1.0,11.0,Historical Observations,1909.0,4.0,22.0,42.688,141.38
264180,Lewotobi,16288,Confirmed Eruption,Lewotobi Lakilaki,2.0,1909.0,1.0,8.0,Historical Observations,1910.0,5.0,26.0,-8.542,122.775
273050,Banahaw,16824,Uncertain Eruption,Banáhao,,1909.0,0.0,0.0,,,,,14.07,121.48
251020,Manam,14905,Confirmed Eruption,,2.0,1909.0,0.0,0.0,Historical Observations,1914.0,0.0,0.0,-4.08,145.037
284170,Pagan,18509,Confirmed Eruption,North Pagan,2.0,1909.0,0.0,0.0,Historical Observations,,,,18.13,145.8
345060,Irazu,11218,Uncertain Eruption,,2.0,1909.0,0.0,0.0,,,,,9.979,-83.852
384010,Fogo,13135,Confirmed Eruption,,,1909.0,0.0,0.0,Historical Observations,,,,14.95,-24.35
390030,Deception Island,13190,Discredited Eruption,,,1909.0,0.0,0.0,,,,,-63.001,-60.652
341040,Colima,10458,Confirmed Eruption,,3.0,1908.0,12.0,18.0,Historical Observations,1909.0,7.0,1.0,19.514,-103.62
223030,Nyiragongo,14096,Uncertain Eruption,Southern craters,,1908.0,12.0,1.0,,,,,-1.52,29.25
241040,Whakaari/White Island,14467,Uncertain Eruption,,2.0,1908.0,11.0,28.0,,1908.0,12.0,6.0,-37.52,177.18
390130,Zavodovski,13231,Uncertain Eruption,,1.0,1908.0,11.0,0.0,,,,,-56.3,-27.57
357120,Villarrica,12141,Confirmed Eruption,,2.0,1908.0,10.0,31.0,Historical Observations,1908.0,12.0,12.0,-39.42,-71.93
241050,Okataina,14512,Confirmed Eruption,Waimangu (Echo Crater),1.0,1908.0,10.0,1.0,Historical Observations,1908.0,10.0,1.0,-38.12,176.5
261170,Kerinci,15505,Confirmed Eruption,,2.0,1908.0,10.0,0.0,Historical Observations,1909.0,0.0,0.0,-1.697,101.264
283110,Asamayama,17772,Confirmed Eruption,,2.0,1908.0,8.0,5.0,Historical Observations,1908.0,9.0,23.0,36.406,138.523
255020,Bagana,15120,Confirmed Eruption,,2.0,1908.0,7.0,15.0,Historical Observations,,,,-6.137,155.196
251010,Bam,14876,Confirmed Eruption,,2.0,1908.0,7.0,12.0,Historical Observations,,,,-3.613,144.818
266030,Soputan,13587,Confirmed Eruption,NE flank (Aeseput),2.0,1908.0,6.0,0.0,Historical Observations,1909.0,6.0,0.0,1.112,124.737
211060,Etna,13767,Confirmed Eruption,Central Crater,2.0,1908.0,5.0,20.0,Historical Observations,1909.0,9.0,28.0,37.748,14.999
211060,Etna,13766,Confirmed Eruption,SE flank (Valle del Bove 2800-2275 m),2.0,1908.0,4.0,29.0,Historical Observations,1908.0,5.0,1.0,37.748,14.999
390020,Erebus,13155,Confirmed Eruption,,2.0,1908.0,3.0,0.0,Historical Observations,1908.0,11.0,0.0,-77.53,167.17
311320,Akutan,19838,Confirmed Eruption,,0.0,1908.0,2.0,22.0,Historical Observations,,,,54.134,-165.986
261230,Dempo,15561,Confirmed Eruption,,2.0,1908.0,2.0,16.0,Historical Observations,1908.0,2.0,17.0,-4.016,103.121
283110,Asamayama,17771,Confirmed Eruption,,2.0,1908.0,2.0,13.0,Historical Observations,1908.0,2.0,19.0,36.406,138.523
282110,Asosan,17294,Confirmed Eruption,Naka-dake,2.0,1908.0,1.0,17.0,Historical Observations,1908.0,1.0,29.0,32.884,131.104
311300,Bogoslof,19857,Uncertain Eruption,Metcalf Peak,,1908.0,1.0,15.0,,,,,53.93,-168.03
263300,Semeru,13578,Confirmed Eruption,,2.0,1908.0,1.0,0.0,Historical Observations,1908.0,12.0,0.0,-8.108,112.922
263250,Merapi,15894,Confirmed Eruption,,1.0,1908.0,0.0,0.0,Historical Observations,,,,-7.54,110.446
223020,Nyamuragira,14051,Confirmed Eruption,Summit caldera,,1908.0,0.0,0.0,Historical Observations,,,,-1.408,29.2
233020,"Fournaise, Piton de la",14314,Uncertain Eruption,,0.0,1908.0,0.0,0.0,,,,,-21.244,55.708
252130,Lolobau,15082,Uncertain Eruption,,,1908.0,0.0,0.0,,,,,-4.92,151.158
257040,Ambrym,15250,Confirmed Eruption,,2.0,1908.0,0.0,0.0,Historical Observations,,,,-16.25,168.12
257050,Lopevi,15293,Confirmed Eruption,,2.0,1908.0,0.0,0.0,Historical Observations,,,,-16.507,168.346
313010,Augustine,20268,Confirmed Eruption,,1.0,1908.0,0.0,0.0,Historical Observations,,,,59.363,-153.43
300130,Karymsky,19159,Confirmed Eruption,,2.0,1908.0,0.0,0.0,Historical Observations,,,,54.049,159.443
355020,Guallatiri,11818,Uncertain Eruption,,,1908.0,0.0,0.0,,,,,-18.42,-69.092
357021,Maipo,11912,Uncertain Eruption,,2.0,1908.0,0.0,0.0,,,,,-34.164,-69.832
358063,Reclus,12312,Confirmed Eruption,,1.0,1908.0,0.0,0.0,Historical Observations,,,,-50.964,-73.585
352050,Cotopaxi,11590,Confirmed Eruption,,1.0,1908.0,0.0,0.0,Historical Observations,1914.0,0.0,0.0,-0.677,-78.436
261140,Marapi,15441,Confirmed Eruption,,2.0,1907.0,12.0,17.0,Historical Observations,1908.0,9.0,0.0,-0.38,100.474
263310,Tengger Caldera,16045,Confirmed Eruption,Bromo,2.0,1907.0,12.0,14.0,Historical Observations,1908.0,2.0,13.0,-7.942,112.95
282110,Asosan,17293,Confirmed Eruption,Naka-dake,2.0,1907.0,12.0,12.0,Historical Observations,,,,32.884,131.104
283070,Yakedake,17499,Confirmed Eruption,Summit crater (Shoga-ike),2.0,1907.0,12.0,8.0,Historical Observations,1909.0,6.0,1.0,36.227,137.587
233020,"Fournaise, Piton de la",14313,Confirmed Eruption,,0.0,1907.0,11.0,29.0,Historical Observations,1907.0,12.0,5.0,-21.244,55.708
268060,Gamalama,16659,Confirmed Eruption,,2.0,1907.0,11.0,17.0,Historical Observations,1907.0,11.0,20.0,0.8,127.33
223020,Nyamuragira,14050,Confirmed Eruption,Summit caldera,3.0,1907.0,11.0,7.0,Historical Observations,1907.0,12.0,5.0,-1.408,29.2
251010,Bam,14875,Confirmed Eruption,,2.0,1907.0,11.0,0.0,Historical Observations,,,,-3.613,144.818
241080,Tongariro,14563,Confirmed Eruption,Ngauruhoe,2.0,1907.0,11.0,0.0,Historical Observations,,,,-39.157,175.632
344040,Telica,10907,Confirmed Eruption,,2.0,1907.0,11.0,0.0,Historical Observations,,,,12.606,-86.84
264180,Lewotobi,16287,Confirmed Eruption,Lewotobi Lakilaki,3.0,1907.0,9.0,28.0,Historical Observations,1907.0,10.0,30.0,-8.542,122.775
264160,Egon,16274,Discredited Eruption,,,1907.0,9.0,28.0,,,,,-8.676,122.455
344120,Concepcion,11051,Confirmed Eruption,,2.0,1907.0,9.0,0.0,Historical Observations,1910.0,0.0,0.0,11.538,-85.622
263310,Tengger Caldera,16044,Confirmed Eruption,Bromo,2.0,1907.0,8.0,28.0,Historical Observations,,,,-7.942,112.95
322010,Hood,20576,Discredited Eruption,Crater Rock,,1907.0,8.0,28.0,Historical Observations,,,,45.374,-121.695
283110,Asamayama,17770,Confirmed Eruption,,2.0,1907.0,8.0,24.0,Historical Observations,1907.0,8.0,24.0,36.406,138.523
300260,Klyuchevskoy,19432,Confirmed Eruption,Summit and east flank,2.0,1907.0,8.0,0.0,Historical Observations,,,,56.056,160.642
357060,"Azul, Cerro",11953,Confirmed Eruption,Quizapu,2.0,1907.0,7.0,28.0,Historical Observations,,,,-35.653,-70.761
263300,Semeru,13577,Confirmed Eruption,,2.0,1907.0,7.0,9.0,Historical Observations,,,,-8.108,112.922
243010,Unnamed,14724,Confirmed Eruption,,0.0,1907.0,7.0,0.0,Historical Observations,,,,-21.338,-175.65
266030,Soputan,13586,Confirmed Eruption,NE flank (Aeseput),2.0,1907.0,6.0,5.0,Historical Observations,1907.0,6.0,25.0,1.112,124.737
221112,Alayta,13940,Confirmed Eruption,SE flank,2.0,1907.0,6.0,0.0,Historical Observations,1907.0,8.0,4.0,12.888,40.573
352050,Cotopaxi,11589,Confirmed Eruption,,2.0,1907.0,6.0,0.0,Historical Observations,,,,-0.677,-78.436
357120,Villarrica,12140,Confirmed Eruption,,2.0,1907.0,5.0,5.0,Historical Observations,1907.0,5.0,26.0,-39.42,-71.93
358020,Calbuco,12255,Confirmed Eruption,,2.0,1907.0,4.0,22.0,Historical Observations,,,,-41.33,-72.618
357140,Carran-Los Venados,12187,Confirmed Eruption,Riñinahue Maar,3.0,1907.0,4.0,9.0,Historical Observations,1908.0,2.0,0.0,-40.35,-72.07
382110,Monaco Bank,13043,Confirmed Eruption,,0.0,1907.0,4.0,1.0,Historical Observations,,,,37.6,-25.88
315020,Wrangell,20414,Uncertain Eruption,,,1907.0,4.0,1.0,,,,,62.006,-144.017
223020,Nyamuragira,14049,Confirmed Eruption,Summit caldera,1.0,1907.0,4.0,0.0,Historical Observations,1907.0,5.0,0.0,-1.408,29.2
300050,Ksudach,18941,Confirmed Eruption,Stubel,5.0,1907.0,3.0,28.0,Historical Observations,,,,51.844,157.572
357010,Tupungatito,11895,Confirmed Eruption,,2.0,1907.0,2.0,15.0,Historical Observations,,,,-33.425,-69.797
241080,Tongariro,13570,Confirmed Eruption,Ngauruhoe (south sub-crater),2.0,1907.0,2.0,0.0,Historical Observations,1907.0,5.0,0.0,-39.157,175.632
283110,Asamayama,17769,Confirmed Eruption,,2.0,1907.0,1.0,18.0,Historical Observations,1907.0,3.0,28.0,36.406,138.523
332020,Mauna Loa,10214,Confirmed Eruption,SW rift zone (1890 m) and Mokuaweoweo,0.0,1907.0,1.0,9.0,Historical Observations,1907.0,1.0,24.0,19.475,-155.608
263300,Semeru,13576,Confirmed Eruption,,2.0,1907.0,1.0,7.0,Historical Observations,1907.0,1.0,10.0,-8.108,112.922
261220,Kaba,15542,Confirmed Eruption,Kaba Baru,2.0,1907.0,0.0,0.0,Historical Observations,,,,-3.522,102.615
274030,Babuyan Claro,16882,Confirmed Eruption,Smith volcano,2.0,1907.0,0.0,0.0,Historical Observations,,,,19.523,121.94
251020,Manam,14904,Uncertain Eruption,,,1907.0,0.0,0.0,,,,,-4.08,145.037
252010,Langila,14983,Confirmed Eruption,NE Crater (crater 2),2.0,1907.0,0.0,0.0,Historical Observations,,,,-5.525,148.42
222120,"Lengai, Ol Doinyo",14006,Confirmed Eruption,North Crater,0.0,1907.0,0.0,0.0,Historical Observations,1910.0,8.0,4.0,-2.764,35.914
311310,Makushin,19982,Confirmed Eruption,,,1907.0,0.0,0.0,Historical Observations,,,,53.891,-166.923
311320,Akutan,20011,Confirmed Eruption,,,1907.0,0.0,0.0,Historical Observations,,,,54.134,-165.986
311161,Korovin,19754,Confirmed Eruption,,,1907.0,0.0,0.0,Historical Observations,,,,52.381,-174.166
311020,Kiska,19661,Uncertain Eruption,,2.0,1907.0,0.0,0.0,,,,,52.103,177.602
354020,Ubinas,11630,Confirmed Eruption,,2.0,1907.0,0.0,0.0,Historical Observations,,,,-16.355,-70.903
357110,Llaima,12043,Confirmed Eruption,,2.0,1907.0,0.0,0.0,Historical Observations,1908.0,3.0,0.0,-38.692,-71.729
357070,"Chillan, Nevados de",11980,Confirmed Eruption,Volcán Nuevo,1.0,1907.0,0.0,0.0,Historical Observations,,,,-36.868,-71.378
382030,San Jorge,12996,Confirmed Eruption,,0.0,1907.0,0.0,0.0,Historical Observations,,,,38.65,-28.08
332010,Kilauea,10075,Confirmed Eruption,Halemaumau,0.0,1906.0,12.0,2.0,Historical Observations,1924.0,2.0,0.0,19.421,-155.287
243060,Tofua,14749,Confirmed Eruption,Northern part of caldera,2.0,1906.0,12.0,0.0,Historical Observations,,,,-19.75,-175.07
354020,Ubinas,11629,Confirmed Eruption,,2.0,1906.0,10.0,0.0,Historical Observations,,,,-16.355,-70.903
263310,Tengger Caldera,16043,Confirmed Eruption,Bromo,2.0,1906.0,9.0,25.0,Historical Observations,1907.0,5.0,18.0,-7.942,112.95
263210,Sundoro,15803,Confirmed Eruption,Summit crater K5,2.0,1906.0,9.0,22.0,Historical Observations,1906.0,12.0,20.0,-7.3,109.992
352050,Cotopaxi,11588,Confirmed Eruption,,2.0,1906.0,8.0,21.0,Historical Observations,1906.0,9.0,19.0,-0.677,-78.436
357070,"Chillan, Nevados de",11979,Confirmed Eruption,Volcán Nuevo,2.0,1906.0,8.0,6.0,Historical Observations,1906.0,12.0,0.0,-36.868,-71.378
266030,Soputan,13585,Confirmed Eruption,NE flank (Aeseput),2.0,1906.0,6.0,17.0,Historical Observations,1906.0,9.0,0.0,1.112,124.737
282110,Asosan,17292,Confirmed Eruption,Naka-dake,3.0,1906.0,6.0,7.0,Historical Observations,,,,32.884,131.104
311110,Kanaga,19718,Confirmed Eruption,"Summit, upper SW flank",,1906.0,5.0,0.0,Historical Observations,,,,51.923,-177.168
221080,Erta Ale,13931,Confirmed Eruption,,0.0,1906.0,5.0,0.0,Historical Observations,,,,13.6,40.67
264030,Rinjani,16215,Confirmed Eruption,Gunung Barujari,1.0,1906.0,4.0,29.0,Historical Observations,,,,-8.42,116.47
357120,Villarrica,12139,Confirmed Eruption,,2.0,1906.0,4.0,22.0,Historical Observations,1906.0,12.0,0.0,-39.42,-71.93
284070,Myojinsho,18312,Confirmed Eruption,9-15 km SE of Bayonnaise Rocks,1.0,1906.0,4.0,7.0,Historical Observations,1906.0,4.0,14.0,31.888,139.918
283110,Asamayama,17768,Confirmed Eruption,,2.0,1906.0,4.0,6.0,Historical Observations,1906.0,4.0,6.0,36.406,138.523
241100,Ruapehu,14616,Confirmed Eruption,,2.0,1906.0,3.0,15.0,Historical Observations,,,,-39.28,175.57
311300,Bogoslof,19856,Confirmed Eruption,"Metcalf Peak, McCullough Peak",3.0,1906.0,3.0,1.0,Historical Observations,1907.0,9.0,1.0,53.93,-168.03
241080,Tongariro,13569,Confirmed Eruption,Ngauruhoe,2.0,1906.0,3.0,0.0,Historical Observations,,,,-39.157,175.632
243100,Fonualei,14780,Confirmed Eruption,,,1906.0,3.0,0.0,Historical Observations,,,,-18.023,-174.317
241050,Okataina,14511,Confirmed Eruption,Waimangu (NW of Fairy Crater),1.0,1906.0,2.0,21.0,Historical Observations,1906.0,2.0,21.0,-38.12,176.5
263250,Merapi,15893,Confirmed Eruption,Summit and upper east flank (2600 m),2.0,1906.0,1.0,26.0,Historical Observations,1907.0,2.0,17.0,-7.54,110.446
344100,Masaya,11022,Confirmed Eruption,Santiago and upper NE flank near El Pelón,2.0,1906.0,1.0,2.0,Historical Observations,1906.0,1.0,9.0,11.985,-86.165
243060,Tofua,14748,Confirmed Eruption,Northern part of caldera,2.0,1906.0,1.0,0.0,Historical Observations,1906.0,2.0,0.0,-19.75,-175.07
222030,"Barrier, The",13969,Uncertain Eruption,Andrew's or Teleki's Cones,,1906.0,0.0,0.0,,,,,2.32,36.57
223020,Nyamuragira,14048,Uncertain Eruption,Summit caldera,1.0,1906.0,0.0,0.0,,,,,-1.408,29.2
223030,Nyiragongo,14095,Confirmed Eruption,,1.0,1906.0,0.0,0.0,Historical Observations,,,,-1.52,29.25
282050,Kuchinoerabujima,16967,Uncertain Eruption,Shindake,,1906.0,0.0,0.0,,1907.0,0.0,0.0,30.443,130.217
312030,Pavlof,20125,Confirmed Eruption,Summit and north flank fissure,3.0,1906.0,0.0,0.0,Historical Observations,1911.0,12.0,7.0,55.417,-161.894
283190,Zaozan [Zaosan],17986,Discredited Eruption,,,1906.0,0.0,0.0,,,,,38.144,140.44
284150,Asuncion,18500,Confirmed Eruption,Upper SE and west flanks,2.0,1906.0,0.0,0.0,Historical Observations,,,,19.671,145.406
290320,Nemo Peak,17633,Confirmed Eruption,,2.0,1906.0,0.0,0.0,Historical Observations,,,,49.57,154.808
351060,Purace,11329,Confirmed Eruption,,2.0,1906.0,0.0,0.0,Historical Observations,,,,2.32,-76.4
357060,"Azul, Cerro",11952,Confirmed Eruption,Quizapu,2.0,1906.0,0.0,0.0,Historical Observations,,,,-35.653,-70.761
358020,Calbuco,12254,Confirmed Eruption,,2.0,1906.0,0.0,0.0,Historical Observations,,,,-41.33,-72.618
358030,Huequi,12268,Confirmed Eruption,,2.0,1906.0,0.0,0.0,Historical Observations,1907.0,0.0,0.0,-42.377,-72.578
272020,Kanlaon,16729,Confirmed Eruption,,2.0,1905.0,11.0,6.0,Historical Observations,1906.0,1.0,16.0,10.412,123.132
261140,Marapi,15440,Confirmed Eruption,,2.0,1905.0,11.0,1.0,Historical Observations,,,,-0.38,100.474
264090,Inielika,16257,Confirmed Eruption,,2.0,1905.0,11.0,0.0,Historical Observations,1905.0,11.0,0.0,-8.73,120.98
357021,Maipo,11911,Confirmed Eruption,,2.0,1905.0,10.0,28.0,Historical Observations,1905.0,10.0,30.0,-34.164,-69.832
283120,Kusatsu-Shiranesan,17829,Confirmed Eruption,Yu-gama,2.0,1905.0,10.0,0.0,Historical Observations,1905.0,10.0,0.0,36.618,138.528
285020,Hokkaido-Komagatake,18569,Confirmed Eruption,South of Ansei Crater,2.0,1905.0,8.0,19.0,Historical Observations,1905.0,9.0,1.0,42.063,140.677
263300,Semeru,13575,Confirmed Eruption,,2.0,1905.0,8.0,4.0,Historical Observations,,,,-8.108,112.922
244040,Savai'i,14816,Confirmed Eruption,Matavanu (north flank 402 m),2.0,1905.0,8.0,4.0,Historical Observations,1911.0,11.0,0.0,-13.612,-172.525
223020,Nyamuragira,14047,Confirmed Eruption,East flank (Kanamaharagi),2.0,1905.0,7.0,22.0,Historical Observations,1905.0,9.0,25.0,-1.408,29.2
241050,Okataina,14510,Confirmed Eruption,Waimangu (Echo Crater),1.0,1905.0,6.0,17.0,Historical Observations,1905.0,6.0,17.0,-38.12,176.5
267020,Karangetang,16504,Confirmed Eruption,,2.0,1905.0,5.0,21.0,Historical Observations,1905.0,5.0,22.0,2.781,125.407
332010,Kilauea,10074,Confirmed Eruption,Halemaumau,0.0,1905.0,2.0,22.0,Historical Observations,1906.0,4.0,0.0,19.421,-155.287
241050,Okataina,14509,Confirmed Eruption,Waimangu (Echo Crater),1.0,1905.0,2.0,18.0,Historical Observations,1905.0,2.0,23.0,-38.12,176.5
233020,"Fournaise, Piton de la",14312,Confirmed Eruption,,2.0,1905.0,2.0,15.0,Historical Observations,1905.0,2.0,16.0,-21.244,55.708
344090,Momotombo,11002,Confirmed Eruption,,2.0,1905.0,1.0,16.0,Historical Observations,1905.0,1.0,21.0,12.423,-86.539
263250,Merapi,15892,Confirmed Eruption,,2.0,1905.0,1.0,0.0,Historical Observations,1905.0,6.0,1.0,-7.54,110.446
341021,Socorro,10373,Uncertain Eruption,,2.0,1905.0,1.0,0.0,,,,,18.78,-110.95
300270,Sheveluch,19575,Confirmed Eruption,,,1905.0,0.0,0.0,Historical Observations,,,,56.653,161.36
283110,Asamayama,17767,Uncertain Eruption,,,1905.0,0.0,0.0,,,,,36.406,138.523
283190,Zaozan [Zaosan],17985,Confirmed Eruption,Okama,1.0,1905.0,0.0,0.0,Historical Observations,,,,38.144,140.44
261230,Dempo,15560,Confirmed Eruption,,0.0,1905.0,0.0,0.0,Historical Observations,,,,-4.016,103.121
264010,Batur,16187,Confirmed Eruption,"Batur I, Batur II, Batur III",2.0,1905.0,0.0,0.0,Historical Observations,,,,-8.242,115.375
223030,Nyiragongo,14094,Confirmed Eruption,,1.0,1905.0,0.0,0.0,Historical Observations,,,,-1.52,29.25
241080,Tongariro,13568,Confirmed Eruption,Ngauruhoe,2.0,1905.0,0.0,0.0,Historical Observations,,,,-39.157,175.632
352050,Cotopaxi,11587,Confirmed Eruption,,2.0,1905.0,0.0,0.0,Historical Observations,,,,-0.677,-78.436
357150,Puyehue-Cordon Caulle,12209,Confirmed Eruption,Cordón Caulle,2.0,1905.0,0.0,0.0,Historical Observations,,,,-40.59,-72.117
390031,Penguin Island,13165,Confirmed Eruption,NE flank (Petrel Crater),,1905.0,0.0,0.0,Lichenometry,,,,-62.1,-57.93
241080,Tongariro,13567,Confirmed Eruption,Ngauruhoe,2.0,1904.0,11.0,22.0,Historical Observations,,,,-39.157,175.632
284130,Fukutoku-Oka-no-Ba,18446,Confirmed Eruption,Shin-Iwo-jima,3.0,1904.0,11.0,14.0,Historical Observations,1905.0,5.0,16.0,24.285,141.481
221080,Erta Ale,13930,Uncertain Eruption,,2.0,1904.0,11.0,1.0,,,,,13.6,40.67
251020,Manam,14903,Confirmed Eruption,,3.0,1904.0,10.0,26.0,Historical Observations,1904.0,10.0,27.0,-4.08,145.037
266110,Mahawu,16467,Confirmed Eruption,,2.0,1904.0,10.0,4.0,Historical Observations,,,,1.352,124.865
267030,Banua Wuhu,16549,Confirmed Eruption,,2.0,1904.0,8.0,27.0,Historical Observations,,,,3.138,125.491
233020,"Fournaise, Piton de la",14311,Confirmed Eruption,NE flank (above Piton de Crac),2.0,1904.0,8.0,19.0,Historical Observations,1904.0,10.0,17.0,-21.244,55.708
252130,Lolobau,15081,Confirmed Eruption,"East flank (Sili, Malo), Hulu ?",4.0,1904.0,8.0,9.0,Historical Observations,1905.0,10.0,18.0,-4.92,151.158
283110,Asamayama,17766,Confirmed Eruption,,2.0,1904.0,8.0,4.0,Historical Observations,1904.0,8.0,4.0,36.406,138.523
263180,Slamet,15740,Confirmed Eruption,,2.0,1904.0,7.0,14.0,Historical Observations,1904.0,8.0,9.0,-7.242,109.208
265050,Teon,16378,Confirmed Eruption,,2.0,1904.0,6.0,3.0,Historical Observations,,,,-6.976,129.144
344100,Masaya,11021,Confirmed Eruption,Santiago,2.0,1904.0,5.0,0.0,Historical Observations,1904.0,6.0,0.0,11.985,-86.165
251020,Manam,14902,Confirmed Eruption,,,1904.0,4.0,30.0,Historical Observations,,,,-4.08,145.037
267010,Ruang,16485,Confirmed Eruption,,3.0,1904.0,4.0,22.0,Historical Observations,1905.0,5.0,27.0,2.3,125.37
261140,Marapi,15439,Confirmed Eruption,,1.0,1904.0,4.0,18.0,Historical Observations,1904.0,4.0,18.0,-0.38,100.474
267030,Banua Wuhu,16548,Confirmed Eruption,,2.0,1904.0,4.0,17.0,Historical Observations,1904.0,4.0,18.0,3.138,125.491
300060,Mutnovsky,18963,Confirmed Eruption,,2.0,1904.0,4.0,2.0,Historical Observations,1904.0,6.0,26.0,52.449,158.196
273070,Taal,16851,Confirmed Eruption,Base of south wall of main crater,1.0,1904.0,4.0,0.0,Historical Observations,1904.0,7.0,15.0,14.002,120.993
223020,Nyamuragira,14046,Confirmed Eruption,SW flank (Nahimbi),2.0,1904.0,4.0,0.0,Historical Observations,1904.0,5.0,16.0,-1.408,29.2
233010,Karthala,14194,Confirmed Eruption,North flank (1300 m),2.0,1904.0,2.0,25.0,Historical Observations,1904.0,4.0,0.0,-11.75,43.38
300260,Klyuchevskoy,19431,Confirmed Eruption,,2.0,1904.0,1.0,31.0,Historical Observations,1904.0,6.0,14.0,56.056,160.642
343020,Santa Ana,10690,Confirmed Eruption,,2.0,1904.0,1.0,12.0,Historical Observations,1904.0,1.0,26.0,13.853,-89.63
263300,Semeru,13574,Confirmed Eruption,,2.0,1904.0,1.0,2.0,Historical Observations,1904.0,1.0,16.0,-8.108,112.922
264010,Batur,16186,Confirmed Eruption,West caldera floor (Gunung Anti),2.0,1904.0,0.0,0.0,Historical Observations,,,,-8.242,115.375
264220,Iliboleng,16311,Confirmed Eruption,,2.0,1904.0,0.0,0.0,Historical Observations,,,,-8.342,123.258
272020,Kanlaon,16728,Confirmed Eruption,,2.0,1904.0,0.0,0.0,Historical Observations,,,,10.412,123.132
222120,"Lengai, Ol Doinyo",14005,Confirmed Eruption,North Crater,0.0,1904.0,0.0,0.0,Historical Observations,,,,-2.764,35.914
311110,Kanaga,19717,Confirmed Eruption,Upper south flank ?,0.0,1904.0,0.0,0.0,Historical Observations,,,,51.923,-177.168
311120,Great Sitkin,19732,Uncertain Eruption,,,1904.0,0.0,0.0,,,,,52.076,-176.13
341040,Colima,10457,Confirmed Eruption,,1.0,1904.0,0.0,0.0,Historical Observations,1906.0,0.0,0.0,19.514,-103.62
320090,Iskut-Unuk River Cones,20439,Uncertain Eruption,Lava Fork,,1904.0,0.0,0.0,,,,,56.58,-130.55
300240,Tolbachik,19299,Confirmed Eruption,,2.0,1904.0,0.0,0.0,Historical Observations,,,,55.832,160.326
353090,Santiago,11733,Confirmed Eruption,SE flank,0.0,1904.0,0.0,0.0,Historical Observations,1906.0,12.0,15.0,-0.22,-90.77
357120,Villarrica,12138,Confirmed Eruption,,2.0,1904.0,0.0,0.0,Historical Observations,,,,-39.42,-71.93
261251,Ranau,15577,Uncertain Eruption,,,1903.0,12.0,9.0,,1903.0,12.0,9.0,-4.871,103.925
265060,Nila,16379,Confirmed Eruption,,2.0,1903.0,12.0,8.0,Historical Observations,,,,-6.73,129.5
263340,Raung,16121,Confirmed Eruption,,2.0,1903.0,11.0,28.0,Historical Observations,1904.0,1.0,0.0,-8.119,114.056
332010,Kilauea,10073,Confirmed Eruption,Halemaumau,0.0,1903.0,11.0,25.0,Historical Observations,1904.0,1.0,10.0,19.421,-155.287
343030,Izalco,10809,Confirmed Eruption,Summit and east flank,2.0,1903.0,11.0,0.0,Historical Observations,1905.0,3.0,0.0,13.813,-89.633
263210,Sundoro,15802,Confirmed Eruption,Upper NE and SW flanks (2850-2980 m),2.0,1903.0,10.0,17.0,Historical Observations,1903.0,10.0,21.0,-7.3,109.992
352050,Cotopaxi,11586,Confirmed Eruption,,3.0,1903.0,9.0,26.0,Historical Observations,1904.0,12.0,0.0,-0.677,-78.436
321050,St. Helens,20555,Uncertain Eruption,,,1903.0,9.0,15.0,,,,,46.2,-122.18
332020,Mauna Loa,10213,Confirmed Eruption,Mokuaweoweo,0.0,1903.0,9.0,1.0,Historical Observations,1903.0,12.0,7.0,19.475,-155.608
282090,Kirishimayama,17153,Confirmed Eruption,Ohachi,2.0,1903.0,8.0,29.0,Historical Observations,1903.0,11.0,25.0,31.934,130.862
283110,Asamayama,17765,Uncertain Eruption,,2.0,1903.0,5.0,28.0,,1903.0,6.0,30.0,36.406,138.523
357110,Llaima,12042,Confirmed Eruption,,2.0,1903.0,5.0,12.0,Historical Observations,1903.0,5.0,14.0,-38.692,-71.729
305060,Changbaishan,19650,Confirmed Eruption,Liuhaojie tuff ring?,,1903.0,4.0,15.0,Historical Observations,,,,41.98,128.08
273070,Taal,16850,Confirmed Eruption,,2.0,1903.0,4.0,0.0,Historical Observations,,,,14.002,120.993
263300,Semeru,13573,Confirmed Eruption,,2.0,1903.0,3.0,26.0,Historical Observations,1903.0,6.0,0.0,-8.108,112.922
282020,Io-Torishima,16917,Confirmed Eruption,,2.0,1903.0,3.0,15.0,Historical Observations,1903.0,8.0,26.0,27.881,128.223
341040,Colima,10456,Confirmed Eruption,,3.0,1903.0,2.0,15.0,Historical Observations,1903.0,10.0,30.0,19.514,-103.62
390020,Erebus,13154,Confirmed Eruption,,0.0,1903.0,1.0,1.0,Historical Observations,,,,-77.53,167.17
357060,"Azul, Cerro",11951,Uncertain Eruption,Quizapu,2.0,1903.0,1.0,0.0,,,,,-35.653,-70.761
360060,Soufriere Guadeloupe,12366,Uncertain Eruption,SE side summit dome,2.0,1903.0,0.0,0.0,,,,,16.044,-61.664
342030,Santa Maria,10625,Confirmed Eruption,SW flank (east end of 1902 crater),2.0,1903.0,0.0,0.0,Historical Observations,1913.0,0.0,0.0,14.757,-91.552
283120,Kusatsu-Shiranesan,17828,Uncertain Eruption,,,1903.0,0.0,0.0,,,,,36.618,138.528
221080,Erta Ale,13929,Uncertain Eruption,,2.0,1903.0,0.0,0.0,,,,,13.6,40.67
224004,Santa Isabel,14114,Confirmed Eruption,"SE flank, near Bahu",,1903.0,0.0,0.0,Historical Observations,,,,3.588,8.762
233020,"Fournaise, Piton de la",14310,Confirmed Eruption,,0.0,1903.0,0.0,0.0,Historical Observations,,,,-21.244,55.708
241100,Ruapehu,14615,Confirmed Eruption,,2.0,1903.0,0.0,0.0,Historical Observations,,,,-39.28,175.57
258020,Hunter Island,15367,Confirmed Eruption,Northern tip of island,0.0,1903.0,0.0,0.0,Historical Observations,,,,-22.4,172.05
263250,Merapi,15891,Confirmed Eruption,,2.0,1902.0,12.0,0.0,Historical Observations,1904.0,6.0,20.0,-7.54,110.446
373012,Thordarhyrna,12823,Confirmed Eruption,Grímsvötn and Thordarhyrna,4.0,1902.0,12.0,0.0,Historical Observations,1904.0,1.0,12.0,64.267,-17.617
373030,Bardarbunga,12885,Confirmed Eruption,Volcano Uncertain: Dyngjuhals ?,2.0,1902.0,12.0,0.0,,1903.0,6.0,0.0,64.633,-17.516
244040,Savai'i,14815,Confirmed Eruption,Mata Ole Afi (1649 m),1.0,1902.0,10.0,30.0,Historical Observations,1902.0,11.0,17.0,-13.612,-172.525
342030,Santa Maria,10624,Confirmed Eruption,SW flank,6.0,1902.0,10.0,24.0,Historical Observations,1902.0,11.0,12.0,14.757,-91.552
233020,"Fournaise, Piton de la",14309,Confirmed Eruption,,2.0,1902.0,8.0,13.0,Historical Observations,1902.0,8.0,18.0,-21.244,55.708
284090,Izu-Torishima,18368,Confirmed Eruption,"Komochi-yama, N & SW offshore flanks",3.0,1902.0,8.0,7.0,Historical Observations,1902.0,8.0,24.0,30.484,140.303
283110,Asamayama,17764,Confirmed Eruption,,2.0,1902.0,8.0,5.0,Historical Observations,1902.0,8.0,20.0,36.406,138.523
271080,Camiguin,16720,Discredited Eruption,,,1902.0,7.0,27.0,,,,,9.203,124.673
283120,Kusatsu-Shiranesan,17827,Confirmed Eruption,North side of Yumi-ike,1.0,1902.0,7.0,15.0,Historical Observations,1902.0,9.0,24.0,36.618,138.528
315020,Wrangell,20413,Confirmed Eruption,West Crater,2.0,1902.0,7.0,15.0,Historical Observations,,,,62.006,-144.017
344100,Masaya,11020,Confirmed Eruption,Santiago,2.0,1902.0,7.0,15.0,Historical Observations,1903.0,11.0,0.0,11.985,-86.165
345020,Rincon de la Vieja,11092,Uncertain Eruption,,2.0,1902.0,6.0,22.0,,,,,10.83,-85.324
332010,Kilauea,10072,Confirmed Eruption,Halemaumau,0.0,1902.0,6.0,3.0,Historical Observations,1903.0,3.0,5.0,19.421,-155.287
354040,Tutupaca,11801,Uncertain Eruption,Volcano Uncertain: reported from Tutupaca,2.0,1902.0,6.0,,Historical Observations,1902.0,11.0,,-17.026,-70.372
343030,Izalco,10808,Confirmed Eruption,Summit and NE flank,2.0,1902.0,5.0,10.0,Historical Observations,1902.0,12.0,30.0,13.813,-89.633
382030,San Jorge,12995,Confirmed Eruption,Subm. vent ca. 20 km SW of Terceira,0.0,1902.0,5.0,7.0,Historical Observations,1902.0,5.0,8.0,38.65,-28.08
360150,Soufriere St. Vincent,12453,Confirmed Eruption,,4.0,1902.0,5.0,6.0,Historical Observations,1903.0,3.0,30.0,13.33,-61.18
263210,Sundoro,15801,Confirmed Eruption,,1.0,1902.0,5.0,1.0,Historical Observations,1902.0,5.0,25.0,-7.3,109.992
360120,Pelee,12430,Confirmed Eruption,Rivière Blanche and summit crater,4.0,1902.0,4.0,23.0,Historical Observations,1905.0,10.0,5.0,14.809,-61.165
223020,Nyamuragira,14045,Confirmed Eruption,SSE fissure zone,0.0,1902.0,4.0,22.0,Historical Observations,,,,-1.408,29.2
344090,Momotombo,11001,Confirmed Eruption,,2.0,1902.0,3.0,31.0,Historical Observations,,,,12.423,-86.539
265090,Banda Api,16419,Uncertain Eruption,,,1902.0,3.0,20.0,,,,,-4.523,129.881
263340,Raung,16120,Confirmed Eruption,,2.0,1902.0,2.0,16.0,Historical Observations,1902.0,2.0,27.0,-8.119,114.056
332010,Kilauea,10071,Confirmed Eruption,Halemaumau,0.0,1902.0,2.0,14.0,Historical Observations,1902.0,2.0,0.0,19.421,-155.287
283110,Asamayama,17763,Confirmed Eruption,,2.0,1902.0,2.0,7.0,Historical Observations,1902.0,2.0,7.0,36.406,138.523
263250,Merapi,15890,Confirmed Eruption,,1.0,1902.0,2.0,3.0,Historical Observations,1902.0,2.0,3.0,-7.54,110.446
272020,Kanlaon,16727,Confirmed Eruption,,2.0,1902.0,1.0,31.0,Historical Observations,,,,10.412,123.132
313030,Redoubt,20384,Confirmed Eruption,,3.0,1902.0,1.0,18.0,Historical Observations,,,,60.485,-152.742
232050,Taftan,14164,Uncertain Eruption,,,1902.0,1.0,0.0,,,,,28.6,61.13
223030,Nyiragongo,14093,Confirmed Eruption,,1.0,1902.0,0.0,0.0,Historical Observations,,,,-1.52,29.25
273030,Mayon,16796,Confirmed Eruption,,1.0,1902.0,0.0,0.0,Historical Observations,,,,13.257,123.685
263050,Salak,15644,Confirmed Eruption,Kawah Ratu,2.0,1902.0,0.0,0.0,Historical Observations,1903.0,0.0,0.0,-6.72,106.73
313010,Augustine,20267,Discredited Eruption,,,1902.0,0.0,0.0,,,,,59.363,-153.43
311180,Seguam,19778,Confirmed Eruption,,3.0,1902.0,0.0,0.0,Historical Observations,,,,52.315,-172.51
283230,Akita-Komagatake,18051,Confirmed Eruption,Yoko-dake,1.0,1902.0,0.0,0.0,Historical Observations,,,,39.761,140.799
344120,Concepcion,11050,Confirmed Eruption,,2.0,1902.0,0.0,0.0,Historical Observations,,,,11.538,-85.622
351060,Purace,11328,Confirmed Eruption,,2.0,1902.0,0.0,0.0,Historical Observations,,,,2.32,-76.4
355100,Lascar,11854,Confirmed Eruption,,2.0,1902.0,0.0,0.0,Historical Observations,,,,-23.37,-67.73
357120,Villarrica,21003,Confirmed Eruption,,2.0,1902.0,,,Varve Count,,,,-39.42,-71.93
300100,Avachinsky,19096,Confirmed Eruption,,2.0,1901.0,7.0,7.0,Historical Observations,1901.0,7.0,13.0,53.256,158.836
233020,"Fournaise, Piton de la",14308,Confirmed Eruption,NE flank (above Piton de Crac),2.0,1901.0,7.0,4.0,Historical Observations,1901.0,7.0,6.0,-21.244,55.708
264030,Rinjani,16214,Confirmed Eruption,Gunung Barujari,2.0,1901.0,6.0,1.0,Historical Observations,1901.0,6.0,2.0,-8.42,116.47
355070,San Pedro-San Pablo,11834,Confirmed Eruption,,2.0,1901.0,5.0,25.0,Historical Observations,1901.0,8.0,0.0,-21.888,-68.391
263280,Kelut,15952,Confirmed Eruption,,3.0,1901.0,5.0,22.0,Historical Observations,1901.0,5.0,23.0,-7.93,112.308
265090,Banda Api,16418,Confirmed Eruption,Summit and north flank,2.0,1901.0,5.0,18.0,Historical Observations,,,,-4.523,129.881
357010,Tupungatito,11894,Confirmed Eruption,,2.0,1901.0,4.0,0.0,Historical Observations,,,,-33.425,-69.797
233020,"Fournaise, Piton de la",14307,Confirmed Eruption,East of Dolomieu,2.0,1901.0,2.0,21.0,Historical Observations,1901.0,2.0,25.0,-21.244,55.708
266030,Soputan,13584,Confirmed Eruption,,2.0,1901.0,2.0,4.0,Historical Observations,,,,1.112,124.737
263300,Semeru,13572,Confirmed Eruption,,2.0,1901.0,1.0,29.0,Historical Observations,1901.0,1.0,30.0,-8.108,112.922
268010,Dukono,16576,Confirmed Eruption,,2.0,1901.0,0.0,0.0,Historical Observations,,,,1.693,127.894
223030,Nyiragongo,14092,Confirmed Eruption,,1.0,1901.0,0.0,0.0,Historical Observations,,,,-1.52,29.25
223020,Nyamuragira,14044,Confirmed Eruption,East flank (Singiro),2.0,1901.0,0.0,0.0,Historical Observations,,,,-1.408,29.2
251020,Manam,14901,Uncertain Eruption,,,1901.0,0.0,0.0,,1902.0,0.0,0.0,-4.08,145.037
300030,Iliinsky,18914,Confirmed Eruption,NE flank,3.0,1901.0,0.0,0.0,Historical Observations,,,,51.498,157.203
284150,Asuncion,18499,Discredited Eruption,,,1901.0,0.0,0.0,,,,,19.671,145.406
284190,Guguan,18532,Discredited Eruption,,,1901.0,0.0,0.0,,,,,17.307,145.845
312030,Pavlof,20124,Confirmed Eruption,,2.0,1901.0,0.0,0.0,Historical Observations,,,,55.417,-161.894
311360,Shishaldin,20071,Confirmed Eruption,,,1901.0,0.0,0.0,Historical Observations,,,,54.756,-163.97
264030,Rinjani,16213,Confirmed Eruption,Gunung Barujari,2.0,1900.0,11.0,30.0,Historical Observations,1900.0,12.0,2.0,-8.42,116.47
261230,Dempo,15559,Confirmed Eruption,,2.0,1900.0,10.0,26.0,Historical Observations,1900.0,10.0,27.0,-4.016,103.121
283120,Kusatsu-Shiranesan,17826,Confirmed Eruption,NE part of Yu-gama,1.0,1900.0,10.0,1.0,Historical Observations,1900.0,10.0,1.0,36.618,138.528
283170,Adatarayama,17912,Confirmed Eruption,Numanotaira,2.0,1900.0,7.0,17.0,Historical Observations,1900.0,7.0,17.0,37.647,140.281
261230,Dempo,15558,Confirmed Eruption,,2.0,1900.0,6.0,4.0,Historical Observations,1900.0,6.0,4.0,-4.016,103.121
315020,Wrangell,20412,Confirmed Eruption,,2.0,1900.0,6.0,0.0,Historical Observations,,,,62.006,-144.017
233020,"Fournaise, Piton de la",14306,Confirmed Eruption,East of Dolomieu,0.0,1900.0,5.0,11.0,Historical Observations,1900.0,5.0,30.0,-21.244,55.708
268060,Gamalama,16658,Uncertain Eruption,,1.0,1900.0,5.0,0.0,,1900.0,6.0,4.0,0.8,127.33
263300,Semeru,13571,Confirmed Eruption,,2.0,1900.0,3.0,29.0,Historical Observations,1900.0,4.0,11.0,-8.108,112.922
273030,Mayon,16795,Confirmed Eruption,,2.0,1900.0,3.0,1.0,Historical Observations,1900.0,3.0,6.0,13.257,123.685
390020,Erebus,13153,Uncertain Eruption,,2.0,1900.0,2.0,0.0,,,,,-77.53,167.17
283110,Asamayama,17762,Confirmed Eruption,,2.0,1900.0,1.0,22.0,Historical Observations,1901.0,10.0,0.0,36.406,138.523
241050,Okataina,14508,Confirmed Eruption,Waimangu Geyser,1.0,1900.0,1.0,0.0,Historical Observations,1904.0,11.0,1.0,-38.12,176.5
252080,Witori,15023,Discredited Eruption,Pago,,1900.0,0.0,0.0,,,,,-5.576,150.516
252010,Langila,14982,Confirmed Eruption,North Crater (crater 1),2.0,1900.0,0.0,0.0,Historical Observations,,,,-5.525,148.42
223030,Nyiragongo,14091,Confirmed Eruption,,1.0,1900.0,0.0,0.0,Historical Observations,,,,-1.52,29.25
221100,Dubbi,13939,Uncertain Eruption,,,1900.0,0.0,0.0,,,,,13.579,41.809
221250,Tullu Moje,13956,Confirmed Eruption,"Wonji fault belt, SE of Lake Koka",,1900.0,0.0,0.0,Historical Observations,,,,8.159,39.137
267020,Karangetang,16503,Confirmed Eruption,,2.0,1900.0,0.0,0.0,Historical Observations,,,,2.781,125.407
274020,Didicas,16875,Confirmed Eruption,,0.0,1900.0,0.0,0.0,Historical Observations,,,,19.077,122.202
284140,Farallon de Pajaros,18481,Confirmed Eruption,"Summit, east side",2.0,1900.0,0.0,0.0,Historical Observations,1901.0,5.0,0.0,20.546,144.893
290260,Chirinkotan,18826,Confirmed Eruption,,,1900.0,0.0,0.0,Historical Observations,,,,48.98,153.48
290020,Raususan [Mendeleev],18738,Uncertain Eruption,,2.0,1900.0,0.0,0.0,,,,,43.979,145.733
390090,Saunders,13213,Confirmed Eruption,North flank,0.0,1900.0,0.0,0.0,Tephrochronology,,,,-57.8,-26.483
358030,Huequi,12267,Confirmed Eruption,,2.0,1900.0,0.0,0.0,Historical Observations,,,,-42.377,-72.578
352080,Tungurahua,11639,Uncertain Eruption,,2.0,1900.0,0.0,0.0,,,,,-1.467,-78.442
343030,Izalco,10807,Confirmed Eruption,,2.0,1899.0,12.0,31.0,Historical Observations,1900.0,3.0,0.0,13.813,-89.633
263300,Semeru,16004,Confirmed Eruption,,2.0,1899.0,12.0,0.0,Historical Observations,,,,-8.108,112.922
344070,"Negro, Cerro",10946,Confirmed Eruption,,2.0,1899.0,11.0,22.0,Historical Observations,1899.0,11.0,29.0,12.506,-86.702
211060,Etna,13765,Confirmed Eruption,,2.0,1899.0,11.0,15.0,Historical Observations,1907.0,8.0,0.0,37.748,14.999
282080,Aira,17072,Uncertain Eruption,Minami-dake,1.0,1899.0,9.0,24.0,,1899.0,9.0,25.0,31.593,130.657
315020,Wrangell,20411,Confirmed Eruption,,2.0,1899.0,9.0,3.0,Historical Observations,,,,62.006,-144.017
283170,Adatarayama,17911,Confirmed Eruption,Numanotaira,2.0,1899.0,8.0,24.0,Historical Observations,1899.0,11.0,12.0,37.647,140.281
263300,Semeru,16003,Confirmed Eruption,,2.0,1899.0,8.0,11.0,Historical Observations,,,,-8.108,112.922
282090,Kirishimayama,17152,Confirmed Eruption,Ohachi,2.0,1899.0,7.0,28.0,Historical Observations,1900.0,2.0,16.0,31.934,130.862
211060,Etna,13764,Confirmed Eruption,Central Crater,3.0,1899.0,7.0,19.0,Historical Observations,1899.0,8.0,5.0,37.748,14.999
283110,Asamayama,17761,Confirmed Eruption,,2.0,1899.0,7.0,10.0,Historical Observations,1899.0,8.0,7.0,36.406,138.523
332020,Mauna Loa,10212,Confirmed Eruption,NE rift zone (3260 m) and Mokuaweoweo,1.0,1899.0,7.0,1.0,Historical Observations,1899.0,7.0,23.0,19.475,-155.608
264230,Lewotolo,16334,Confirmed Eruption,,2.0,1899.0,6.0,2.0,Historical Observations,,,,-8.272,123.505
263060,Gede-Pangrango,15660,Confirmed Eruption,,2.0,1899.0,5.0,1.0,Historical Observations,1899.0,5.0,14.0,-6.77,106.965
283110,Asamayama,17760,Confirmed Eruption,,2.0,1899.0,3.0,11.0,Historical Observations,,,,36.406,138.523
264270,Sirung,16355,Uncertain Eruption,,2.0,1899.0,3.0,0.0,,1899.0,4.0,0.0,-8.508,124.13
233020,"Fournaise, Piton de la",14305,Confirmed Eruption,,2.0,1899.0,2.0,13.0,Historical Observations,1899.0,7.0,18.0,-21.244,55.708
223020,Nyamuragira,14043,Confirmed Eruption,NNW fissure zone,1.0,1899.0,2.0,0.0,Historical Observations,,,,-1.408,29.2
263300,Semeru,16002,Confirmed Eruption,,2.0,1899.0,1.0,17.0,Historical Observations,1899.0,3.0,31.0,-8.108,112.922
390010,Buckle Island,19970,Confirmed Eruption,,2.0,1899.0,1.0,12.0,Historical Observations,,,,-66.78,163.25
345060,Irazu,11217,Discredited Eruption,,,1899.0,0.0,0.0,,,,,9.979,-83.852
351060,Purace,11327,Confirmed Eruption,,2.0,1899.0,0.0,0.0,Historical Observations,,,,2.32,-76.4
267020,Karangetang,16502,Confirmed Eruption,,2.0,1899.0,0.0,0.0,Historical Observations,,,,2.781,125.407
223030,Nyiragongo,14090,Confirmed Eruption,,1.0,1899.0,0.0,0.0,Historical Observations,,,,-1.52,29.25
255020,Bagana,15119,Confirmed Eruption,,,1899.0,0.0,0.0,Historical Observations,,,,-6.137,155.196
251020,Manam,14900,Confirmed Eruption,"Main Crater, South Crater",2.0,1899.0,0.0,0.0,Historical Observations,,,,-4.08,145.037
242010,Curtis Island,14678,Discredited Eruption,,,1899.0,0.0,0.0,,,,,-30.543,-178.556
311360,Shishaldin,20070,Uncertain Eruption,,,1899.0,0.0,0.0,,,,,54.756,-163.97
311290,Okmok,19840,Confirmed Eruption,SW part of caldera (Cone A),3.0,1899.0,0.0,0.0,Historical Observations,,,,53.43,-168.13
311130,Kasatochi,19744,Uncertain Eruption,,,1899.0,0.0,0.0,,,,,52.177,-175.508
345040,Poas,11153,Confirmed Eruption,,1.0,1898.0,12.0,29.0,Historical Observations,1907.0,12.0,31.0,10.2,-84.233
282090,Kirishimayama,17151,Confirmed Eruption,Ohachi,2.0,1898.0,12.0,26.0,Historical Observations,1898.0,12.0,30.0,31.934,130.862
285061,Maruyama,18663,Confirmed Eruption,Maru-yama (No. 1 crater),2.0,1898.0,12.0,3.0,Historical Observations,1898.0,12.0,6.0,43.418,143.031
233020,"Fournaise, Piton de la",14304,Confirmed Eruption,,2.0,1898.0,11.0,26.0,Historical Observations,,,,-21.244,55.708
320030,Atlin Volcanic Field,20426,Uncertain Eruption,,,1898.0,11.0,8.0,,,,,59.68,-133.32
282110,Asosan,17291,Confirmed Eruption,Naka-dake,2.0,1898.0,8.0,0.0,Historical Observations,1899.0,4.0,0.0,32.884,131.104
257050,Lopevi,15292,Confirmed Eruption,,2.0,1898.0,6.0,3.0,Historical Observations,1898.0,7.0,24.0,-16.507,168.346
268060,Gamalama,16657,Confirmed Eruption,,2.0,1898.0,5.0,14.0,Historical Observations,1898.0,5.0,28.0,0.8,127.33
266010,Colo,16421,Confirmed Eruption,Gunung Colo,3.0,1898.0,5.0,2.0,Historical Observations,1900.0,0.0,0.0,-0.162,121.601
352010,Reventador,11434,Confirmed Eruption,,3.0,1898.0,4.0,8.0,Historical Observations,1906.0,0.0,0.0,-0.077,-77.656
321050,St. Helens,20334,Uncertain Eruption,,,1898.0,4.0,5.0,,,,,46.2,-122.18
300060,Mutnovsky,18962,Confirmed Eruption,,2.0,1898.0,4.0,0.0,Historical Observations,1898.0,7.0,15.0,52.449,158.196
257040,Ambrym,15249,Confirmed Eruption,,1.0,1898.0,3.0,26.0,Historical Observations,,,,-16.25,168.12
263300,Semeru,16001,Confirmed Eruption,,2.0,1898.0,2.0,23.0,Historical Observations,,,,-8.108,112.922
300260,Klyuchevskoy,19430,Confirmed Eruption,,2.0,1898.0,2.0,20.0,Historical Observations,,,,56.056,160.642
282090,Kirishimayama,17150,Confirmed Eruption,Ohachi,2.0,1898.0,2.0,8.0,Historical Observations,1898.0,3.0,11.0,31.934,130.862
263320,Lamongan,16101,Confirmed Eruption,SW flank 400 m (Mt. Anyar),2.0,1898.0,2.0,5.0,Historical Observations,1898.0,2.0,15.0,-7.981,113.341
233020,"Fournaise, Piton de la",14303,Confirmed Eruption,,2.0,1898.0,1.0,14.0,Historical Observations,1898.0,1.0,20.0,-21.244,55.708
241080,Tongariro,13566,Confirmed Eruption,Ngauruhoe,2.0,1898.0,1.0,0.0,Historical Observations,,,,-39.157,175.632
252120,Ulawun,15038,Confirmed Eruption,,3.0,1898.0,0.0,0.0,Historical Observations,,,,-5.05,151.33
223030,Nyiragongo,14089,Confirmed Eruption,,1.0,1898.0,0.0,0.0,Historical Observations,,,,-1.52,29.25
224004,Santa Isabel,14113,Confirmed Eruption,SE flank,,1898.0,0.0,0.0,Historical Observations,,,,3.588,8.762
305060,Changbaishan,19649,Confirmed Eruption,,2.0,1898.0,0.0,0.0,Historical Observations,,,,41.98,128.08
311360,Shishaldin,20069,Confirmed Eruption,,2.0,1898.0,0.0,0.0,Historical Observations,,,,54.756,-163.97
355100,Lascar,11853,Confirmed Eruption,,2.0,1898.0,0.0,0.0,Historical Observations,1900.0,0.0,0.0,-23.37,-67.73
357070,"Chillan, Nevados de",11978,Confirmed Eruption,Volcán Viejo,2.0,1898.0,0.0,0.0,Historical Observations,,,,-36.868,-71.378
357120,Villarrica,12137,Confirmed Eruption,,2.0,1897.0,12.0,1.0,Historical Observations,1898.0,2.0,1.0,-39.42,-71.93
351070,Dona Juana,11341,Confirmed Eruption,,4.0,1897.0,11.0,1.0,Historical Observations,1906.0,0.0,0.0,1.5,-76.936
268060,Gamalama,16656,Confirmed Eruption,,1.0,1897.0,9.0,7.0,Historical Observations,1897.0,9.0,24.0,0.8,127.33
283120,Kusatsu-Shiranesan,17825,Confirmed Eruption,NE part of Yu-gama,2.0,1897.0,7.0,8.0,Historical Observations,1897.0,8.0,16.0,36.618,138.528
332010,Kilauea,10070,Confirmed Eruption,Halemaumau,0.0,1897.0,6.0,24.0,Historical Observations,1897.0,6.0,27.0,19.421,-155.287
257070,Kuwae,15334,Confirmed Eruption,Karua,1.0,1897.0,5.0,25.0,Historical Observations,1901.0,0.0,0.0,-16.829,168.536
273030,Mayon,16794,Confirmed Eruption,,4.0,1897.0,5.0,23.0,Historical Observations,1897.0,7.0,23.0,13.257,123.685
255020,Bagana,15118,Confirmed Eruption,,2.0,1897.0,5.0,16.0,Historical Observations,,,,-6.137,155.196
282090,Kirishimayama,17149,Confirmed Eruption,Ohachi,2.0,1897.0,5.0,3.0,Historical Observations,1897.0,9.0,4.0,31.934,130.862
222030,"Barrier, The",13968,Confirmed Eruption,North flank (Teleki) and Likaiu,2.0,1897.0,5.0,0.0,Historical Observations,,,,2.32,36.57
263340,Raung,16119,Confirmed Eruption,,2.0,1897.0,4.0,0.0,Historical Observations,,,,-8.119,114.056
256010,Tinakula,15196,Confirmed Eruption,,2.0,1897.0,3.0,26.0,Historical Observations,,,,-10.386,165.804
282110,Asosan,17290,Confirmed Eruption,Naka-dake,2.0,1897.0,2.0,24.0,Historical Observations,,,,32.884,131.104
283190,Zaozan [Zaosan],17984,Uncertain Eruption,Okama,1.0,1897.0,1.0,14.0,,1897.0,1.0,14.0,38.144,140.44
233020,"Fournaise, Piton de la",14302,Confirmed Eruption,,0.0,1897.0,1.0,5.0,Historical Observations,1897.0,1.0,24.0,-21.244,55.708
263300,Semeru,16000,Confirmed Eruption,,2.0,1897.0,1.0,1.0,Historical Observations,1897.0,1.0,3.0,-8.108,112.922
357010,Tupungatito,11893,Confirmed Eruption,,2.0,1897.0,1.0,0.0,Historical Observations,1897.0,4.0,12.0,-33.425,-69.797
353090,Santiago,11732,Confirmed Eruption,SE flank (Sullivan Bay?),0.0,1897.0,0.0,0.0,Historical Observations,,,,-0.22,-90.77
373010,Grimsvotn,12822,Confirmed Eruption,Volcano Uncertain,2.0,1897.0,0.0,0.0,,,,,64.416,-17.316
264010,Batur,16185,Confirmed Eruption,Batur I,2.0,1897.0,0.0,0.0,Historical Observations,,,,-8.242,115.375
263250,Merapi,15889,Confirmed Eruption,,2.0,1897.0,0.0,0.0,Historical Observations,,,,-7.54,110.446
271080,Camiguin,16719,Discredited Eruption,,,1897.0,0.0,0.0,,,,,9.203,124.673
241080,Tongariro,13565,Confirmed Eruption,Ngauruhoe,2.0,1897.0,0.0,0.0,Historical Observations,,,,-39.157,175.632
251010,Bam,14874,Uncertain Eruption,,,1897.0,0.0,0.0,,1898.0,0.0,0.0,-3.613,144.818
311360,Shishaldin,20068,Uncertain Eruption,,,1897.0,0.0,0.0,,,,,54.756,-163.97
311240,Cleveland,19802,Confirmed Eruption,,,1897.0,0.0,0.0,Historical Observations,,,,52.825,-169.944
300270,Sheveluch,19574,Confirmed Eruption,,2.0,1897.0,0.0,0.0,Historical Observations,1898.0,0.0,0.0,56.653,161.36
282090,Kirishimayama,17148,Confirmed Eruption,Ohachi,2.0,1896.0,12.0,21.0,Historical Observations,,,,31.934,130.862
300260,Klyuchevskoy,19429,Confirmed Eruption,,2.0,1896.0,12.0,0.0,Historical Observations,1897.0,11.0,0.0,56.056,160.642
241080,Tongariro,13564,Confirmed Eruption,NE flank (upper Te Mari Crater),2.0,1896.0,11.0,0.0,Historical Observations,1896.0,12.0,26.0,-39.157,175.632
263320,Lamongan,16100,Confirmed Eruption,,2.0,1896.0,9.0,5.0,Historical Observations,1896.0,9.0,19.0,-7.981,113.341
283180,Azumayama,17932,Uncertain Eruption,,1.0,1896.0,9.0,5.0,,1896.0,9.0,19.0,37.735,140.244
283190,Zaozan [Zaosan],17983,Uncertain Eruption,Okama,1.0,1896.0,9.0,1.0,,,,,38.144,140.44
372010,Vestmannaeyjar,12556,Confirmed Eruption,South or SE of Hellisey,,1896.0,9.0,0.0,Historical Observations,,,,63.416,-20.266
273030,Mayon,16793,Confirmed Eruption,,2.0,1896.0,8.0,31.0,Historical Observations,1896.0,9.0,27.0,13.257,123.685
268060,Gamalama,16655,Uncertain Eruption,,1.0,1896.0,8.0,3.0,,1896.0,8.0,4.0,0.8,127.33
263340,Raung,16118,Confirmed Eruption,,2.0,1896.0,8.0,0.0,Historical Observations,,,,-8.119,114.056
332010,Kilauea,10069,Confirmed Eruption,Halemaumau,0.0,1896.0,7.0,11.0,Historical Observations,1896.0,9.0,25.0,19.421,-155.287
263090,Tangkuban Parahu,15672,Confirmed Eruption,Kawah Baru,2.0,1896.0,5.0,22.0,Historical Observations,1896.0,5.0,23.0,-6.77,107.6
263300,Semeru,15999,Confirmed Eruption,,2.0,1896.0,5.0,0.0,Historical Observations,1896.0,6.0,0.0,-8.108,112.922
332020,Mauna Loa,10211,Confirmed Eruption,Mokuaweoweo,0.0,1896.0,4.0,21.0,Historical Observations,1896.0,5.0,6.0,19.475,-155.608
283190,Zaozan [Zaosan],17982,Confirmed Eruption,Okama,1.0,1896.0,3.0,8.0,Historical Observations,1896.0,3.0,8.0,38.144,140.44
342090,Fuego,10715,Confirmed Eruption,,2.0,1896.0,1.0,10.0,Historical Observations,,,,14.473,-90.88
332010,Kilauea,10068,Confirmed Eruption,Halemaumau,0.0,1896.0,1.0,3.0,Historical Observations,1896.0,1.0,28.0,19.421,-155.287
341021,Socorro,10372,Uncertain Eruption,,2.0,1896.0,0.0,0.0,,,,,18.78,-110.95
311320,Akutan,20010,Confirmed Eruption,,,1896.0,0.0,0.0,Historical Observations,,,,54.134,-165.986
284070,Myojinsho,18311,Confirmed Eruption,14 km north of Bayonnaise Rocks,2.0,1896.0,0.0,0.0,Historical Observations,,,,31.888,139.918
263310,Tengger Caldera,16042,Confirmed Eruption,Bromo,2.0,1896.0,0.0,0.0,Historical Observations,,,,-7.942,112.95
241050,Okataina,14507,Confirmed Eruption,Waimangu (Echo Crater),1.0,1896.0,0.0,0.0,Historical Observations,,,,-38.12,176.5
223020,Nyamuragira,14042,Confirmed Eruption,,1.0,1896.0,0.0,0.0,Historical Observations,,,,-1.408,29.2
358030,Huequi,12266,Confirmed Eruption,,2.0,1896.0,0.0,0.0,Historical Observations,,,,-42.377,-72.578
268060,Gamalama,16654,Confirmed Eruption,,1.0,1895.0,12.0,19.0,Historical Observations,1895.0,12.0,19.0,0.8,127.33
258020,Hunter Island,15366,Confirmed Eruption,East side,,1895.0,11.0,24.0,Historical Observations,,,,-22.4,172.05
300090,Koryaksky,19042,Discredited Eruption,,,1895.0,10.0,15.0,,1896.0,0.0,0.0,53.321,158.712
283190,Zaozan [Zaosan],17981,Confirmed Eruption,Okama,2.0,1895.0,8.0,22.0,Historical Observations,1895.0,9.0,28.0,38.144,140.44
311320,Akutan,21085,Confirmed Eruption,,2.0,1895.0,8.0,1.0,Historical Observations,1895.0,8.0,14.0,54.134,-165.986
273030,Mayon,16792,Confirmed Eruption,Summit and east flank,2.0,1895.0,7.0,20.0,Historical Observations,1895.0,11.0,26.0,13.257,123.685
282090,Kirishimayama,17147,Confirmed Eruption,Ohachi,2.0,1895.0,7.0,16.0,Historical Observations,1896.0,6.0,26.0,31.934,130.862
261230,Dempo,15557,Confirmed Eruption,,2.0,1895.0,7.0,2.0,Historical Observations,1895.0,9.0,30.0,-4.016,103.121
267030,Banua Wuhu,16547,Confirmed Eruption,,2.0,1895.0,7.0,0.0,Historical Observations,1895.0,12.0,26.0,3.138,125.491
251030,Karkar,14944,Confirmed Eruption,,2.0,1895.0,6.0,17.0,Historical Observations,1895.0,8.0,0.0,-4.649,145.964
263300,Semeru,15998,Confirmed Eruption,,2.0,1895.0,5.0,22.0,Historical Observations,1895.0,10.0,1.0,-8.108,112.922
241100,Ruapehu,14614,Confirmed Eruption,,2.0,1895.0,3.0,10.0,Historical Observations,1895.0,3.0,14.0,-39.28,175.57
283180,Azumayama,17931,Confirmed Eruption,Issaikyo (near Oana),1.0,1895.0,3.0,8.0,Historical Observations,1895.0,9.0,13.0,37.735,140.244
283190,Zaozan [Zaosan],17980,Confirmed Eruption,Okama,1.0,1895.0,2.0,15.0,Historical Observations,1895.0,3.0,22.0,38.144,140.44
252040,Dakataua,15005,Confirmed Eruption,Makalia,2.0,1895.0,0.0,0.0,Anthropology,,,,-5.094,150.094
222030,"Barrier, The",13967,Confirmed Eruption,North flank (Teleki's Cone),2.0,1895.0,0.0,0.0,Historical Observations,,,,2.32,36.57
272070,Mahagnao,16751,Uncertain Eruption,,,1895.0,0.0,0.0,,,,,10.882,124.888
357020,San Jose,11918,Confirmed Eruption,,2.0,1895.0,0.0,0.0,Historical Observations,1897.0,0.0,0.0,-33.789,-69.895
357110,Llaima,12041,Confirmed Eruption,,2.0,1895.0,0.0,0.0,Historical Observations,1896.0,0.0,0.0,-38.692,-71.729
352050,Cotopaxi,11585,Confirmed Eruption,,2.0,1895.0,0.0,0.0,Historical Observations,,,,-0.677,-78.436
352040,Sumaco,11508,Confirmed Eruption,,2.0,1895.0,0.0,0.0,Historical Observations,,,,-0.538,-77.626
345040,Poas,11152,Confirmed Eruption,,1.0,1895.0,0.0,0.0,Historical Observations,,,,10.2,-84.233
243050,Fonuafo'ou,14738,Uncertain Eruption,,0.0,1894.0,12.0,0.0,,,,,-20.32,-175.42
321030,Rainier,20502,Uncertain Eruption,,1.0,1894.0,11.0,21.0,Historical Observations,1894.0,12.0,24.0,46.853,-121.76
358020,Calbuco,12253,Confirmed Eruption,,2.0,1894.0,11.0,16.0,Historical Observations,1895.0,0.0,0.0,-41.33,-72.618
263140,Galunggung,15719,Confirmed Eruption,,3.0,1894.0,10.0,17.0,Historical Observations,1894.0,12.0,0.0,-7.25,108.058
257040,Ambrym,15248,Confirmed Eruption,Benbow and west flank,3.0,1894.0,10.0,15.0,Historical Observations,1895.0,2.0,10.0,-16.25,168.12
263250,Merapi,15888,Confirmed Eruption,,1.0,1894.0,10.0,0.0,Historical Observations,,,,-7.54,110.446
300100,Avachinsky,19095,Confirmed Eruption,,2.0,1894.0,10.0,0.0,Historical Observations,1895.0,2.0,0.0,53.256,158.836
285040,Shikotsu,18622,Confirmed Eruption,Tarumai,2.0,1894.0,8.0,17.0,Historical Observations,1894.0,8.0,17.0,42.688,141.38
233020,"Fournaise, Piton de la",14301,Confirmed Eruption,,2.0,1894.0,8.0,0.0,Historical Observations,,,,-21.244,55.708
290120,Kolokol Group,18768,Confirmed Eruption,Berg ?,2.0,1894.0,7.0,25.0,Historical Observations,1894.0,7.0,26.0,46.042,150.083
283190,Zaozan [Zaosan],17979,Confirmed Eruption,Okama,2.0,1894.0,7.0,3.0,Historical Observations,1894.0,7.0,3.0,38.144,140.44
223020,Nyamuragira,14041,Confirmed Eruption,,2.0,1894.0,6.0,0.0,Historical Observations,,,,-1.408,29.2
272020,Kanlaon,16726,Confirmed Eruption,,2.0,1894.0,5.0,0.0,Historical Observations,1894.0,6.0,0.0,10.412,123.132
283110,Asamayama,17759,Confirmed Eruption,,2.0,1894.0,4.0,6.0,Historical Observations,1894.0,6.0,14.0,36.406,138.523
283180,Azumayama,17930,Confirmed Eruption,Issaikyo (near Oana),1.0,1894.0,3.0,16.0,Historical Observations,1894.0,4.0,12.0,37.735,140.244
282110,Asosan,17289,Confirmed Eruption,Naka-dake,2.0,1894.0,3.0,6.0,Historical Observations,1894.0,8.0,30.0,32.884,131.104
282090,Kirishimayama,17146,Confirmed Eruption,Ohachi,2.0,1894.0,2.0,25.0,Historical Observations,1894.0,2.0,28.0,31.934,130.862
285040,Shikotsu,18621,Confirmed Eruption,Tarumai,2.0,1894.0,2.0,8.0,Historical Observations,1894.0,2.0,8.0,42.688,141.38
263250,Merapi,15887,Confirmed Eruption,,2.0,1894.0,1.0,27.0,Historical Observations,1894.0,2.0,2.0,-7.54,110.446
273010,Bulusan,16759,Confirmed Eruption,,2.0,1894.0,0.0,0.0,Historical Observations,,,,12.769,124.056
223030,Nyiragongo,14088,Confirmed Eruption,,1.0,1894.0,0.0,0.0,Historical Observations,,,,-1.52,29.25
222120,"Lengai, Ol Doinyo",14004,Discredited Eruption,,,1894.0,0.0,0.0,,,,,-2.764,35.914
255020,Bagana,15117,Confirmed Eruption,,2.0,1894.0,0.0,0.0,Historical Observations,1895.0,0.0,0.0,-6.137,155.196
243070,Lateiki,14763,Uncertain Eruption,,2.0,1894.0,0.0,0.0,,,,,-19.18,-174.87
300080,Opala,19037,Discredited Eruption,,,1894.0,0.0,0.0,,,,,52.543,157.339
290390,Alaid,18883,Confirmed Eruption,,2.0,1894.0,0.0,0.0,Historical Observations,,,,50.861,155.565
312030,Pavlof,20123,Confirmed Eruption,,2.0,1894.0,0.0,0.0,Historical Observations,,,,55.417,-161.894
345060,Irazu,11216,Discredited Eruption,,,1894.0,0.0,0.0,,,,,9.979,-83.852
352010,Reventador,11433,Confirmed Eruption,,3.0,1894.0,0.0,0.0,Historical Observations,,,,-0.077,-77.656
390050,Seal Nunataks Group,13199,Uncertain Eruption,Lindenberg Island,1.0,1893.0,12.0,11.0,,,,,-65.03,-60.05
263300,Semeru,15997,Confirmed Eruption,,2.0,1893.0,12.0,11.0,Historical Observations,1894.0,2.0,0.0,-8.108,112.922
341040,Colima,10455,Confirmed Eruption,,2.0,1893.0,12.0,4.0,Historical Observations,1902.0,0.0,0.0,19.514,-103.62
357120,Villarrica,12136,Confirmed Eruption,,2.0,1893.0,12.0,1.0,Historical Observations,1894.0,2.0,1.0,-39.42,-71.93
357110,Llaima,12040,Confirmed Eruption,,2.0,1893.0,12.0,0.0,Historical Observations,1894.0,12.0,0.0,-38.692,-71.729
263320,Lamongan,16099,Confirmed Eruption,,2.0,1893.0,11.0,18.0,Historical Observations,,,,-7.981,113.341
283180,Azumayama,17929,Confirmed Eruption,Issaikyo,1.0,1893.0,11.0,9.0,Historical Observations,1893.0,11.0,10.0,37.735,140.244
273030,Mayon,16791,Confirmed Eruption,,1.0,1893.0,10.0,3.0,Historical Observations,1893.0,10.0,31.0,13.257,123.685
263250,Merapi,15886,Confirmed Eruption,,1.0,1893.0,10.0,0.0,Historical Observations,,,,-7.54,110.446
272020,Kanlaon,16725,Confirmed Eruption,,2.0,1893.0,7.0,0.0,Historical Observations,,,,10.412,123.132
283180,Azumayama,17928,Confirmed Eruption,Issaikyo (west of Oana),1.0,1893.0,5.0,19.0,Historical Observations,1893.0,7.0,13.0,37.735,140.244
211060,Etna,13763,Confirmed Eruption,Central Crater,1.0,1893.0,4.0,26.0,Historical Observations,1898.0,6.0,0.0,37.748,14.999
266100,Lokon-Empung,16444,Confirmed Eruption,Tompaluan,2.0,1893.0,3.0,29.0,Historical Observations,1894.0,8.0,14.0,1.358,124.792
357070,"Chillan, Nevados de",11977,Confirmed Eruption,Volcán Viejo,2.0,1893.0,3.0,4.0,Historical Observations,,,,-36.868,-71.378
263310,Tengger Caldera,16041,Confirmed Eruption,Bromo,2.0,1893.0,1.0,13.0,Historical Observations,1893.0,3.0,27.0,-7.942,112.95
358020,Calbuco,12252,Confirmed Eruption,,4.0,1893.0,1.0,7.0,Historical Observations,1894.0,1.0,16.0,-41.33,-72.618
261120,Sorikmarapi,15411,Confirmed Eruption,East flank (Sibanggor Julu),2.0,1893.0,1.0,4.0,Historical Observations,1893.0,1.0,4.0,0.686,99.539
263300,Semeru,15996,Confirmed Eruption,,2.0,1893.0,1.0,0.0,Historical Observations,1893.0,5.0,0.0,-8.108,112.922
267040,Awu,16562,Confirmed Eruption,,2.0,1893.0,0.0,0.0,Historical Observations,,,,3.689,125.447
311240,Cleveland,19801,Confirmed Eruption,,,1893.0,0.0,0.0,Historical Observations,,,,52.825,-169.944
358030,Huequi,12265,Confirmed Eruption,,2.0,1893.0,0.0,0.0,Historical Observations,,,,-42.377,-72.578
357150,Puyehue-Cordon Caulle,12208,Confirmed Eruption,Cordón Caulle,2.0,1893.0,0.0,0.0,Historical Observations,,,,-40.59,-72.117
211050,Vulcano,13482,Uncertain Eruption,5 km east of Vulcanello,0.0,1892.0,12.0,14.0,,,,,38.404,14.962
241080,Tongariro,13563,Confirmed Eruption,NE flank (upper Te Mari Crater),2.0,1892.0,11.0,30.0,Historical Observations,,,,-39.157,175.632
332020,Mauna Loa,10210,Confirmed Eruption,Mokuaweoweo,0.0,1892.0,11.0,30.0,Historical Observations,1892.0,12.0,3.0,19.475,-155.608
241080,Tongariro,13562,Confirmed Eruption,Ngauruhoe,2.0,1892.0,11.0,0.0,Historical Observations,1892.0,12.0,0.0,-39.157,175.632
257050,Lopevi,15291,Confirmed Eruption,,2.0,1892.0,10.0,0.0,Historical Observations,1893.0,0.0,0.0,-16.507,168.346
311320,Akutan,20009,Confirmed Eruption,,1.0,1892.0,9.0,23.0,Historical Observations,,,,54.134,-165.986
312070,Veniaminof,20161,Confirmed Eruption,Western intracaldera cone,3.0,1892.0,8.0,28.0,Historical Observations,1892.0,8.0,30.0,56.17,-159.38
211060,Etna,13762,Confirmed Eruption,"South flank (2045-1800 m), Mt. Silvestri",2.0,1892.0,7.0,9.0,Historical Observations,1892.0,12.0,29.0,37.748,14.999
211060,Etna,13761,Confirmed Eruption,Central Crater,2.0,1892.0,6.0,20.0,Historical Observations,1892.0,7.0,8.0,37.748,14.999
267020,Karangetang,16501,Confirmed Eruption,,2.0,1892.0,6.0,14.0,Historical Observations,,,,2.781,125.407
267040,Awu,16561,Confirmed Eruption,,3.0,1892.0,6.0,7.0,Historical Observations,1892.0,6.0,12.0,3.689,125.447
265040,Wurlali,16373,Confirmed Eruption,,2.0,1892.0,6.0,3.0,Historical Observations,1892.0,6.0,5.0,-7.125,128.675
261120,Sorikmarapi,15410,Confirmed Eruption,Summit and east flank (Jurang Siunik),2.0,1892.0,5.0,21.0,Historical Observations,,,,0.686,99.539
311180,Seguam,19777,Confirmed Eruption,,3.0,1892.0,4.0,15.0,Historical Observations,,,,52.315,-172.51
263300,Semeru,15995,Confirmed Eruption,,2.0,1892.0,3.0,0.0,Historical Observations,1892.0,4.0,0.0,-8.108,112.922
241080,Tongariro,13561,Confirmed Eruption,Ngauruhoe,2.0,1892.0,2.0,0.0,Historical Observations,1892.0,3.0,0.0,-39.157,175.632
258020,Hunter Island,15184,Uncertain Eruption,,,1892.0,0.0,0.0,,,,,-22.4,172.05
261150,Tandikat-Singgalang,15481,Uncertain Eruption,Tandikat,,1892.0,0.0,0.0,,,,,-0.39,100.331
273010,Bulusan,16758,Confirmed Eruption,,2.0,1892.0,0.0,0.0,Historical Observations,,,,12.769,124.056
312030,Pavlof,20122,Confirmed Eruption,,2.0,1892.0,0.0,0.0,Historical Observations,,,,55.417,-161.894
283110,Asamayama,17758,Uncertain Eruption,,,1892.0,0.0,0.0,,,,,36.406,138.523
357110,Llaima,12039,Confirmed Eruption,,2.0,1892.0,0.0,0.0,Historical Observations,,,,-38.692,-71.729
390015,Melbourne,19968,Confirmed Eruption,,,1892.0,0.0,0.0,Tephrochronology,,,,-74.35,164.7
311180,Seguam,19776,Confirmed Eruption,,2.0,1891.0,12.0,0.0,Historical Observations,,,,52.315,-172.51
211071,Pantelleria,13863,Uncertain Eruption,South of Pantelleria,,1891.0,12.0,0.0,,,,,36.77,12.02
282090,Kirishimayama,17145,Confirmed Eruption,Ohachi,2.0,1891.0,11.0,10.0,Historical Observations,1891.0,11.0,20.0,31.934,130.862
373010,Grimsvotn,12821,Confirmed Eruption,,2.0,1891.0,11.0,0.0,Historical Observations,1892.0,3.0,16.0,64.416,-17.316
211071,Pantelleria,13862,Confirmed Eruption,Foerstner (4 km NNW of Pantelleria),1.0,1891.0,10.0,17.0,Historical Observations,1891.0,10.0,25.0,36.77,12.02
273030,Mayon,16790,Confirmed Eruption,,2.0,1891.0,10.0,3.0,Historical Observations,1892.0,2.0,29.0,13.257,123.685
283110,Asamayama,17757,Confirmed Eruption,,,1891.0,10.0,0.0,Historical Observations,1891.0,11.0,0.0,36.406,138.523
263320,Lamongan,16098,Confirmed Eruption,,2.0,1891.0,9.0,25.0,Historical Observations,1891.0,10.0,5.0,-7.981,113.341
263250,Merapi,15885,Confirmed Eruption,,2.0,1891.0,8.0,25.0,Historical Observations,1892.0,0.0,0.0,-7.54,110.446
341040,Colima,10454,Confirmed Eruption,,2.0,1891.0,7.0,0.0,Historical Observations,1892.0,6.0,0.0,19.514,-103.62
282090,Kirishimayama,17144,Confirmed Eruption,Ohachi,2.0,1891.0,6.0,19.0,Historical Observations,,,,31.934,130.862
344120,Concepcion,11049,Confirmed Eruption,,2.0,1891.0,4.0,0.0,Historical Observations,1891.0,4.0,0.0,11.538,-85.622
211060,Etna,13760,Confirmed Eruption,Central Crater,2.0,1891.0,2.0,20.0,Historical Observations,1891.0,12.0,0.0,37.748,14.999
357070,"Chillan, Nevados de",11976,Confirmed Eruption,Volcán Viejo,2.0,1891.0,2.0,0.0,Historical Observations,,,,-36.868,-71.378
355070,San Pedro-San Pablo,11833,Confirmed Eruption,,2.0,1891.0,0.0,0.0,Historical Observations,,,,-21.888,-68.391
358057,"Hudson, Cerro",12297,Confirmed Eruption,,,1891.0,0.0,0.0,Historical Observations,,,,-45.9,-72.97
343030,Izalco,10806,Confirmed Eruption,,2.0,1891.0,0.0,0.0,Historical Observations,1898.0,7.0,0.0,13.813,-89.633
351080,Galeras,11361,Confirmed Eruption,,2.0,1891.0,0.0,0.0,Historical Observations,,,,1.22,-77.37
223030,Nyiragongo,14087,Confirmed Eruption,Volcano Uncertain: probably Nyiragongo,,1891.0,0.0,0.0,,,,,-1.52,29.25
223050,Visoke,14109,Confirmed Eruption,Volcano Uncertain,,1891.0,0.0,0.0,,,,,-1.458,29.485
263060,Gede-Pangrango,15659,Confirmed Eruption,,2.0,1891.0,0.0,0.0,Historical Observations,,,,-6.77,106.965
342040,Almolonga,10632,Discredited Eruption,,,1891.0,0.0,0.0,,,,,14.797,-91.519
283230,Akita-Komagatake,18050,Confirmed Eruption,,2.0,1890.0,12.0,0.0,Historical Observations,1891.0,1.0,0.0,39.761,140.799
265090,Banda Api,16417,Confirmed Eruption,,2.0,1890.0,11.0,23.0,Historical Observations,1890.0,11.0,23.0,-4.523,129.881
341040,Colima,10453,Confirmed Eruption,,2.0,1890.0,11.0,18.0,Historical Observations,,,,19.514,-103.62
283260,Akita-Yakeyama,18082,Confirmed Eruption,,2.0,1890.0,9.0,23.0,Historical Observations,,,,39.964,140.757
273030,Mayon,16789,Confirmed Eruption,,2.0,1890.0,9.0,10.0,Historical Observations,1890.0,9.0,30.0,13.257,123.685
263320,Lamongan,16097,Confirmed Eruption,,2.0,1890.0,9.0,5.0,Historical Observations,1891.0,1.0,0.0,-7.981,113.341
323110,Mono Lake Volcanic Field,20662,Uncertain Eruption,,,1890.0,8.0,23.0,,1890.0,8.0,23.0,38.0,-119.03
283140,Nikko-Shiranesan,17863,Confirmed Eruption,Shirane-san,1.0,1890.0,8.0,22.0,Historical Observations,,,,36.799,139.376
263180,Slamet,15739,Confirmed Eruption,,2.0,1890.0,8.0,6.0,Historical Observations,1890.0,8.0,29.0,-7.242,109.208
263340,Raung,16117,Confirmed Eruption,,2.0,1890.0,7.0,0.0,Historical Observations,1890.0,9.0,15.0,-8.119,114.056
268070,Makian,16688,Confirmed Eruption,,2.0,1890.0,6.0,20.0,Historical Observations,1890.0,6.0,30.0,0.32,127.4
285090,Shiretoko-Iozan,18731,Confirmed Eruption,NW flank,1.0,1890.0,6.0,15.0,Historical Observations,,,,44.133,145.161
263310,Tengger Caldera,16040,Confirmed Eruption,Bromo,2.0,1890.0,5.0,0.0,Historical Observations,1890.0,9.0,0.0,-7.942,112.95
211060,Etna,13759,Confirmed Eruption,Central Crater,2.0,1890.0,5.0,0.0,Historical Observations,1890.0,10.0,17.0,37.748,14.999
300260,Klyuchevskoy,19428,Confirmed Eruption,,2.0,1890.0,4.0,0.0,Historical Observations,,,,56.056,160.642
300261,Ushkovsky,19392,Confirmed Eruption,,2.0,1890.0,4.0,0.0,Historical Observations,,,,56.113,160.509
343030,Izalco,10805,Confirmed Eruption,Summit and upper east flank,0.0,1890.0,3.0,26.0,Historical Observations,1890.0,4.0,20.0,13.813,-89.633
263320,Lamongan,16096,Confirmed Eruption,,2.0,1890.0,3.0,23.0,Historical Observations,1890.0,5.0,0.0,-7.981,113.341
241080,Tongariro,13560,Uncertain Eruption,SSE flank (Red Crater),1.0,1890.0,3.0,0.0,,,,,-39.157,175.632
233020,"Fournaise, Piton de la",14300,Confirmed Eruption,"Summit, Grandes Pentes",2.0,1890.0,2.0,0.0,Historical Observations,1891.0,2.0,4.0,-21.244,55.708
211040,Stromboli,13429,Confirmed Eruption,,3.0,1890.0,0.0,0.0,Historical Observations,1907.0,5.0,29.0,38.789,15.213
253030,Victory,15107,Confirmed Eruption,,2.0,1890.0,0.0,0.0,Historical Observations,1935.0,0.0,0.0,-9.2,149.07
252010,Langila,14981,Confirmed Eruption,,0.0,1890.0,0.0,0.0,Historical Observations,,,,-5.525,148.42
266030,Soputan,13460,Confirmed Eruption,,2.0,1890.0,0.0,0.0,Historical Observations,,,,1.112,124.737
334130,Southern EPR-Segment J,10359,Confirmed Eruption,,0.0,1890.0,0.0,0.0,Magnetism,,,,-18.175,-113.35
300090,Koryaksky,19041,Confirmed Eruption,Upper SW flank,1.0,1890.0,0.0,0.0,Historical Observations,,,,53.321,158.712
283190,Zaozan [Zaosan],17978,Uncertain Eruption,Okama,1.0,1890.0,0.0,0.0,,,,,38.144,140.44
343100,San Miguel,10849,Confirmed Eruption,,2.0,1890.0,0.0,0.0,Historical Observations,1891.0,0.0,0.0,13.434,-88.269
358030,Huequi,12264,Confirmed Eruption,,3.0,1890.0,0.0,0.0,Historical Observations,,,,-42.377,-72.578
357120,Villarrica,21004,Confirmed Eruption,,2.0,1890.0,,,Varve Count,,,,-39.42,-71.93
284120,Ioto,18403,Confirmed Eruption,Chidoriga-ana,1.0,1889.0,12.0,31.0,Historical Observations,,,,24.751,141.289
283110,Asamayama,17756,Confirmed Eruption,,2.0,1889.0,12.0,24.0,Historical Observations,,,,36.406,138.523
282090,Kirishimayama,13802,Confirmed Eruption,Ohachi,2.0,1889.0,12.0,10.0,Historical Observations,1889.0,12.0,18.0,31.934,130.862
283140,Nikko-Shiranesan,17862,Confirmed Eruption,Shirane-san (west flank),1.0,1889.0,12.0,4.0,Historical Observations,,,,36.799,139.376
282030,Suwanosejima,16926,Confirmed Eruption,O-take,4.0,1889.0,10.0,2.0,Historical Observations,1889.0,10.0,13.0,29.638,129.714
263320,Lamongan,16095,Confirmed Eruption,,2.0,1889.0,9.0,7.0,Historical Observations,1889.0,11.0,0.0,-7.981,113.341
267030,Banua Wuhu,16546,Confirmed Eruption,,2.0,1889.0,9.0,6.0,Historical Observations,1889.0,9.0,9.0,3.138,125.491
357040,Planchon-Peteroa,11938,Confirmed Eruption,Peteroa (SE of 1762 crater),2.0,1889.0,9.0,0.0,Historical Observations,1894.0,0.0,0.0,-35.223,-70.568
285090,Shiretoko-Iozan,18730,Confirmed Eruption,NW flank,2.0,1889.0,8.0,9.0,Historical Observations,1889.0,10.0,7.0,44.133,145.161
341040,Colima,10452,Confirmed Eruption,,4.0,1889.0,8.0,9.0,Historical Observations,1890.0,2.0,16.0,19.514,-103.62
351080,Galeras,11360,Confirmed Eruption,,2.0,1889.0,7.0,3.0,Historical Observations,,,,1.22,-77.37
263250,Merapi,15884,Confirmed Eruption,,1.0,1889.0,7.0,0.0,Historical Observations,,,,-7.54,110.446
267010,Ruang,16484,Confirmed Eruption,,1.0,1889.0,6.0,0.0,Historical Observations,,,,2.3,125.37
233020,"Fournaise, Piton de la",14299,Confirmed Eruption,Grandes Pentes and summit,2.0,1889.0,6.0,0.0,Historical Observations,1889.0,8.0,11.0,-21.244,55.708
263060,Gede-Pangrango,15658,Uncertain Eruption,,1.0,1889.0,5.0,8.0,,,,,-6.77,106.965
241100,Ruapehu,14613,Confirmed Eruption,,2.0,1889.0,5.0,1.0,Historical Observations,,,,-39.28,175.57
357110,Llaima,12038,Confirmed Eruption,,2.0,1889.0,4.0,20.0,Historical Observations,1889.0,7.0,0.0,-38.692,-71.729
261140,Marapi,15438,Confirmed Eruption,,2.0,1889.0,3.0,27.0,Historical Observations,1889.0,4.0,17.0,-0.38,100.474
345060,Irazu,11215,Discredited Eruption,,,1889.0,2.0,28.0,,,,,9.979,-83.852
261150,Tandikat-Singgalang,15480,Confirmed Eruption,Tandikat summit crater and upper NE flank,1.0,1889.0,2.0,19.0,Historical Observations,1889.0,12.0,4.0,-0.39,100.331
263300,Semeru,15994,Confirmed Eruption,,2.0,1889.0,1.0,0.0,Historical Observations,1891.0,5.0,31.0,-8.108,112.922
264180,Lewotobi,16286,Confirmed Eruption,Lewotobi Lakilaki,2.0,1889.0,0.0,0.0,Historical Observations,,,,-8.542,122.775
273010,Bulusan,16757,Confirmed Eruption,,,1889.0,0.0,0.0,Historical Observations,,,,12.769,124.056
285050,Tokachidake,18646,Confirmed Eruption,Maru-yama (Yunuma),2.0,1889.0,0.0,0.0,Historical Observations,,,,43.418,142.686
357020,San Jose,11917,Confirmed Eruption,,2.0,1889.0,0.0,0.0,Historical Observations,1890.0,0.0,0.0,-33.789,-69.895
357010,Tupungatito,11892,Confirmed Eruption,,2.0,1889.0,0.0,0.0,Historical Observations,1890.0,0.0,0.0,-33.425,-69.797
273030,Mayon,16788,Confirmed Eruption,,1.0,1888.0,12.0,15.0,Historical Observations,,,,13.257,123.685
264110,Iya,15523,Uncertain Eruption,,,1888.0,12.0,0.0,,,,,-8.891,121.641
212050,Nisyros,13896,Confirmed Eruption,Polyvotis Micros,2.0,1888.0,9.0,25.0,Historical Observations,,,,36.586,27.16
263320,Lamongan,16094,Confirmed Eruption,,2.0,1888.0,9.0,0.0,Historical Observations,1888.0,10.0,6.0,-7.981,113.341
263250,Merapi,15883,Confirmed Eruption,,2.0,1888.0,8.0,18.0,Historical Observations,1888.0,12.0,20.0,-7.54,110.446
211050,Vulcano,13481,Confirmed Eruption,Fossa,3.0,1888.0,8.0,2.0,Historical Observations,1890.0,3.0,22.0,38.404,14.962
283160,Bandaisan,17900,Confirmed Eruption,Kobandai,4.0,1888.0,7.0,15.0,Historical Observations,1888.0,7.0,15.0,37.601,140.072
264010,Batur,16184,Confirmed Eruption,SE flank of Batur I,2.0,1888.0,5.0,30.0,Historical Observations,1888.0,5.0,31.0,-8.242,115.375
285020,Hokkaido-Komagatake,18568,Confirmed Eruption,NW side of 1856 (Ansei) crater,2.0,1888.0,4.0,14.0,Historical Observations,,,,42.063,140.677
211060,Etna,13758,Confirmed Eruption,Central Crater,2.0,1888.0,4.0,13.0,Historical Observations,1889.0,8.0,0.0,37.748,14.999
353010,Fernandina,11659,Confirmed Eruption,,1.0,1888.0,4.0,10.0,Historical Observations,,,,-0.37,-91.55
251070,Ritter Island,14972,Confirmed Eruption,,2.0,1888.0,3.0,13.0,Historical Observations,1888.0,3.0,13.0,-5.519,148.115
263310,Tengger Caldera,16039,Uncertain Eruption,Bromo,2.0,1888.0,2.0,27.0,,,,,-7.942,112.95
257040,Ambrym,15247,Confirmed Eruption,"SE flank (6 km from SE Point), Marum",2.0,1888.0,2.0,24.0,Historical Observations,1888.0,4.0,0.0,-16.25,168.12
282090,Kirishimayama,17076,Confirmed Eruption,Ohachi,2.0,1888.0,2.0,21.0,Historical Observations,1888.0,5.0,9.0,31.934,130.862
261140,Marapi,15437,Confirmed Eruption,,2.0,1888.0,2.0,19.0,Historical Observations,1888.0,3.0,19.0,-0.38,100.474
261120,Sorikmarapi,15409,Uncertain Eruption,,,1888.0,2.0,0.0,,,,,0.686,99.539
263300,Semeru,15993,Confirmed Eruption,,2.0,1888.0,2.0,0.0,Historical Observations,1888.0,10.0,0.0,-8.108,112.922
345040,Poas,11151,Confirmed Eruption,,1.0,1888.0,1.0,0.0,Historical Observations,1891.0,0.0,0.0,10.2,-84.233
264160,Egon,16273,Uncertain Eruption,,2.0,1888.0,0.0,0.0,,1892.0,0.0,0.0,-8.676,122.455
264100,Ebulobo,16158,Confirmed Eruption,,2.0,1888.0,0.0,0.0,Historical Observations,,,,-8.817,121.191
264220,Iliboleng,16310,Confirmed Eruption,,2.0,1888.0,0.0,0.0,Historical Observations,,,,-8.342,123.258
263060,Gede-Pangrango,15657,Confirmed Eruption,,2.0,1888.0,0.0,0.0,Historical Observations,,,,-6.77,106.965
251010,Bam,14873,Uncertain Eruption,,,1888.0,0.0,0.0,,,,,-3.613,144.818
222020,South Island,13960,Confirmed Eruption,,1.0,1888.0,0.0,0.0,Historical Observations,,,,2.63,36.6
222030,"Barrier, The",13966,Confirmed Eruption,North flank (Teleki's Cone),0.0,1888.0,0.0,0.0,Historical Observations,,,,2.32,36.57
242021,Macauley,14683,Uncertain Eruption,22 km NNE of Macauley Island,0.0,1887.0,12.0,1.0,,,,,-30.21,-178.475
284180,Alamagan,18528,Uncertain Eruption,,,1887.0,11.0,29.0,,,,,17.6,145.83
263210,Sundoro,15800,Confirmed Eruption,,2.0,1887.0,11.0,13.0,Historical Observations,1887.0,11.0,14.0,-7.3,109.992
263320,Lamongan,16093,Confirmed Eruption,,2.0,1887.0,11.0,0.0,Historical Observations,1888.0,2.0,27.0,-7.981,113.341
263060,Gede-Pangrango,15656,Confirmed Eruption,,2.0,1887.0,10.0,22.0,Historical Observations,1887.0,10.0,22.0,-6.77,106.965
261251,Ranau,15576,Uncertain Eruption,,,1887.0,10.0,7.0,,1888.0,1.0,20.0,-4.871,103.925
285040,Shikotsu,18620,Confirmed Eruption,Tarumai,2.0,1887.0,9.0,3.0,Historical Observations,1887.0,10.0,8.0,42.688,141.38
373012,Thordarhyrna,12820,Confirmed Eruption,Thordarhyrna,2.0,1887.0,8.0,15.0,Historical Observations,1889.0,0.0,0.0,64.267,-17.617
263300,Semeru,15992,Confirmed Eruption,,2.0,1887.0,8.0,0.0,Historical Observations,1887.0,10.0,11.0,-8.108,112.922
263320,Lamongan,16092,Confirmed Eruption,,2.0,1887.0,7.0,3.0,Historical Observations,1887.0,7.0,9.0,-7.981,113.341
357100,Lonquimay,12013,Confirmed Eruption,NE flank,3.0,1887.0,6.0,2.0,Historical Observations,1890.0,1.0,0.0,-38.379,-71.586
251020,Manam,14899,Confirmed Eruption,,2.0,1887.0,6.0,0.0,Historical Observations,1895.0,0.0,0.0,-4.08,145.037
285050,Tokachidake,18645,Confirmed Eruption,Lower part of Maru-yama?,2.0,1887.0,6.0,0.0,Historical Observations,,,,43.418,142.686
211060,Etna,13757,Confirmed Eruption,Central Crater,1.0,1887.0,5.0,31.0,Historical Observations,1887.0,8.0,0.0,37.748,14.999
267020,Karangetang,16500,Confirmed Eruption,,2.0,1887.0,5.0,27.0,Historical Observations,1887.0,5.0,27.0,2.781,125.407
282090,Kirishimayama,17143,Confirmed Eruption,Ohachi,2.0,1887.0,5.0,0.0,Historical Observations,,,,31.934,130.862
261170,Kerinci,15504,Confirmed Eruption,,2.0,1887.0,3.0,23.0,Historical Observations,1887.0,3.0,30.0,-1.697,101.264
251070,Ritter Island,14971,Confirmed Eruption,Volcano Uncertain: Probably Ritter or Langila,2.0,1887.0,2.0,2.0,,1887.0,2.0,5.0,-5.519,148.115
263300,Semeru,15991,Confirmed Eruption,,2.0,1887.0,2.0,0.0,Historical Observations,1887.0,3.0,0.0,-8.108,112.922
332020,Mauna Loa,10209,Confirmed Eruption,SW rift zone (1740 m) and Mokuaweoweo,0.0,1887.0,1.0,16.0,Historical Observations,1887.0,1.0,28.0,19.475,-155.608
357110,Llaima,12037,Confirmed Eruption,,2.0,1887.0,1.0,16.0,Historical Observations,1887.0,6.0,24.0,-38.692,-71.729
343030,Izalco,10804,Confirmed Eruption,,2.0,1887.0,0.0,0.0,Historical Observations,1889.0,0.0,0.0,13.813,-89.633
341040,Colima,10451,Confirmed Eruption,,0.0,1887.0,0.0,0.0,Historical Observations,,,,19.514,-103.62
311320,Akutan,20008,Confirmed Eruption,,0.0,1887.0,0.0,0.0,Historical Observations,,,,54.134,-165.986
283260,Akita-Yakeyama,18081,Confirmed Eruption,Karenuma,2.0,1887.0,0.0,0.0,Historical Observations,,,,39.964,140.757
263130,Guntur,15715,Uncertain Eruption,,,1887.0,0.0,0.0,,,,,-7.143,107.84
243110,Niuafo'ou,14790,Confirmed Eruption,,2.0,1887.0,0.0,0.0,Historical Observations,,,,-15.6,-175.63
271070,Musuan,16715,Uncertain Eruption,,1.0,1886.0,12.0,31.0,Historical Observations,,,,7.877,125.068
263310,Tengger Caldera,16038,Confirmed Eruption,Bromo,2.0,1886.0,11.0,11.0,Historical Observations,1887.0,1.0,25.0,-7.942,112.95
241040,Whakaari/White Island,14466,Confirmed Eruption,,2.0,1886.0,9.0,16.0,Historical Observations,1886.0,12.0,0.0,-37.52,177.18
243110,Niuafo'ou,14789,Confirmed Eruption,NE side of caldera,4.0,1886.0,8.0,31.0,Historical Observations,1886.0,9.0,18.0,-15.6,-175.63
273030,Mayon,16787,Confirmed Eruption,,3.0,1886.0,7.0,8.0,Historical Observations,1887.0,3.0,10.0,13.257,123.685
257040,Ambrym,15246,Confirmed Eruption,,2.0,1886.0,7.0,0.0,Historical Observations,,,,-16.25,168.12
241040,Whakaari/White Island,14465,Uncertain Eruption,,2.0,1886.0,6.0,10.0,,1886.0,6.0,15.0,-37.52,177.18
241050,Okataina,14506,Confirmed Eruption,Tarawera (Wahanga-Waimangu fissure),5.0,1886.0,6.0,10.0,Historical Observations,1886.0,8.0,0.0,-38.12,176.5
263060,Gede-Pangrango,15655,Confirmed Eruption,,2.0,1886.0,6.0,10.0,Historical Observations,1886.0,8.0,16.0,-6.77,106.965
241080,Tongariro,13559,Confirmed Eruption,NE flank (upper Te Mari Crater),2.0,1886.0,6.0,0.0,Historical Observations,,,,-39.157,175.632
344090,Momotombo,11000,Confirmed Eruption,,2.0,1886.0,5.0,19.0,Historical Observations,1887.0,0.0,0.0,12.423,-86.539
211060,Etna,13756,Confirmed Eruption,"S flank (1525-1320 m), Mt. Gemmellaro",3.0,1886.0,5.0,18.0,Historical Observations,1886.0,6.0,7.0,37.748,14.999
267020,Karangetang,16499,Confirmed Eruption,Crater III,2.0,1886.0,4.0,25.0,Historical Observations,1886.0,6.0,19.0,2.781,125.407
263310,Tengger Caldera,16037,Confirmed Eruption,Bromo,2.0,1886.0,4.0,15.0,Historical Observations,1886.0,4.0,26.0,-7.942,112.95
285040,Shikotsu,18619,Confirmed Eruption,Tarumai,2.0,1886.0,4.0,13.0,Historical Observations,1886.0,4.0,28.0,42.688,141.38
261140,Marapi,15436,Confirmed Eruption,,2.0,1886.0,3.0,31.0,Historical Observations,1886.0,5.0,3.0,-0.38,100.474
242030,Raoul Island,14699,Confirmed Eruption,NNE flank (7.5 km from Raoul Island),0.0,1886.0,3.0,0.0,Historical Observations,,,,-29.27,-177.92
263300,Semeru,15990,Confirmed Eruption,,2.0,1886.0,1.0,25.0,Historical Observations,1886.0,8.0,26.0,-8.108,112.922
352080,Tungurahua,11638,Confirmed Eruption,,4.0,1886.0,1.0,11.0,Historical Observations,1888.0,0.0,0.0,-1.467,-78.442
211050,Vulcano,13480,Confirmed Eruption,Fossa,3.0,1886.0,1.0,5.0,Historical Observations,,,,38.404,14.962
352050,Cotopaxi,11584,Confirmed Eruption,,2.0,1886.0,1.0,0.0,Historical Observations,,,,-0.677,-78.436
345060,Irazu,14072,Confirmed Eruption,,2.0,1886.0,0.0,0.0,Historical Observations,,,,9.979,-83.852
222160,Meru,14033,Confirmed Eruption,Dome NW of Ash Cone,0.0,1886.0,0.0,0.0,Historical Observations,,,,-3.25,36.75
243070,Lateiki,14762,Confirmed Eruption,,2.0,1886.0,0.0,0.0,Historical Observations,,,,-19.18,-174.87
256010,Tinakula,15195,Confirmed Eruption,,,1886.0,0.0,0.0,Historical Observations,,,,-10.386,165.804
252110,Bamus,15035,Confirmed Eruption,,3.0,1886.0,0.0,0.0,Historical Observations,,,,-5.2,151.23
273010,Bulusan,16756,Confirmed Eruption,,2.0,1886.0,0.0,0.0,Historical Observations,,,,12.769,124.056
312030,Pavlof,20121,Confirmed Eruption,,2.0,1886.0,0.0,0.0,Historical Observations,,,,55.417,-161.894
341040,Colima,10450,Confirmed Eruption,,3.0,1885.0,12.0,26.0,Historical Observations,1886.0,10.0,0.0,19.514,-103.62
342110,Pacaya,10759,Confirmed Eruption,,2.0,1885.0,12.0,0.0,Historical Observations,,,,14.382,-90.601
263260,Lawu,15909,Confirmed Eruption,,1.0,1885.0,11.0,28.0,Historical Observations,1885.0,11.0,28.0,-7.625,111.192
273030,Mayon,16786,Confirmed Eruption,,2.0,1885.0,11.0,21.0,Historical Observations,1885.0,12.0,2.0,13.257,123.685
261140,Marapi,15435,Confirmed Eruption,,2.0,1885.0,11.0,12.0,Historical Observations,,,,-0.38,100.474
263310,Tengger Caldera,16036,Confirmed Eruption,Bromo,2.0,1885.0,10.0,31.0,Historical Observations,1886.0,1.0,10.0,-7.942,112.95
243050,Fonuafo'ou,14737,Confirmed Eruption,,3.0,1885.0,10.0,12.0,Historical Observations,1886.0,0.0,0.0,-20.32,-175.42
243060,Tofua,14747,Confirmed Eruption,,2.0,1885.0,10.0,0.0,Historical Observations,,,,-19.75,-175.07
241040,Whakaari/White Island,14464,Confirmed Eruption,West end of crater,2.0,1885.0,10.0,0.0,Historical Observations,,,,-37.52,177.18
344090,Momotombo,10999,Uncertain Eruption,,1.0,1885.0,10.0,0.0,,,,,12.423,-86.539
264220,Iliboleng,16309,Confirmed Eruption,,2.0,1885.0,9.0,0.0,Historical Observations,1885.0,10.0,0.0,-8.342,123.258
267040,Awu,16560,Confirmed Eruption,,2.0,1885.0,8.0,18.0,Historical Observations,,,,3.689,125.447
352050,Cotopaxi,11583,Confirmed Eruption,,2.0,1885.0,7.0,23.0,Historical Observations,,,,-0.677,-78.436
263340,Raung,16116,Confirmed Eruption,,2.0,1885.0,6.0,21.0,Historical Observations,1885.0,6.0,22.0,-8.119,114.056
263310,Tengger Caldera,16035,Confirmed Eruption,Bromo,2.0,1885.0,6.0,0.0,Historical Observations,,,,-7.942,112.95
351060,Purace,11326,Confirmed Eruption,,3.0,1885.0,5.0,25.0,Historical Observations,,,,2.32,-76.4
251010,Bam,14872,Uncertain Eruption,,,1885.0,5.0,20.0,,,,,-3.613,144.818
251020,Manam,14898,Confirmed Eruption,,,1885.0,5.0,0.0,Historical Observations,,,,-4.08,145.037
263180,Slamet,15738,Confirmed Eruption,,2.0,1885.0,3.0,21.0,Historical Observations,1885.0,3.0,30.0,-7.242,109.208
263320,Lamongan,16091,Confirmed Eruption,,2.0,1885.0,3.0,11.0,Historical Observations,1886.0,10.0,15.0,-7.981,113.341
263250,Merapi,15882,Confirmed Eruption,,1.0,1885.0,2.0,24.0,Historical Observations,1887.0,0.0,0.0,-7.54,110.446
263130,Guntur,15714,Uncertain Eruption,,,1885.0,1.0,18.0,,,,,-7.143,107.84
251070,Ritter Island,14970,Uncertain Eruption,,,1885.0,1.0,13.0,,,,,-5.519,148.115
285040,Shikotsu,18618,Confirmed Eruption,Tarumai,2.0,1885.0,1.0,4.0,Historical Observations,1885.0,3.0,26.0,42.688,141.38
241040,Whakaari/White Island,14463,Uncertain Eruption,,2.0,1885.0,1.0,0.0,,,,,-37.52,177.18
263060,Gede-Pangrango,15654,Uncertain Eruption,,2.0,1885.0,1.0,0.0,,1885.0,2.0,0.0,-6.77,106.965
282030,Suwanosejima,16925,Confirmed Eruption,O-take,2.0,1885.0,1.0,0.0,Historical Observations,1885.0,5.0,0.0,29.638,129.714
352080,Tungurahua,11637,Confirmed Eruption,,2.0,1885.0,1.0,0.0,Historical Observations,1885.0,10.0,16.0,-1.467,-78.442
345060,Irazu,11079,Confirmed Eruption,,2.0,1885.0,0.0,0.0,Historical Observations,,,,9.979,-83.852
343030,Izalco,10803,Confirmed Eruption,,2.0,1885.0,0.0,0.0,Historical Observations,,,,13.813,-89.633
355030,Isluga,14102,Confirmed Eruption,,1.0,1885.0,0.0,0.0,Historical Observations,,,,-19.15,-68.83
273070,Taal,16849,Uncertain Eruption,,,1885.0,0.0,0.0,,,,,14.002,120.993
268040,Gamkonora,16585,Confirmed Eruption,,2.0,1885.0,0.0,0.0,Historical Observations,,,,1.38,127.53
241080,Tongariro,13558,Confirmed Eruption,SSE flank (Red Crater),1.0,1885.0,0.0,0.0,Historical Observations,1887.0,0.0,0.0,-39.157,175.632
251030,Karkar,14943,Confirmed Eruption,,2.0,1885.0,0.0,0.0,Historical Observations,,,,-4.649,145.964
263300,Semeru,15989,Confirmed Eruption,,2.0,1884.0,12.0,10.0,Historical Observations,1885.0,9.0,0.0,-8.108,112.922
268060,Gamalama,16653,Uncertain Eruption,,1.0,1884.0,12.0,8.0,,1884.0,12.0,9.0,0.8,127.33
315020,Wrangell,20410,Uncertain Eruption,,2.0,1884.0,10.0,26.0,,1885.0,2.0,4.0,62.006,-144.017
264030,Rinjani,16212,Confirmed Eruption,Gunung Barujari,2.0,1884.0,8.0,8.0,Historical Observations,1884.0,8.0,10.0,-8.42,116.47
371022,Eldey,12508,Uncertain Eruption,Reykjaneshryggur (NW of Eldey),2.0,1884.0,7.0,26.0,,,,,63.733,-23.0
290210,Ushishur,18800,Confirmed Eruption,SE caldera wall,1.0,1884.0,7.0,0.0,Historical Observations,,,,47.52,152.8
261230,Dempo,15556,Confirmed Eruption,,2.0,1884.0,6.0,0.0,Historical Observations,1884.0,7.0,0.0,-4.016,103.121
268060,Gamalama,16652,Confirmed Eruption,,2.0,1884.0,5.0,0.0,Historical Observations,1884.0,5.0,0.0,0.8,127.33
272020,Kanlaon,16724,Uncertain Eruption,,2.0,1884.0,5.0,0.0,,1884.0,6.0,0.0,10.412,123.132
282110,Asosan,17288,Confirmed Eruption,Naka-dake,2.0,1884.0,3.0,21.0,Historical Observations,1884.0,6.0,0.0,32.884,131.104
343030,Izalco,10802,Confirmed Eruption,,2.0,1884.0,3.0,9.0,Historical Observations,1884.0,3.0,10.0,13.813,-89.633
343020,Santa Ana,10410,Confirmed Eruption,,2.0,1884.0,3.0,9.0,Historical Observations,1884.0,3.0,10.0,13.853,-89.63
233020,"Fournaise, Piton de la",14298,Confirmed Eruption,,0.0,1884.0,2.0,4.0,Historical Observations,1884.0,2.0,5.0,-21.244,55.708
343100,San Miguel,10848,Confirmed Eruption,NE side of main crater,2.0,1884.0,1.0,25.0,Historical Observations,1884.0,1.0,28.0,13.434,-88.269
332010,Kilauea,10067,Confirmed Eruption,East rift zone (-20? m),0.0,1884.0,1.0,22.0,Historical Observations,1884.0,1.0,22.0,19.421,-155.287
263320,Lamongan,16090,Confirmed Eruption,,2.0,1884.0,1.0,6.0,Historical Observations,1884.0,6.0,23.0,-7.981,113.341
282030,Suwanosejima,16924,Confirmed Eruption,Northeastern summit crater (O-take),1.0,1884.0,0.0,0.0,Historical Observations,,,,29.638,129.714
223030,Nyiragongo,14086,Confirmed Eruption,Southern pit,1.0,1884.0,0.0,0.0,Historical Observations,,,,-1.52,29.25
211060,Etna,13755,Confirmed Eruption,Central Crater,1.0,1884.0,0.0,0.0,Historical Observations,1886.0,4.0,0.0,37.748,14.999
252010,Langila,14980,Confirmed Eruption,,2.0,1884.0,0.0,0.0,Historical Observations,,,,-5.525,148.42
257040,Ambrym,15245,Confirmed Eruption,Marum and/or Benbow,2.0,1884.0,0.0,0.0,Historical Observations,,,,-16.25,168.12
251020,Manam,14897,Uncertain Eruption,,,1884.0,0.0,0.0,,,,,-4.08,145.037
251010,Bam,14871,Discredited Eruption,,,1884.0,0.0,0.0,,,,,-3.613,144.818
321010,Baker,20466,Uncertain Eruption,Sherman Crater,,1884.0,0.0,0.0,,,,,48.777,-121.813
290260,Chirinkotan,18825,Confirmed Eruption,North foot of inner summit cone,0.0,1884.0,0.0,0.0,Historical Observations,,,,48.98,153.48
344120,Concepcion,11048,Confirmed Eruption,,2.0,1884.0,0.0,0.0,Historical Observations,1886.0,0.0,0.0,11.538,-85.622
255020,Bagana,15116,Confirmed Eruption,,3.0,1883.0,12.0,31.0,Historical Observations,,,,-6.137,155.196
263200,Dieng Volcanic Complex,15776,Confirmed Eruption,Sikidang,1.0,1883.0,12.0,26.0,Historical Observations,1884.0,3.0,18.0,-7.2,109.879
261140,Marapi,15434,Confirmed Eruption,,1.0,1883.0,12.0,0.0,Historical Observations,1883.0,12.0,0.0,-0.38,100.474
352050,Cotopaxi,11582,Confirmed Eruption,,2.0,1883.0,12.0,0.0,Historical Observations,,,,-0.677,-78.436
285040,Shikotsu,18617,Confirmed Eruption,Tarumai,2.0,1883.0,10.0,7.0,Historical Observations,1883.0,11.0,5.0,42.688,141.38
313010,Augustine,20266,Confirmed Eruption,,4.0,1883.0,10.0,6.0,Historical Observations,1884.0,0.0,0.0,59.363,-153.43
311300,Bogoslof,19855,Confirmed Eruption,New Bogoslof (Grewingk),3.0,1883.0,9.0,27.0,Historical Observations,1895.0,0.0,0.0,53.93,-168.03
343030,Izalco,10801,Confirmed Eruption,,2.0,1883.0,9.0,5.0,Historical Observations,1883.0,11.0,13.0,13.813,-89.633
267040,Awu,16559,Confirmed Eruption,,2.0,1883.0,8.0,25.0,Historical Observations,1883.0,8.0,26.0,3.689,125.447
267020,Karangetang,16498,Confirmed Eruption,Crater II?,2.0,1883.0,8.0,25.0,Historical Observations,1883.0,8.0,26.0,2.781,125.407
263210,Sundoro,15799,Confirmed Eruption,,2.0,1883.0,8.0,0.0,Historical Observations,,,,-7.3,109.992
352050,Cotopaxi,11581,Confirmed Eruption,,2.0,1883.0,8.0,0.0,Historical Observations,,,,-0.677,-78.436
272020,Kanlaon,16723,Uncertain Eruption,,2.0,1883.0,7.0,0.0,,,,,10.412,123.132
300260,Klyuchevskoy,19427,Confirmed Eruption,,2.0,1883.0,7.0,0.0,Historical Observations,1883.0,8.0,0.0,56.056,160.642
261140,Marapi,15433,Confirmed Eruption,,1.0,1883.0,6.0,25.0,Historical Observations,1883.0,8.0,27.0,-0.38,100.474
262000,Krakatau,15589,Confirmed Eruption,"Krakatau Island (Perbuwatan, Danan)",6.0,1883.0,5.0,20.0,Historical Observations,1883.0,10.0,21.0,-6.102,105.423
290100,Moyorodake [Medvezhia],18762,Confirmed Eruption,Kudriavy,2.0,1883.0,5.0,0.0,Historical Observations,1883.0,6.0,0.0,45.389,148.838
241080,Tongariro,13557,Confirmed Eruption,Ngauruhoe (south sub-crater),2.0,1883.0,4.0,25.0,Historical Observations,,,,-39.157,175.632
290161,Milna,18790,Confirmed Eruption,Goriaschaia Sopka,1.0,1883.0,4.0,15.0,Historical Observations,,,,46.815,151.786
263320,Lamongan,16089,Confirmed Eruption,,2.0,1883.0,4.0,13.0,Historical Observations,1883.0,5.0,4.0,-7.981,113.341
344120,Concepcion,11047,Confirmed Eruption,,2.0,1883.0,4.0,5.0,Historical Observations,1883.0,6.0,30.0,11.538,-85.622
250010,St. Andrew Strait,14857,Confirmed Eruption,Tuluman,2.0,1883.0,3.0,28.0,Historical Observations,,,,-2.38,147.35
211060,Etna,13754,Confirmed Eruption,"South flank (1200-950 m, Mt. Leone)",2.0,1883.0,3.0,22.0,Historical Observations,1883.0,3.0,24.0,37.748,14.999
233010,Karthala,14193,Confirmed Eruption,SE flank,2.0,1883.0,3.0,0.0,Historical Observations,1884.0,0.0,0.0,-11.75,43.38
251010,Bam,14870,Uncertain Eruption,,,1883.0,3.0,0.0,,,,,-3.613,144.818
357070,"Chillan, Nevados de",11975,Uncertain Eruption,Volcán Viejo (Volcán las Aguilas?),2.0,1883.0,1.0,21.0,,,,,-36.868,-71.378
373010,Grimsvotn,12819,Confirmed Eruption,,2.0,1883.0,1.0,15.0,Historical Observations,1883.0,4.0,15.0,64.416,-17.316
345060,Irazu,11214,Discredited Eruption,,,1883.0,1.0,3.0,,,,,9.979,-83.852
263250,Merapi,15881,Confirmed Eruption,East dome,1.0,1883.0,1.0,0.0,Historical Observations,1884.0,11.0,0.0,-7.54,110.446
275001,Hainan Volcanic Field,16894,Confirmed Eruption,Lingao,,1883.0,0.0,0.0,Historical Observations,,,,19.905,110.229
257040,Ambrym,15244,Confirmed Eruption,Marum,2.0,1883.0,0.0,0.0,Historical Observations,,,,-16.25,168.12
257050,Lopevi,15301,Confirmed Eruption,,,1883.0,0.0,0.0,Historical Observations,1884.0,0.0,0.0,-16.507,168.346
221010,"Tair, Jebel at",13922,Confirmed Eruption,,2.0,1883.0,0.0,0.0,Historical Observations,,,,15.55,41.83
290300,Kharimkotan,17619,Confirmed Eruption,Severgin,3.0,1883.0,0.0,0.0,Historical Observations,,,,49.12,154.508
284190,Guguan,18531,Confirmed Eruption,,2.0,1883.0,0.0,0.0,Historical Observations,,,,17.307,145.845
311310,Makushin,19981,Confirmed Eruption,,2.0,1883.0,0.0,0.0,Historical Observations,,,,53.891,-166.923
311320,Akutan,20007,Confirmed Eruption,,2.0,1883.0,0.0,0.0,Historical Observations,,,,54.134,-165.986
311360,Shishaldin,20067,Confirmed Eruption,,2.0,1883.0,0.0,0.0,Historical Observations,,,,54.756,-163.97
357110,Llaima,12036,Confirmed Eruption,,2.0,1883.0,0.0,0.0,Historical Observations,,,,-38.692,-71.729
357120,Villarrica,12135,Confirmed Eruption,,2.0,1883.0,0.0,0.0,Historical Observations,,,,-39.42,-71.93
355100,Lascar,11852,Confirmed Eruption,,2.0,1883.0,0.0,0.0,Historical Observations,1885.0,0.0,0.0,-23.37,-67.73
343100,San Miguel,10847,Confirmed Eruption,,2.0,1882.0,12.0,5.0,Historical Observations,,,,13.434,-88.269
344090,Momotombo,10998,Confirmed Eruption,,2.0,1882.0,9.0,9.0,Historical Observations,,,,12.423,-86.539
300260,Klyuchevskoy,19426,Confirmed Eruption,,2.0,1882.0,9.0,0.0,Historical Observations,,,,56.056,160.642
283120,Kusatsu-Shiranesan,17824,Confirmed Eruption,"Yu-gama, NE end of Kara-gama",2.0,1882.0,8.0,6.0,Historical Observations,1882.0,8.0,16.0,36.618,138.528
343030,Izalco,10800,Confirmed Eruption,,2.0,1882.0,7.0,12.0,Historical Observations,,,,13.813,-89.633
263210,Sundoro,15798,Confirmed Eruption,"Summit, NW and NE flanks",2.0,1882.0,4.0,1.0,Historical Observations,1882.0,4.0,7.0,-7.3,109.992
352050,Cotopaxi,11580,Confirmed Eruption,,2.0,1882.0,1.0,0.0,Historical Observations,1882.0,3.0,0.0,-0.677,-78.436
343020,Santa Ana,10767,Uncertain Eruption,,,1882.0,0.0,0.0,,,,,13.853,-89.63
345060,Irazu,11213,Uncertain Eruption,,2.0,1882.0,0.0,0.0,,,,,9.979,-83.852
264110,Iya,13715,Confirmed Eruption,,2.0,1882.0,0.0,0.0,Historical Observations,,,,-8.891,121.641
271040,Makaturing,16705,Confirmed Eruption,,,1882.0,0.0,0.0,Historical Observations,,,,7.644,124.317
223020,Nyamuragira,14040,Confirmed Eruption,North flank,,1882.0,0.0,0.0,Historical Observations,,,,-1.408,29.2
222120,"Lengai, Ol Doinyo",14003,Confirmed Eruption,North Crater,2.0,1882.0,0.0,0.0,Historical Observations,1883.0,0.0,0.0,-2.764,35.914
233020,"Fournaise, Piton de la",14297,Uncertain Eruption,,0.0,1882.0,0.0,0.0,,,,,-21.244,55.708
300120,Zhupanovsky,19132,Confirmed Eruption,,2.0,1882.0,0.0,0.0,Historical Observations,,,,53.589,159.15
321030,Rainier,20501,Uncertain Eruption,,2.0,1882.0,0.0,0.0,,,,,46.853,-121.76
341040,Colima,10449,Confirmed Eruption,,1.0,1882.0,0.0,0.0,Historical Observations,1884.0,0.0,0.0,19.514,-103.62
261230,Dempo,15555,Confirmed Eruption,,2.0,1881.0,12.0,0.0,Historical Observations,1881.0,12.0,0.0,-4.016,103.121
290161,Milna,18789,Confirmed Eruption,Goriaschaia Sopka,2.0,1881.0,9.0,0.0,Historical Observations,,,,46.815,151.786
273030,Mayon,16785,Confirmed Eruption,Summit and south and SW flanks,3.0,1881.0,7.0,6.0,Historical Observations,1882.0,8.0,0.0,13.257,123.685
241080,Tongariro,13556,Confirmed Eruption,Ngauruhoe,2.0,1881.0,7.0,6.0,Historical Observations,,,,-39.157,175.632
283150,Nasudake,17882,Confirmed Eruption,Chausu-dake (west and NW side of summit),1.0,1881.0,7.0,1.0,Historical Observations,,,,37.125,139.963
234010,Heard,14400,Uncertain Eruption,,2.0,1881.0,6.0,2.0,,,,,-53.106,73.513
264200,Leroboleng,16307,Confirmed Eruption,Burak (Kawah XXVII),2.0,1881.0,3.0,16.0,Historical Observations,,,,-8.365,122.833
352020,Guagua Pichincha,11490,Confirmed Eruption,,2.0,1881.0,3.0,10.0,Historical Observations,,,,-0.171,-78.598
261230,Dempo,15554,Confirmed Eruption,,2.0,1881.0,2.0,16.0,Historical Observations,,,,-4.016,103.121
343030,Izalco,10799,Confirmed Eruption,,0.0,1881.0,1.0,1.0,Historical Observations,,,,13.813,-89.633
351060,Purace,11325,Confirmed Eruption,,2.0,1881.0,0.0,0.0,Historical Observations,,,,2.32,-76.4
357010,Tupungatito,11891,Uncertain Eruption,,,1881.0,0.0,0.0,,,,,-33.425,-69.797
357020,San Jose,11916,Confirmed Eruption,,2.0,1881.0,0.0,0.0,Historical Observations,,,,-33.789,-69.895
357021,Maipo,11909,Uncertain Eruption,,,1881.0,0.0,0.0,,,,,-34.164,-69.832
263340,Raung,16115,Confirmed Eruption,,,1881.0,0.0,0.0,Historical Observations,,,,-8.119,114.056
257090,Traitor's Head,15351,Confirmed Eruption,NE flank submarine vent,0.0,1881.0,0.0,0.0,Historical Observations,,,,-18.754,169.238
261070,Singkut,15402,Confirmed Eruption,,,1881.0,0.0,0.0,Historical Observations,,,,3.248,98.501
261080,Sinabung,15403,Uncertain Eruption,,,1881.0,0.0,0.0,,,,,3.17,98.392
300100,Avachinsky,19094,Confirmed Eruption,,2.0,1881.0,0.0,0.0,Historical Observations,,,,53.256,158.836
341040,Colima,10448,Confirmed Eruption,,2.0,1880.0,12.0,1.0,Historical Observations,1881.0,4.0,12.0,19.514,-103.62
222120,"Lengai, Ol Doinyo",14002,Confirmed Eruption,North Crater,2.0,1880.0,12.0,0.0,Historical Observations,,,,-2.764,35.914
285090,Shiretoko-Iozan,18729,Uncertain Eruption,,,1880.0,11.0,24.0,,1880.0,11.0,26.0,44.133,145.161
332020,Mauna Loa,10208,Confirmed Eruption,NE rift zone (3170 m),1.0,1880.0,11.0,5.0,Historical Observations,1881.0,8.0,10.0,19.475,-155.608
321010,Baker,20465,Confirmed Eruption,Sherman Crater,2.0,1880.0,9.0,7.0,Historical Observations,1880.0,11.0,27.0,48.777,-121.813
282090,Kirishimayama,17142,Confirmed Eruption,Ohachi,2.0,1880.0,9.0,0.0,Historical Observations,,,,31.934,130.862
290211,Srednii,18796,Uncertain Eruption,,0.0,1880.0,7.0,12.0,,1880.0,7.0,12.0,47.6,152.92
342090,Fuego,10714,Confirmed Eruption,,4.0,1880.0,6.0,28.0,Historical Observations,1880.0,8.0,20.0,14.473,-90.88
332020,Mauna Loa,10207,Confirmed Eruption,Mokuaweoweo,1.0,1880.0,5.0,1.0,Historical Observations,1880.0,5.0,6.0,19.475,-155.608
261230,Dempo,15553,Confirmed Eruption,,2.0,1880.0,5.0,0.0,Historical Observations,,,,-4.016,103.121
343020,Santa Ana,10766,Confirmed Eruption,NW flank (Mala Cara),3.0,1880.0,3.0,0.0,Historical Observations,,,,13.853,-89.63
352050,Cotopaxi,11579,Confirmed Eruption,,3.0,1880.0,2.0,0.0,Historical Observations,1880.0,7.0,0.0,-0.677,-78.436
360101,"Watt, Morne",12373,Confirmed Eruption,NE of Watt Mtn (Valley of Desolation),2.0,1880.0,1.0,4.0,Historical Observations,1880.0,1.0,4.0,15.307,-61.305
360150,Soufriere St. Vincent,12452,Uncertain Eruption,,0.0,1880.0,0.0,0.0,,,,,13.33,-61.18
357120,Villarrica,11910,Confirmed Eruption,,2.0,1880.0,0.0,0.0,Historical Observations,,,,-39.42,-71.93
345040,Poas,11150,Confirmed Eruption,,1.0,1880.0,0.0,0.0,Historical Observations,,,,10.2,-84.233
382080,Sete Cidades,13023,Confirmed Eruption,Volcano Uncertain: submarine vent off Sao Miguel,0.0,1880.0,0.0,0.0,,,,,37.87,-25.78
264040,Tambora,16233,Confirmed Eruption,SW part of caldera (Doro Afi Toi),2.0,1880.0,0.0,0.0,Historical Observations,,,,-8.25,118.0
275070,Veteran,16897,Uncertain Eruption,,0.0,1880.0,0.0,0.0,,,,,9.83,109.05
266130,Tangkoko-Duasudara,15943,Confirmed Eruption,Batu Angus,1.0,1880.0,0.0,0.0,Historical Observations,,,,1.518,125.185
233010,Karthala,14192,Confirmed Eruption,SE flank (Badjini Massif),2.0,1880.0,0.0,0.0,Historical Observations,,,,-11.75,43.38
311360,Shishaldin,20066,Uncertain Eruption,,,1880.0,0.0,0.0,,1881.0,0.0,0.0,54.756,-163.97
312030,Pavlof,20120,Confirmed Eruption,,1.0,1880.0,0.0,0.0,Historical Observations,,,,55.417,-161.894
311270,Vsevidof,19831,Uncertain Eruption,,,1880.0,0.0,0.0,,,,,53.13,-168.693
290020,Raususan [Mendeleev],18737,Confirmed Eruption,NE solfatara field,1.0,1880.0,0.0,0.0,Historical Observations,,,,43.979,145.733
284110,Kita-Ioto,18378,Confirmed Eruption,Funka-Asane,0.0,1880.0,0.0,0.0,Historical Observations,1889.0,0.0,0.0,25.424,141.284
343060,Ilopango,10831,Confirmed Eruption,Islas Quemadas,3.0,1879.0,12.0,31.0,Historical Observations,1880.0,3.0,26.0,13.672,-89.053
343030,Izalco,10798,Confirmed Eruption,,2.0,1879.0,12.0,25.0,Historical Observations,1880.0,3.0,0.0,13.813,-89.633
341040,Colima,10447,Confirmed Eruption,Summit vent and SW flank,1.0,1879.0,12.0,23.0,Historical Observations,1880.0,4.0,30.0,19.514,-103.62
283110,Asamayama,17755,Confirmed Eruption,,2.0,1879.0,9.0,27.0,Historical Observations,1879.0,9.0,28.0,36.406,138.523
371022,Eldey,12507,Confirmed Eruption,Reykjaneshryggur (Geirfugladrangur),1.0,1879.0,5.0,30.0,Historical Observations,1879.0,6.0,15.0,63.733,-23.0
211060,Etna,13753,Confirmed Eruption,"SSW (2650-2300 m), NNE (2450-1690 m)",3.0,1879.0,5.0,26.0,Historical Observations,1879.0,6.0,7.0,37.748,14.999
261230,Dempo,15552,Confirmed Eruption,,2.0,1879.0,5.0,18.0,Historical Observations,,,,-4.016,103.121
290150,Chirpoi,18783,Confirmed Eruption,Snow,2.0,1879.0,5.0,0.0,Historical Observations,1879.0,6.0,0.0,46.532,150.871
332020,Mauna Loa,10206,Confirmed Eruption,Mokuaweoweo,0.0,1879.0,3.0,9.0,Historical Observations,1879.0,3.0,9.0,19.475,-155.608
352050,Cotopaxi,11578,Confirmed Eruption,,2.0,1879.0,2.0,26.0,Historical Observations,1879.0,6.0,19.0,-0.677,-78.436
357120,Villarrica,12134,Confirmed Eruption,,2.0,1879.0,2.0,2.0,Historical Observations,1879.0,3.0,0.0,-39.42,-71.93
343020,Santa Ana,10765,Confirmed Eruption,,2.0,1879.0,2.0,1.0,Historical Observations,,,,13.853,-89.63
290240,Sarychev Peak,18806,Confirmed Eruption,,0.0,1879.0,1.0,15.0,Historical Observations,,,,48.092,153.2
321030,Rainier,20500,Uncertain Eruption,,2.0,1879.0,0.0,0.0,,,,,46.853,-121.76
300260,Klyuchevskoy,19425,Confirmed Eruption,,2.0,1879.0,0.0,0.0,Historical Observations,,,,56.056,160.642
300270,Sheveluch,19573,Confirmed Eruption,,3.0,1879.0,0.0,0.0,Historical Observations,1883.0,0.0,0.0,56.653,161.36
261120,Sorikmarapi,15408,Confirmed Eruption,,2.0,1879.0,0.0,0.0,Historical Observations,,,,0.686,99.539
263300,Semeru,15987,Confirmed Eruption,,2.0,1879.0,0.0,0.0,Historical Observations,,,,-8.108,112.922
345040,Poas,11149,Uncertain Eruption,,1.0,1879.0,0.0,0.0,,,,,10.2,-84.233
358063,Reclus,12311,Confirmed Eruption,,2.0,1879.0,0.0,0.0,Historical Observations,,,,-50.964,-73.585
358060,Lautaro,12315,Confirmed Eruption,Volcano Uncertain: Between lakes San Martín and Viedma,,1879.0,0.0,0.0,,,,,-49.019,-73.504
251070,Ritter Island,14969,Uncertain Eruption,,,1878.0,12.0,31.0,,,,,-5.519,148.115
211060,Etna,13749,Confirmed Eruption,Central Crater,2.0,1878.0,12.0,23.0,Historical Observations,1883.0,3.0,31.0,37.748,14.999
261170,Kerinci,15503,Confirmed Eruption,,2.0,1878.0,12.0,11.0,Historical Observations,,,,-1.697,101.264
261140,Marapi,15432,Uncertain Eruption,,2.0,1878.0,12.0,0.0,,,,,-0.38,100.474
273070,Taal,16848,Confirmed Eruption,,2.0,1878.0,11.0,12.0,Historical Observations,1878.0,11.0,15.0,14.002,120.993
344090,Momotombo,10997,Confirmed Eruption,,2.0,1878.0,10.0,14.0,Historical Observations,,,,12.423,-86.539
343080,Tecapa,10832,Uncertain Eruption,,,1878.0,10.0,2.0,,,,,13.494,-88.502
241080,Tongariro,13555,Confirmed Eruption,Ngauruhoe (NW sub-crater),2.0,1878.0,9.0,1.0,Historical Observations,,,,-39.157,175.632
300260,Klyuchevskoy,19424,Confirmed Eruption,,2.0,1878.0,9.0,0.0,Historical Observations,,,,56.056,160.642
351060,Purace,11324,Confirmed Eruption,,2.0,1878.0,8.0,31.0,Historical Observations,,,,2.32,-76.4
352050,Cotopaxi,11577,Confirmed Eruption,,2.0,1878.0,8.0,23.0,Historical Observations,1878.0,8.0,24.0,-0.677,-78.436
243070,Lateiki,14761,Confirmed Eruption,,2.0,1878.0,4.0,0.0,Historical Observations,,,,-19.18,-174.87
233020,"Fournaise, Piton de la",14296,Confirmed Eruption,,0.0,1878.0,3.0,14.0,Historical Observations,1878.0,3.0,30.0,-21.244,55.708
372070,Hekla,12747,Confirmed Eruption,East of Hekla (Krakagigar),2.0,1878.0,2.0,27.0,Historical Observations,1878.0,4.0,0.0,63.983,-19.666
355030,Isluga,11515,Confirmed Eruption,,2.0,1878.0,2.0,0.0,Historical Observations,,,,-19.15,-68.83
252140,Rabaul,15089,Confirmed Eruption,Vulcan Island and Tavurvur,3.0,1878.0,1.0,30.0,Historical Observations,1878.0,2.0,26.0,-4.271,152.203
358060,Lautaro,12314,Uncertain Eruption,,1.0,1878.0,1.0,18.0,,,,,-49.019,-73.504
357040,Planchon-Peteroa,11937,Confirmed Eruption,Peteroa,2.0,1878.0,0.0,0.0,Historical Observations,,,,-35.223,-70.568
343020,Santa Ana,10764,Uncertain Eruption,,2.0,1878.0,0.0,0.0,,,,,13.853,-89.63
343030,Izalco,10797,Confirmed Eruption,,,1878.0,0.0,0.0,Historical Observations,,,,13.813,-89.633
252120,Ulawun,15037,Confirmed Eruption,,2.0,1878.0,0.0,0.0,Historical Observations,,,,-5.05,151.33
252010,Langila,14979,Confirmed Eruption,Crater 2,2.0,1878.0,0.0,0.0,Historical Observations,,,,-5.525,148.42
222160,Meru,14032,Confirmed Eruption,Dome NW of Ash Cone,2.0,1878.0,0.0,0.0,Historical Observations,,,,-3.25,36.75
263250,Merapi,15880,Confirmed Eruption,,2.0,1878.0,0.0,0.0,Historical Observations,1879.0,6.0,20.0,-7.54,110.446
263300,Semeru,15986,Confirmed Eruption,,2.0,1878.0,0.0,0.0,Historical Observations,,,,-8.108,112.922
311190,Amukta,19786,Confirmed Eruption,,,1878.0,0.0,0.0,Historical Observations,,,,52.5,-171.252
311290,Okmok,19839,Confirmed Eruption,Cone A?,2.0,1878.0,0.0,0.0,Historical Observations,,,,53.43,-168.13
311270,Vsevidof,19830,Confirmed Eruption,West flank fissure ?,2.0,1878.0,0.0,0.0,Historical Observations,,,,53.13,-168.693
341130,Tacana,10619,Confirmed Eruption,SW side,1.0,1878.0,0.0,0.0,Historical Observations,,,,15.132,-92.109
300100,Avachinsky,19093,Confirmed Eruption,,2.0,1878.0,0.0,0.0,Historical Observations,,,,53.256,158.836
283110,Asamayama,17754,Uncertain Eruption,,2.0,1878.0,0.0,0.0,,,,,36.406,138.523
351100,Cumbal,11386,Confirmed Eruption,,2.0,1877.0,12.0,0.0,Historical Observations,,,,0.95,-77.87
251010,Bam,14869,Confirmed Eruption,,3.0,1877.0,11.0,13.0,Historical Observations,,,,-3.613,144.818
251020,Manam,14896,Confirmed Eruption,South Crater,2.0,1877.0,10.0,29.0,Historical Observations,1877.0,11.0,13.0,-4.08,145.037
263300,Semeru,15985,Confirmed Eruption,,2.0,1877.0,9.0,0.0,Historical Observations,,,,-8.108,112.922
355110,Llullaillaco,11881,Confirmed Eruption,,2.0,1877.0,5.0,0.0,Historical Observations,,,,-24.72,-68.53
263320,Lamongan,16088,Confirmed Eruption,,3.0,1877.0,4.0,24.0,Historical Observations,1877.0,5.0,12.0,-7.981,113.341
263310,Tengger Caldera,16034,Confirmed Eruption,Bromo,2.0,1877.0,4.0,24.0,Historical Observations,,,,-7.942,112.95
263300,Semeru,15984,Confirmed Eruption,,2.0,1877.0,4.0,0.0,Historical Observations,,,,-8.108,112.922
357120,Villarrica,12133,Confirmed Eruption,,2.0,1877.0,3.0,12.0,Historical Observations,1877.0,5.0,0.0,-39.42,-71.93
332020,Mauna Loa,10205,Confirmed Eruption,"Mokuaweoweo, submarine west flank",0.0,1877.0,2.0,14.0,Historical Observations,1877.0,2.0,24.0,19.475,-155.608
357070,"Chillan, Nevados de",11974,Confirmed Eruption,Volcán Chillán,2.0,1877.0,2.0,12.0,Historical Observations,,,,-36.868,-71.378
357110,Llaima,12035,Confirmed Eruption,,2.0,1877.0,1.0,16.0,Historical Observations,1877.0,6.0,24.0,-38.692,-71.729
352050,Cotopaxi,11576,Confirmed Eruption,,4.0,1877.0,1.0,0.0,Historical Observations,1877.0,9.0,2.0,-0.677,-78.436
355030,Isluga,11514,Confirmed Eruption,,2.0,1877.0,0.0,0.0,Historical Observations,,,,-19.15,-68.83
355070,San Pedro-San Pablo,11832,Confirmed Eruption,,2.0,1877.0,0.0,0.0,Historical Observations,,,,-21.888,-68.391
300260,Klyuchevskoy,19423,Confirmed Eruption,,2.0,1877.0,0.0,0.0,Historical Observations,,,,56.056,160.642
282030,Suwanosejima,16923,Confirmed Eruption,,4.0,1877.0,0.0,0.0,Historical Observations,,,,29.638,129.714
243050,Fonuafo'ou,14736,Confirmed Eruption,,2.0,1877.0,0.0,0.0,Historical Observations,,,,-20.32,-175.42
284010,Izu-Oshima,18206,Confirmed Eruption,Mihara-yama,2.0,1876.0,12.0,27.0,Historical Observations,1877.0,2.0,5.0,34.724,139.394
233020,"Fournaise, Piton de la",14295,Confirmed Eruption,,,1876.0,12.0,11.0,Historical Observations,1876.0,12.0,11.0,-21.244,55.708
273030,Mayon,16784,Confirmed Eruption,,1.0,1876.0,11.0,26.0,Historical Observations,1876.0,11.0,26.0,13.257,123.685
358060,Lautaro,12313,Confirmed Eruption,,2.0,1876.0,10.0,0.0,Historical Observations,,,,-49.019,-73.504
285090,Shiretoko-Iozan,18728,Confirmed Eruption,NW flank,2.0,1876.0,9.0,23.0,Historical Observations,1876.0,9.0,26.0,44.133,145.161
261140,Marapi,15431,Confirmed Eruption,,2.0,1876.0,8.0,0.0,Historical Observations,1877.0,6.0,0.0,-0.38,100.474
261140,Marapi,15430,Confirmed Eruption,,2.0,1876.0,4.0,4.0,Historical Observations,,,,-0.38,100.474
273030,Mayon,16783,Confirmed Eruption,,1.0,1876.0,4.0,0.0,Historical Observations,,,,13.257,123.685
332020,Mauna Loa,10204,Confirmed Eruption,Mokuaweoweo,0.0,1876.0,2.0,13.0,Historical Observations,1876.0,2.0,14.0,19.475,-155.608
284140,Farallon de Pajaros,18480,Confirmed Eruption,"Summit, NE side",2.0,1876.0,1.0,1.0,Historical Observations,1876.0,1.0,3.0,20.546,144.893
311190,Amukta,19785,Uncertain Eruption,,,1876.0,0.0,0.0,,,,,52.5,-171.252
313020,Iliamna,20284,Confirmed Eruption,,3.0,1876.0,0.0,0.0,Historical Observations,,,,60.032,-153.09
261160,Talang,15488,Confirmed Eruption,NE flank,2.0,1876.0,0.0,0.0,Historical Observations,,,,-0.979,100.681
264200,Leroboleng,16306,Confirmed Eruption,Burak (Kawah XXVI),2.0,1876.0,0.0,0.0,Historical Observations,,,,-8.365,122.833
233010,Karthala,14191,Confirmed Eruption,SE flank (Badjini Massif),0.0,1876.0,0.0,0.0,Historical Observations,,,,-11.75,43.38
211020,Vesuvius,13360,Confirmed Eruption,Summit and upper flanks,4.0,1875.0,12.0,18.0,Historical Observations,1906.0,4.0,22.0,40.821,14.426
233020,"Fournaise, Piton de la",14294,Confirmed Eruption,,0.0,1875.0,11.0,26.0,Historical Observations,1875.0,12.0,11.0,-21.244,55.708
357120,Villarrica,12132,Confirmed Eruption,,2.0,1875.0,11.0,17.0,Historical Observations,1876.0,0.0,0.0,-39.42,-71.93
263180,Slamet,15737,Confirmed Eruption,,2.0,1875.0,11.0,2.0,Historical Observations,1875.0,12.0,26.0,-7.242,109.208
241080,Tongariro,13554,Uncertain Eruption,Ngauruhoe,2.0,1875.0,10.0,1.0,,,,,-39.157,175.632
332020,Mauna Loa,10203,Confirmed Eruption,Mokuaweoweo,0.0,1875.0,8.0,11.0,Historical Observations,1875.0,8.0,18.0,19.475,-155.608
267040,Awu,16558,Confirmed Eruption,,2.0,1875.0,8.0,0.0,Historical Observations,1875.0,8.0,0.0,3.689,125.447
283110,Asamayama,17753,Confirmed Eruption,,2.0,1875.0,6.0,14.0,Historical Observations,,,,36.406,138.523
263180,Slamet,15736,Confirmed Eruption,,2.0,1875.0,5.0,29.0,Historical Observations,1875.0,6.0,4.0,-7.242,109.208
263280,Kelut,15951,Discredited Eruption,,,1875.0,1.0,29.0,,,,,-7.93,112.308
332020,Mauna Loa,10202,Confirmed Eruption,Mokuaweoweo,0.0,1875.0,1.0,10.0,Historical Observations,1875.0,2.0,9.0,19.475,-155.608
373060,Askja,12911,Confirmed Eruption,"Öskjuvatn Caldera, Viti, Sveinagja",5.0,1875.0,1.0,1.0,Historical Observations,1875.0,10.0,17.0,65.033,-16.783
357110,Llaima,12034,Confirmed Eruption,,2.0,1875.0,0.0,0.0,Historical Observations,1876.0,0.0,0.0,-38.692,-71.729
355100,Lascar,11851,Confirmed Eruption,,2.0,1875.0,0.0,0.0,Historical Observations,,,,-23.37,-67.73
345060,Irazu,11212,Confirmed Eruption,,2.0,1875.0,0.0,0.0,Historical Observations,,,,9.979,-83.852
341040,Colima,10446,Confirmed Eruption,NE flank (El Volcancito),1.0,1875.0,0.0,0.0,Historical Observations,1878.0,0.0,0.0,19.514,-103.62
334050,Northern EPR at 9.8°N,10338,Confirmed Eruption,East Pacific Rise (9.9 deg N),0.0,1875.0,0.0,0.0,Magnetism,,,,9.83,-104.3
267010,Ruang,16483,Confirmed Eruption,,2.0,1874.0,11.0,15.0,Historical Observations,,,,2.3,125.37
211060,Etna,13748,Confirmed Eruption,"North flank (2520-2110 m), Central Crater",2.0,1874.0,8.0,29.0,Historical Observations,1874.0,8.0,31.0,37.748,14.999
273070,Taal,16847,Confirmed Eruption,,2.0,1874.0,7.0,19.0,Historical Observations,,,,14.002,120.993
312070,Veniaminof,20160,Confirmed Eruption,Western intracaldera cone,2.0,1874.0,7.0,15.0,Historical Observations,,,,56.17,-159.38
284040,Miyakejima,18269,Confirmed Eruption,NNE flank (560 m),3.0,1874.0,7.0,3.0,Historical Observations,1874.0,7.0,17.0,34.094,139.526
233020,"Fournaise, Piton de la",14293,Confirmed Eruption,,2.0,1874.0,6.0,29.0,Historical Observations,1874.0,11.0,7.0,-21.244,55.708
341040,Colima,10445,Confirmed Eruption,NE flank (El Volcancito),1.0,1874.0,6.0,12.0,Historical Observations,,,,19.514,-103.62
285011,Esan,18552,Confirmed Eruption,,1.0,1874.0,6.0,8.0,Historical Observations,,,,41.805,141.166
251010,Bam,14868,Confirmed Eruption,,2.0,1874.0,5.0,20.0,Historical Observations,,,,-3.613,144.818
263320,Lamongan,16087,Confirmed Eruption,,2.0,1874.0,5.0,20.0,Historical Observations,1874.0,8.0,21.0,-7.981,113.341
211060,Etna,13747,Confirmed Eruption,Central Crater,2.0,1874.0,5.0,0.0,Historical Observations,,,,37.748,14.999
357120,Villarrica,12131,Confirmed Eruption,,2.0,1874.0,4.0,16.0,Historical Observations,,,,-39.42,-71.93
285040,Shikotsu,18616,Confirmed Eruption,Tarumai,3.0,1874.0,2.0,8.0,Historical Observations,1874.0,2.0,16.0,42.688,141.38
282110,Asosan,17287,Confirmed Eruption,Naka-dake,2.0,1874.0,2.0,7.0,Historical Observations,,,,32.884,131.104
233020,"Fournaise, Piton de la",14292,Confirmed Eruption,,,1874.0,2.0,1.0,Historical Observations,,,,-21.244,55.708
211020,Vesuvius,13359,Uncertain Eruption,,1.0,1874.0,1.0,0.0,,,,,40.821,14.426
257050,Lopevi,15300,Confirmed Eruption,,2.0,1874.0,0.0,0.0,Historical Observations,,,,-16.507,168.346
261170,Kerinci,15502,Confirmed Eruption,,2.0,1874.0,0.0,0.0,Historical Observations,,,,-1.697,101.264
357110,Llaima,12033,Uncertain Eruption,,,1874.0,0.0,0.0,,,,,-38.692,-71.729
343030,Izalco,10796,Uncertain Eruption,,,1874.0,0.0,0.0,,1875.0,0.0,0.0,13.813,-89.633
343020,Santa Ana,19900,Confirmed Eruption,,3.0,1874.0,0.0,0.0,Historical Observations,,,,13.853,-89.63
211050,Vulcano,13479,Confirmed Eruption,Fossa,3.0,1873.0,9.0,0.0,Historical Observations,1879.0,0.0,0.0,38.404,14.962
283190,Zaozan [Zaosan],17977,Confirmed Eruption,Okama,1.0,1873.0,8.0,0.0,Historical Observations,1873.0,9.0,0.0,38.144,140.44
273030,Mayon,16782,Confirmed Eruption,,2.0,1873.0,6.0,20.0,Historical Observations,1873.0,7.0,22.0,13.257,123.685
212050,Nisyros,13895,Confirmed Eruption,Plegathon and Polyvotis,2.0,1873.0,6.0,0.0,Historical Observations,1873.0,9.0,26.0,36.586,27.16
332020,Mauna Loa,10201,Confirmed Eruption,Mokuaweoweo,1.0,1873.0,4.0,20.0,Historical Observations,1874.0,10.0,19.0,19.475,-155.608
283140,Nikko-Shiranesan,17861,Confirmed Eruption,Shirane-san,1.0,1873.0,3.0,12.0,Historical Observations,,,,36.799,139.376
271060,Ragang,16712,Confirmed Eruption,,2.0,1873.0,1.0,16.0,Historical Observations,1873.0,4.0,0.0,7.691,124.507
373010,Grimsvotn,12818,Confirmed Eruption,,4.0,1873.0,1.0,8.0,Historical Observations,1873.0,8.0,0.0,64.416,-17.316
332020,Mauna Loa,10200,Confirmed Eruption,Mokuaweoweo,0.0,1873.0,1.0,6.0,Historical Observations,1873.0,1.0,7.0,19.475,-155.608
311210,Yunaska,19794,Uncertain Eruption,,2.0,1873.0,0.0,0.0,,,,,52.643,-170.629
311060,Semisopochnoi,19672,Confirmed Eruption,Cerberus,,1873.0,0.0,0.0,Historical Observations,,,,51.93,179.58
311070,Gareloi,19679,Confirmed Eruption,,2.0,1873.0,0.0,0.0,Historical Observations,,,,51.79,-178.794
284080,Sumisujima,18334,Uncertain Eruption,31.28 N 139.92 E,0.0,1873.0,0.0,0.0,,,,,31.44,140.051
284170,Pagan,18508,Confirmed Eruption,North Pagan,3.0,1873.0,0.0,0.0,Historical Observations,,,,18.13,145.8
273070,Taal,16846,Confirmed Eruption,,2.0,1873.0,0.0,0.0,Historical Observations,,,,14.002,120.993
261220,Kaba,15541,Confirmed Eruption,Kaba Volgelsang and Kaba Baru,2.0,1873.0,0.0,0.0,Historical Observations,1892.0,11.0,1.0,-3.522,102.615
264200,Leroboleng,16305,Confirmed Eruption,Burak (Kawah XXIV),2.0,1873.0,0.0,0.0,Historical Observations,,,,-8.365,122.833
221080,Erta Ale,13928,Uncertain Eruption,,2.0,1873.0,0.0,0.0,,,,,13.6,40.67
282110,Asosan,17286,Confirmed Eruption,Naka-dake,3.0,1872.0,12.0,1.0,Historical Observations,1873.0,6.0,8.0,32.884,131.104
343030,Izalco,10795,Confirmed Eruption,,2.0,1872.0,12.0,0.0,Historical Observations,1873.0,3.0,19.0,13.813,-89.633
263250,Merapi,15879,Confirmed Eruption,,2.0,1872.0,11.0,3.0,Historical Observations,1873.0,1.0,0.0,-7.54,110.446
263300,Semeru,15983,Confirmed Eruption,,2.0,1872.0,10.0,23.0,Historical Observations,1872.0,10.0,23.0,-8.108,112.922
273030,Mayon,16781,Confirmed Eruption,,1.0,1872.0,9.0,5.0,Historical Observations,1872.0,9.0,9.0,13.257,123.685
263320,Lamongan,16086,Confirmed Eruption,,2.0,1872.0,8.0,15.0,Historical Observations,1872.0,9.0,18.0,-7.981,113.341
332020,Mauna Loa,10199,Confirmed Eruption,Mokuaweoweo,1.0,1872.0,8.0,9.0,Historical Observations,1872.0,9.0,0.0,19.475,-155.608
357070,"Chillan, Nevados de",11973,Confirmed Eruption,Volcán Chillán,2.0,1872.0,7.0,22.0,Historical Observations,,,,-36.868,-71.378
284140,Farallon de Pajaros,22243,Confirmed Eruption,,2.0,1872.0,7.0,11.0,Historical Observations,,,,20.546,144.893
357110,Llaima,12032,Confirmed Eruption,,2.0,1872.0,6.0,6.0,Historical Observations,,,,-38.692,-71.729
357121,Quetrupillan,12078,Uncertain Eruption,,2.0,1872.0,6.0,6.0,Historical Observations,,,,-39.496,-71.722
283140,Nikko-Shiranesan,17860,Confirmed Eruption,Shirane-san (SW flank),2.0,1872.0,5.0,14.0,Historical Observations,,,,36.799,139.376
263250,Merapi,15878,Confirmed Eruption,,4.0,1872.0,4.0,15.0,Historical Observations,1872.0,4.0,21.0,-7.54,110.446
341040,Colima,10444,Confirmed Eruption,El Volcancito and main crater,3.0,1872.0,2.0,26.0,Historical Observations,1873.0,3.0,27.0,19.514,-103.62
233020,"Fournaise, Piton de la",14291,Uncertain Eruption,,0.0,1872.0,2.0,1.0,,,,,-21.244,55.708
242030,Raoul Island,14698,Discredited Eruption,,,1872.0,2.0,1.0,,,,,-29.27,-177.92
251010,Bam,14867,Confirmed Eruption,,3.0,1872.0,0.0,0.0,Historical Observations,,,,-3.613,144.818
233010,Karthala,14190,Confirmed Eruption,NW flank (Diboini Plateau),2.0,1872.0,0.0,0.0,Historical Observations,,,,-11.75,43.38
290290,Sinarka,18837,Confirmed Eruption,,4.0,1872.0,0.0,0.0,Historical Observations,1878.0,0.0,0.0,48.873,154.182
357091,Callaqui,19916,Discredited Eruption,,,1872.0,0.0,0.0,,,,,-37.92,-71.45
357040,Planchon-Peteroa,11936,Uncertain Eruption,,,1872.0,0.0,0.0,,,,,-35.223,-70.568
373030,Bardarbunga,12884,Confirmed Eruption,Volcano Uncertain: Dyngjuhals ?,,1872.0,0.0,0.0,,,,,64.633,-17.516
285040,Shikotsu,18615,Uncertain Eruption,Tarumai,2.0,1871.0,12.0,25.0,,1871.0,12.0,28.0,42.688,141.38
273030,Mayon,16780,Confirmed Eruption,,3.0,1871.0,12.0,8.0,Historical Observations,1872.0,1.0,0.0,13.257,123.685
271060,Ragang,16711,Confirmed Eruption,,2.0,1871.0,12.0,8.0,Historical Observations,,,,7.691,124.507
261140,Marapi,15429,Confirmed Eruption,,2.0,1871.0,9.0,24.0,Historical Observations,,,,-0.38,100.474
264110,Iya,13714,Confirmed Eruption,,2.0,1871.0,9.0,1.0,Historical Observations,,,,-8.891,121.641
332020,Mauna Loa,10198,Confirmed Eruption,Mokuaweoweo,0.0,1871.0,8.0,10.0,Historical Observations,1871.0,8.0,30.0,19.475,-155.608
268060,Gamalama,16651,Confirmed Eruption,,2.0,1871.0,8.0,7.0,Historical Observations,1871.0,9.0,25.0,0.8,127.33
233020,"Fournaise, Piton de la",14290,Confirmed Eruption,,0.0,1871.0,6.0,21.0,Historical Observations,1871.0,7.0,5.0,-21.244,55.708
271080,Camiguin,16718,Confirmed Eruption,Lower NW flank of Hibok-Hibok (Mt. Vulcan),2.0,1871.0,4.0,30.0,Historical Observations,1875.0,0.0,0.0,9.203,124.673
261140,Marapi,15428,Confirmed Eruption,,2.0,1871.0,4.0,24.0,Historical Observations,,,,-0.38,100.474
283140,Nikko-Shiranesan,17859,Uncertain Eruption,Shirane-san,,1871.0,4.0,0.0,,,,,36.799,139.376
284090,Izu-Torishima,18367,Confirmed Eruption,,0.0,1871.0,4.0,0.0,Historical Observations,,,,30.484,140.303
267010,Ruang,16482,Confirmed Eruption,,2.0,1871.0,3.0,2.0,Historical Observations,1871.0,3.0,14.0,2.3,125.37
352010,Reventador,11432,Confirmed Eruption,,2.0,1871.0,1.0,30.0,Historical Observations,,,,-0.077,-77.656
390030,Deception Island,13189,Confirmed Eruption,SE side of caldera bay (Kroner Lake),,1871.0,0.0,0.0,Tephrochronology,,,,-63.001,-60.652
222030,"Barrier, The",13965,Confirmed Eruption,North flank (Teleki's Cone),2.0,1871.0,0.0,0.0,Historical Observations,,,,2.32,36.57
224010,Cameroon,14125,Confirmed Eruption,,2.0,1871.0,0.0,0.0,Historical Observations,,,,4.203,9.17
212050,Nisyros,13894,Confirmed Eruption,Plegathon and Polyvotis,2.0,1871.0,0.0,0.0,Historical Observations,,,,36.586,27.16
257040,Ambrym,15243,Confirmed Eruption,,2.0,1871.0,0.0,0.0,Historical Observations,,,,-16.25,168.12
256010,Tinakula,15194,Confirmed Eruption,,2.0,1871.0,0.0,0.0,Historical Observations,,,,-10.386,165.804
284070,Myojinsho,18310,Confirmed Eruption,Volcano Uncertain,0.0,1871.0,0.0,0.0,,,,,31.888,139.918
357120,Villarrica,21005,Confirmed Eruption,,2.0,1871.0,,,Varve Count,,,,-39.42,-71.93
211020,Vesuvius,13358,Confirmed Eruption,Summit and upper NW and south flanks,3.0,1870.0,12.0,0.0,Historical Observations,1872.0,4.0,30.0,40.821,14.426
351060,Purace,11323,Confirmed Eruption,,2.0,1870.0,10.0,0.0,Historical Observations,,,,2.32,-76.4
267010,Ruang,16481,Confirmed Eruption,,3.0,1870.0,8.0,27.0,Historical Observations,1870.0,8.0,28.0,2.3,125.37
263320,Lamongan,16085,Confirmed Eruption,Summit and SW flank,2.0,1870.0,8.0,18.0,Historical Observations,1871.0,2.0,5.0,-7.981,113.341
263060,Gede-Pangrango,15653,Confirmed Eruption,,2.0,1870.0,8.0,0.0,Historical Observations,1870.0,10.0,3.0,-6.77,106.965
242030,Raoul Island,14697,Confirmed Eruption,"Denham caldera, Green Lake",3.0,1870.0,6.0,20.0,Historical Observations,1870.0,10.0,3.0,-29.27,-177.92
343030,Izalco,10794,Uncertain Eruption,,2.0,1870.0,5.0,19.0,,,,,13.813,-89.633
284080,Sumisujima,18333,Confirmed Eruption,18 km SW of Smith Rock,2.0,1870.0,5.0,0.0,Historical Observations,,,,31.44,140.051
241080,Tongariro,13553,Confirmed Eruption,Ngauruhoe (NW sub-crater),2.0,1870.0,4.0,0.0,Historical Observations,1870.0,8.0,0.0,-39.157,175.632
263320,Lamongan,16084,Confirmed Eruption,,2.0,1870.0,3.0,2.0,Historical Observations,1870.0,3.0,5.0,-7.981,113.341
354010,"Misti, El",11773,Uncertain Eruption,,1.0,1870.0,3.0,0.0,,,,,-16.294,-71.409
341030,Ceboruco,10383,Confirmed Eruption,Upper west flank,3.0,1870.0,2.0,21.0,Historical Observations,1875.0,0.0,0.0,21.125,-104.508
233020,"Fournaise, Piton de la",14289,Uncertain Eruption,,0.0,1870.0,2.0,1.0,,,,,-21.244,55.708
332020,Mauna Loa,10197,Uncertain Eruption,Mokuaweoweo,0.0,1870.0,1.0,1.0,,1870.0,1.0,15.0,19.475,-155.608
321030,Rainier,20499,Uncertain Eruption,,2.0,1870.0,0.0,0.0,,,,,46.853,-121.76
321010,Baker,20464,Confirmed Eruption,Sherman Crater,2.0,1870.0,0.0,0.0,Historical Observations,,,,48.777,-121.813
341040,Colima,10440,Confirmed Eruption,NE flank (El Volcancito),0.0,1870.0,0.0,0.0,Historical Observations,1871.0,0.0,0.0,19.514,-103.62
284010,Izu-Oshima,18205,Confirmed Eruption,Mihara-yama,2.0,1870.0,0.0,0.0,Historical Observations,,,,34.724,139.394
257040,Ambrym,15242,Uncertain Eruption,,,1870.0,0.0,0.0,,,,,-16.25,168.12
257030,Ambae,15234,Confirmed Eruption,SE side Lake Manaro Lakua; Lake Voui?,2.0,1870.0,0.0,0.0,Historical Observations,,,,-15.389,167.835
264250,Iliwerung,16337,Confirmed Eruption,Iliwerung (Iliadowajo),3.0,1870.0,0.0,0.0,Historical Observations,,,,-8.53,123.57
268060,Gamalama,16650,Discredited Eruption,,,1870.0,0.0,0.0,,,,,0.8,127.33
355070,San Pedro-San Pablo,11831,Uncertain Eruption,,,1870.0,0.0,0.0,,,,,-21.888,-68.391
344090,Momotombo,10996,Confirmed Eruption,,2.0,1870.0,0.0,0.0,Historical Observations,,,,12.423,-86.539
352050,Cotopaxi,11575,Confirmed Eruption,,2.0,1870.0,0.0,0.0,Historical Observations,1876.0,0.0,0.0,-0.677,-78.436
351060,Purace,11322,Confirmed Eruption,,3.0,1869.0,10.0,4.0,Historical Observations,1869.0,11.0,0.0,2.32,-76.4
354020,Ubinas,11789,Confirmed Eruption,,2.0,1869.0,10.0,0.0,Historical Observations,,,,-16.355,-70.903
211060,Etna,13746,Confirmed Eruption,East flank (W wall of Valle del Bove),0.0,1869.0,9.0,26.0,Historical Observations,1869.0,9.0,26.0,37.748,14.999
263320,Lamongan,16083,Confirmed Eruption,,2.0,1869.0,9.0,12.0,Historical Observations,,,,-7.981,113.341
354010,"Misti, El",11772,Uncertain Eruption,,1.0,1869.0,9.0,0.0,,,,,-16.294,-71.409
357021,Maipo,11908,Uncertain Eruption,,2.0,1869.0,8.0,24.0,,,,,-34.164,-69.832
355030,Isluga,11825,Confirmed Eruption,,2.0,1869.0,8.0,0.0,Historical Observations,,,,-19.15,-68.83
241080,Tongariro,13434,Confirmed Eruption,Ngauruhoe,2.0,1869.0,8.0,0.0,Historical Observations,,,,-39.157,175.632
352020,Guagua Pichincha,11489,Confirmed Eruption,,2.0,1869.0,7.0,22.0,Historical Observations,1869.0,8.0,24.0,-0.171,-78.598
264180,Lewotobi,16285,Confirmed Eruption,Lewotobi Lakilaki,2.0,1869.0,7.0,7.0,Historical Observations,1869.0,7.0,27.0,-8.542,122.775
352050,Cotopaxi,11574,Confirmed Eruption,,3.0,1869.0,7.0,0.0,Historical Observations,1869.0,8.0,0.0,-0.677,-78.436
341040,Colima,10439,Confirmed Eruption,NE flank (El Volcancito),3.0,1869.0,6.0,12.0,Historical Observations,1869.0,8.0,24.0,19.514,-103.62
321010,Baker,20463,Uncertain Eruption,Sherman Crater,,1869.0,6.0,0.0,,,,,48.777,-121.813
284070,Myojinsho,18309,Confirmed Eruption,Volcano Uncertain,0.0,1869.0,5.0,6.0,,,,,31.888,139.918
283110,Asamayama,17752,Confirmed Eruption,,2.0,1869.0,5.0,0.0,Historical Observations,1869.0,10.0,23.0,36.406,138.523
263320,Lamongan,16082,Confirmed Eruption,Summit and south slope,2.0,1869.0,4.0,6.0,Historical Observations,1869.0,5.0,4.0,-7.981,113.341
357110,Llaima,12031,Confirmed Eruption,,2.0,1869.0,4.0,0.0,Historical Observations,,,,-38.692,-71.729
343030,Izalco,10793,Confirmed Eruption,Summit and east flank,2.0,1869.0,3.0,1.0,Historical Observations,1869.0,6.0,18.0,13.813,-89.633
352020,Guagua Pichincha,11488,Confirmed Eruption,,2.0,1869.0,3.0,0.0,Historical Observations,,,,-0.171,-78.598
256010,Tinakula,15193,Confirmed Eruption,,2.0,1869.0,3.0,0.0,Historical Observations,,,,-10.386,165.804
357120,Villarrica,12130,Confirmed Eruption,,2.0,1869.0,2.0,4.0,Historical Observations,1869.0,2.0,24.0,-39.42,-71.93
357080,Antuco,19911,Confirmed Eruption,,2.0,1869.0,0.0,0.0,Historical Observations,,,,-37.406,-71.349
357040,Planchon-Peteroa,11935,Uncertain Eruption,,,1869.0,0.0,0.0,,,,,-35.223,-70.568
358063,Reclus,12310,Confirmed Eruption,,2.0,1869.0,0.0,0.0,Historical Observations,,,,-50.964,-73.585
358010,Osorno,12237,Confirmed Eruption,,2.0,1869.0,0.0,0.0,Historical Observations,,,,-41.105,-72.496
241080,Tongariro,13433,Confirmed Eruption,NE flank (Upper Te Mari Crater),2.0,1869.0,0.0,0.0,Historical Observations,,,,-39.157,175.632
233020,"Fournaise, Piton de la",14288,Confirmed Eruption,,2.0,1869.0,0.0,0.0,Historical Observations,,,,-21.244,55.708
300070,Gorely,19017,Confirmed Eruption,,2.0,1869.0,0.0,0.0,Historical Observations,,,,52.559,158.03
322010,Hood,20575,Uncertain Eruption,,,1869.0,0.0,0.0,,,,,45.374,-121.695
284010,Izu-Oshima,18204,Uncertain Eruption,Mihara-yama,,1868.0,12.0,31.0,,,,,34.724,139.394
273030,Mayon,16779,Confirmed Eruption,,2.0,1868.0,12.0,17.0,Historical Observations,,,,13.257,123.685
264180,Lewotobi,16284,Confirmed Eruption,Lewotobi Lakilaki,2.0,1868.0,12.0,15.0,Historical Observations,,,,-8.542,122.775
211060,Etna,13745,Confirmed Eruption,Central Crater,3.0,1868.0,11.0,26.0,Historical Observations,1868.0,12.0,8.0,37.748,14.999
268060,Gamalama,16649,Confirmed Eruption,,2.0,1868.0,11.0,13.0,Historical Observations,1869.0,2.0,10.0,0.8,127.33
261220,Kaba,15540,Confirmed Eruption,Kaba Baru ? and Kaba Vogelsang,2.0,1868.0,10.0,0.0,Historical Observations,1869.0,0.0,0.0,-3.522,102.615
355110,Llullaillaco,11880,Confirmed Eruption,,0.0,1868.0,9.0,0.0,Historical Observations,,,,-24.72,-68.53
352050,Cotopaxi,11573,Confirmed Eruption,,2.0,1868.0,8.0,15.0,Historical Observations,1868.0,8.0,16.0,-0.677,-78.436
352020,Guagua Pichincha,11487,Confirmed Eruption,,2.0,1868.0,8.0,0.0,Historical Observations,,,,-0.171,-78.598
264180,Lewotobi,16283,Confirmed Eruption,Lewotobi Lakilaki,2.0,1868.0,7.0,13.0,Historical Observations,,,,-8.542,122.775
264110,Iya,16177,Confirmed Eruption,,2.0,1868.0,5.0,4.0,Historical Observations,,,,-8.891,121.641
332010,Kilauea,10066,Confirmed Eruption,SW rift zone (775 m),1.0,1868.0,4.0,2.0,Historical Observations,,,,19.421,-155.287
332020,Mauna Loa,10196,Confirmed Eruption,SW rift zone (1000 m) and Mokuaweoweo,2.0,1868.0,3.0,27.0,Historical Observations,1868.0,4.0,22.0,19.475,-155.608
352020,Guagua Pichincha,11486,Confirmed Eruption,,2.0,1868.0,3.0,19.0,Historical Observations,1868.0,3.0,22.0,-0.171,-78.598
268060,Gamalama,16648,Confirmed Eruption,,1.0,1868.0,3.0,13.0,Historical Observations,1868.0,3.0,13.0,0.8,127.33
233020,"Fournaise, Piton de la",14287,Confirmed Eruption,,0.0,1868.0,3.0,0.0,Historical Observations,,,,-21.244,55.708
343030,Izalco,10709,Confirmed Eruption,,2.0,1868.0,2.0,16.0,Historical Observations,1868.0,2.0,17.0,13.813,-89.633
282020,Io-Torishima,16916,Confirmed Eruption,,1.0,1868.0,2.0,0.0,Historical Observations,1868.0,4.0,0.0,27.881,128.223
268010,Dukono,16575,Confirmed Eruption,,2.0,1868.0,0.0,0.0,Historical Observations,,,,1.693,127.894
261160,Talang,15487,Uncertain Eruption,,,1868.0,0.0,0.0,,,,,-0.979,100.681
224010,Cameroon,14124,Confirmed Eruption,SW flank (2250 m) and NW flank,2.0,1868.0,0.0,0.0,Historical Observations,,,,4.203,9.17
251010,Bam,14855,Discredited Eruption,,,1868.0,0.0,0.0,,,,,-3.613,144.818
355030,Isluga,11824,Confirmed Eruption,,2.0,1868.0,0.0,0.0,Historical Observations,,,,-19.15,-68.83
343100,San Miguel,10846,Confirmed Eruption,WSW flank (1000 m),2.0,1867.0,12.0,14.0,Historical Observations,1868.0,2.0,16.0,13.434,-88.269
263310,Tengger Caldera,13450,Confirmed Eruption,Bromo,2.0,1867.0,12.0,13.0,Historical Observations,1868.0,1.0,12.0,-7.942,112.95
373100,Tjornes Fracture Zone,12957,Confirmed Eruption,Immediately north of Manareyjar Island,,1867.0,12.0,0.0,Historical Observations,1868.0,1.0,0.0,66.309,-17.118
344070,"Negro, Cerro",10945,Confirmed Eruption,NE-SW-trending fissure,2.0,1867.0,11.0,14.0,Historical Observations,1867.0,11.0,30.0,12.506,-86.702
283190,Zaozan [Zaosan],17976,Confirmed Eruption,Okama,2.0,1867.0,10.0,21.0,Historical Observations,,,,38.144,140.44
285040,Shikotsu,18614,Confirmed Eruption,Tarumai,2.0,1867.0,9.0,8.0,Historical Observations,,,,42.688,141.38
373010,Grimsvotn,12817,Confirmed Eruption,,1.0,1867.0,8.0,29.0,Historical Observations,,,,64.416,-17.316
382050,Terceira,19962,Confirmed Eruption,Submarine vent 3-6 WNW of Terceira,3.0,1867.0,6.0,1.0,Historical Observations,1867.0,6.0,8.0,38.73,-27.32
354020,Ubinas,11788,Confirmed Eruption,,2.0,1867.0,5.0,24.0,Historical Observations,1867.0,5.0,28.0,-16.355,-70.903
263300,Semeru,15982,Confirmed Eruption,,2.0,1867.0,4.0,15.0,Historical Observations,1867.0,5.0,0.0,-8.108,112.922
243110,Niuafo'ou,14788,Confirmed Eruption,SSW flank,1.0,1867.0,4.0,12.0,Historical Observations,,,,-15.6,-175.63
343030,Izalco,10792,Confirmed Eruption,,2.0,1867.0,4.0,0.0,Historical Observations,1867.0,8.0,0.0,13.813,-89.633
345050,Barva,11195,Uncertain Eruption,,,1867.0,3.0,0.0,,,,,10.135,-84.1
321010,Baker,20462,Uncertain Eruption,Sherman Crater,,1867.0,3.0,0.0,,,,,48.777,-121.813
264110,Iya,13708,Confirmed Eruption,,2.0,1867.0,1.0,0.0,Historical Observations,,,,-8.891,121.641
211070,Campi Flegrei del Mar di Sicilia,13870,Confirmed Eruption,Pinne,0.0,1867.0,0.0,0.0,Historical Observations,,,,37.1,12.7
342090,Fuego,10713,Uncertain Eruption,,2.0,1867.0,0.0,0.0,,,,,14.473,-90.88
311320,Akutan,20006,Confirmed Eruption,,,1867.0,0.0,0.0,Historical Observations,,,,54.134,-165.986
311310,Makushin,10462,Uncertain Eruption,,,1867.0,0.0,0.0,,,,,53.891,-166.923
313020,Iliamna,20283,Confirmed Eruption,,2.0,1867.0,0.0,0.0,Historical Observations,,,,60.032,-153.09
283260,Akita-Yakeyama,18080,Confirmed Eruption,,,1867.0,0.0,0.0,Historical Observations,,,,39.964,140.757
352050,Cotopaxi,11572,Confirmed Eruption,,2.0,1867.0,0.0,0.0,Historical Observations,,,,-0.677,-78.436
357090,Copahue,12003,Confirmed Eruption,,2.0,1867.0,0.0,0.0,Historical Observations,,,,-37.856,-71.183
357120,Villarrica,12129,Uncertain Eruption,,,1867.0,0.0,0.0,,1868.0,0.0,0.0,-39.42,-71.93
352050,Cotopaxi,11571,Confirmed Eruption,,2.0,1866.0,9.0,21.0,Historical Observations,1866.0,9.0,26.0,-0.677,-78.436
263060,Gede-Pangrango,15652,Confirmed Eruption,,2.0,1866.0,9.0,18.0,Historical Observations,,,,-6.77,106.965
244010,Ofu-Olosega,14804,Confirmed Eruption,Submarine vent 3 km SE of Olosega,2.0,1866.0,9.0,12.0,Historical Observations,1866.0,11.0,15.0,-14.175,-169.618
263310,Tengger Caldera,13449,Confirmed Eruption,Bromo,2.0,1866.0,7.0,0.0,Historical Observations,,,,-7.942,112.95
343030,Izalco,10791,Confirmed Eruption,,2.0,1866.0,4.0,27.0,Historical Observations,1866.0,8.0,15.0,13.813,-89.633
312030,Pavlof,20119,Confirmed Eruption,,2.0,1866.0,3.0,14.0,Historical Observations,,,,55.417,-161.894
341040,Colima,10438,Discredited Eruption,,,1866.0,3.0,4.0,,1868.0,0.0,0.0,19.514,-103.62
212040,Santorini,13887,Confirmed Eruption,"Georgios, Afroessa and Reka domes",2.0,1866.0,1.0,26.0,Historical Observations,1870.0,10.0,15.0,36.404,25.396
224010,Cameroon,14123,Confirmed Eruption,,2.0,1866.0,1.0,0.0,Historical Observations,,,,4.203,9.17
345070,Turrialba,11246,Confirmed Eruption,Central and SW summit craters,3.0,1866.0,1.0,0.0,Historical Observations,1866.0,5.0,8.0,10.025,-83.767
357110,Llaima,12030,Confirmed Eruption,,2.0,1866.0,0.0,0.0,Historical Observations,,,,-38.692,-71.729
263300,Semeru,15981,Uncertain Eruption,,2.0,1866.0,0.0,0.0,,,,,-8.108,112.922
261120,Sorikmarapi,15407,Uncertain Eruption,,,1866.0,0.0,0.0,,,,,0.686,99.539
272020,Kanlaon,16722,Confirmed Eruption,,2.0,1866.0,0.0,0.0,Historical Observations,,,,10.412,123.132
332020,Mauna Loa,10195,Confirmed Eruption,Mokuaweoweo,0.0,1865.0,12.0,30.0,Historical Observations,1866.0,4.0,29.0,19.475,-155.608
263310,Tengger Caldera,13448,Confirmed Eruption,Bromo,2.0,1865.0,12.0,1.0,Historical Observations,1865.0,12.0,18.0,-7.942,112.95
263250,Merapi,15877,Confirmed Eruption,,2.0,1865.0,10.0,24.0,Historical Observations,1871.0,8.0,0.0,-7.54,110.446
351080,Galeras,11359,Confirmed Eruption,,3.0,1865.0,10.0,2.0,Historical Observations,1870.0,0.0,0.0,1.22,-77.37
322010,Hood,20574,Confirmed Eruption,,2.0,1865.0,9.0,21.0,Historical Observations,1866.0,1.0,0.0,45.374,-121.695
300260,Klyuchevskoy,19422,Confirmed Eruption,,2.0,1865.0,9.0,0.0,Historical Observations,,,,56.056,160.642
381040,Pico Fracture Zone,12982,Confirmed Eruption,,0.0,1865.0,7.0,9.0,Historical Observations,,,,38.75,-38.08
264180,Lewotobi,16282,Confirmed Eruption,Lewotobi Lakilaki,2.0,1865.0,5.0,4.0,Historical Observations,,,,-8.542,122.775
263300,Semeru,15980,Confirmed Eruption,,2.0,1865.0,4.0,15.0,Historical Observations,,,,-8.108,112.922
263310,Tengger Caldera,15988,Confirmed Eruption,Bromo,2.0,1865.0,4.0,0.0,Historical Observations,1865.0,5.0,0.0,-7.942,112.95
233020,"Fournaise, Piton de la",14286,Confirmed Eruption,,2.0,1865.0,2.0,5.0,Historical Observations,1865.0,2.0,10.0,-21.244,55.708
211060,Etna,13744,Confirmed Eruption,"NE flank (1865-1690 m, Mt. Sartorius)",2.0,1865.0,1.0,30.0,Historical Observations,1865.0,6.0,28.0,37.748,14.999
233010,Karthala,14189,Confirmed Eruption,,2.0,1865.0,0.0,0.0,Historical Observations,,,,-11.75,43.38
224010,Cameroon,14122,Confirmed Eruption,,2.0,1865.0,0.0,0.0,Historical Observations,,,,4.203,9.17
243050,Fonuafo'ou,14735,Uncertain Eruption,,0.0,1865.0,0.0,0.0,,,,,-20.32,-175.42
255070,Savo,15185,Uncertain Eruption,,,1865.0,0.0,0.0,,,,,-9.13,159.82
255020,Bagana,15115,Confirmed Eruption,,2.0,1865.0,0.0,0.0,Historical Observations,1883.0,0.0,0.0,-6.137,155.196
264140,Kelimutu,16261,Confirmed Eruption,,2.0,1865.0,0.0,0.0,Historical Observations,,,,-8.77,121.82
271040,Makaturing,16704,Confirmed Eruption,,2.0,1865.0,0.0,0.0,Historical Observations,,,,7.644,124.317
311360,Shishaldin,20065,Uncertain Eruption,,,1865.0,0.0,0.0,,,,,54.756,-163.97
311310,Makushin,19543,Confirmed Eruption,,,1865.0,0.0,0.0,Historical Observations,,,,53.891,-166.923
311320,Akutan,20005,Confirmed Eruption,,,1865.0,0.0,0.0,Historical Observations,,,,54.134,-165.986
321010,Baker,20461,Uncertain Eruption,Sherman Crater,,1865.0,0.0,0.0,,,,,48.777,-121.813
284140,Farallon de Pajaros,18479,Discredited Eruption,,,1865.0,0.0,0.0,,,,,20.546,144.893
354020,Ubinas,11787,Confirmed Eruption,,2.0,1865.0,0.0,0.0,Historical Observations,,,,-16.355,-70.903
355050,Olca-Paruma,11829,Uncertain Eruption,,,1865.0,0.0,0.0,Uncertain,1867.0,0.0,0.0,-20.939,-68.413
223020,Nyamuragira,14039,Confirmed Eruption,,,1865.0,,,Historical Observations,,,,-1.408,29.2
268060,Gamalama,16647,Confirmed Eruption,,2.0,1864.0,12.0,27.0,Historical Observations,1865.0,1.0,2.0,0.8,127.33
241080,Tongariro,13432,Confirmed Eruption,Ngauruhoe,2.0,1864.0,12.0,0.0,Historical Observations,1865.0,1.0,0.0,-39.157,175.632
357070,"Chillan, Nevados de",11972,Confirmed Eruption,NW flank of Cerro Blanco (Santa Gertrudis),3.0,1864.0,11.0,30.0,Historical Observations,1865.0,2.0,3.0,-36.868,-71.378
357130,Mocho-Choshuenco,12185,Confirmed Eruption,SW flank of El Mocho (Chaiquemahuida),2.0,1864.0,11.0,1.0,Historical Observations,1864.0,11.0,3.0,-39.927,-72.027
357091,Callaqui,19915,Uncertain Eruption,,,1864.0,10.0,0.0,,,,,-37.92,-71.45
357120,Villarrica,12128,Confirmed Eruption,,2.0,1864.0,10.0,0.0,Historical Observations,,,,-39.42,-71.93
268070,Makian,16687,Confirmed Eruption,,1.0,1864.0,10.0,0.0,Historical Observations,1864.0,10.0,0.0,0.32,127.4
345060,Irazu,11211,Confirmed Eruption,,2.0,1864.0,9.0,16.0,Historical Observations,1864.0,9.0,17.0,9.979,-83.852
345070,Turrialba,11245,Confirmed Eruption,Central and SW summit craters,2.0,1864.0,8.0,17.0,Historical Observations,1865.0,3.0,0.0,10.025,-83.767
211060,Etna,13743,Confirmed Eruption,Central Crater,2.0,1864.0,8.0,5.0,Historical Observations,1864.0,9.0,19.0,37.748,14.999
263340,Raung,15921,Confirmed Eruption,,2.0,1864.0,7.0,2.0,Historical Observations,1864.0,12.0,0.0,-8.119,114.056
263300,Semeru,15979,Discredited Eruption,,,1864.0,7.0,2.0,,,,,-8.108,112.922
263320,Lamongan,16081,Confirmed Eruption,,2.0,1864.0,6.0,9.0,Historical Observations,1864.0,7.0,0.0,-7.981,113.341
257050,Lopevi,15299,Confirmed Eruption,,3.0,1864.0,6.0,9.0,Historical Observations,,,,-16.507,168.346
267020,Karangetang,16497,Confirmed Eruption,,2.0,1864.0,6.0,6.0,Historical Observations,,,,2.781,125.407
268060,Gamalama,16646,Uncertain Eruption,,1.0,1864.0,6.0,4.0,,1864.0,6.0,25.0,0.8,127.33
343030,Izalco,10790,Confirmed Eruption,Summit and NE flank,2.0,1864.0,5.0,15.0,Historical Observations,1865.0,6.0,15.0,13.813,-89.633
211020,Vesuvius,13357,Confirmed Eruption,Summit and upper SE flank,2.0,1864.0,2.0,10.0,Historical Observations,1868.0,11.0,26.0,40.821,14.426
268060,Gamalama,16645,Confirmed Eruption,,2.0,1864.0,1.0,20.0,Historical Observations,1864.0,2.0,17.0,0.8,127.33
284140,Farallon de Pajaros,18478,Confirmed Eruption,SW side,2.0,1864.0,1.0,7.0,Historical Observations,,,,20.546,144.893
263280,Kelut,15949,Confirmed Eruption,,2.0,1864.0,1.0,4.0,Historical Observations,1864.0,1.0,4.0,-7.93,112.308
284180,Alamagan,18527,Uncertain Eruption,,,1864.0,1.0,0.0,,,,,17.6,145.83
284170,Pagan,18507,Confirmed Eruption,South Pagan,1.0,1864.0,0.0,0.0,Historical Observations,,,,18.13,145.8
264230,Lewotolo,16333,Confirmed Eruption,,2.0,1864.0,0.0,0.0,Historical Observations,,,,-8.272,123.505
357110,Llaima,12029,Confirmed Eruption,,3.0,1864.0,0.0,0.0,Historical Observations,,,,-38.692,-71.729
233020,"Fournaise, Piton de la",14285,Confirmed Eruption,,0.0,1863.0,12.0,20.0,Historical Observations,1864.0,1.0,29.0,-21.244,55.708
357080,Antuco,19910,Confirmed Eruption,,2.0,1863.0,12.0,0.0,Historical Observations,,,,-37.406,-71.349
268070,Makian,16686,Confirmed Eruption,,1.0,1863.0,8.0,25.0,Historical Observations,1863.0,8.0,31.0,0.32,127.4
211070,Campi Flegrei del Mar di Sicilia,13869,Confirmed Eruption,Giulia Ferdinandeo,2.0,1863.0,8.0,12.0,Historical Observations,,,,37.1,12.7
355030,Isluga,11823,Confirmed Eruption,,1.0,1863.0,8.0,0.0,Historical Observations,,,,-19.15,-68.83
321010,Baker,20460,Confirmed Eruption,Sherman Crater,2.0,1863.0,7.0,0.0,Historical Observations,,,,48.777,-121.813
273030,Mayon,16778,Uncertain Eruption,,,1863.0,5.0,30.0,,,,,13.257,123.685
261140,Marapi,15427,Confirmed Eruption,,2.0,1863.0,5.0,23.0,Historical Observations,,,,-0.38,100.474
268060,Gamalama,16644,Uncertain Eruption,,2.0,1863.0,5.0,1.0,,1863.0,6.0,0.0,0.8,127.33
211060,Etna,13742,Confirmed Eruption,Central Crater,3.0,1863.0,5.0,1.0,Historical Observations,1863.0,7.0,25.0,37.748,14.999
283270,Iwakisan,18128,Confirmed Eruption,,1.0,1863.0,3.0,23.0,Historical Observations,,,,40.656,140.303
342020,Tajumulco,10623,Uncertain Eruption,,2.0,1863.0,0.0,0.0,,,,,15.043,-91.903
222100,Longonot,13996,Confirmed Eruption,Northern flank,0.0,1863.0,0.0,0.0,Anthropology,,,,-0.914,36.446
221100,Dubbi,13938,Uncertain Eruption,,2.0,1863.0,0.0,0.0,,,,,13.579,41.809
221010,"Tair, Jebel at",13921,Confirmed Eruption,,2.0,1863.0,0.0,0.0,Historical Observations,,,,15.55,41.83
257050,Lopevi,15298,Confirmed Eruption,,2.0,1863.0,0.0,0.0,Historical Observations,,,,-16.507,168.346
257040,Ambrym,15241,Confirmed Eruption,,2.0,1863.0,0.0,0.0,Historical Observations,1864.0,0.0,0.0,-16.25,168.12
241080,Tongariro,13552,Confirmed Eruption,Ngauruhoe,2.0,1863.0,0.0,0.0,Historical Observations,1864.0,4.0,0.0,-39.157,175.632
343030,Izalco,10789,Confirmed Eruption,,0.0,1863.0,0.0,0.0,Historical Observations,,,,13.813,-89.633
352050,Cotopaxi,11570,Confirmed Eruption,,2.0,1863.0,0.0,0.0,Historical Observations,,,,-0.677,-78.436
268060,Gamalama,16643,Confirmed Eruption,,2.0,1862.0,7.0,15.0,Historical Observations,1862.0,10.0,0.0,0.8,127.33
373030,Bardarbunga,12883,Confirmed Eruption,Trollagigar,2.0,1862.0,6.0,30.0,Historical Observations,1864.0,10.0,15.0,64.633,-17.516
263250,Merapi,15848,Confirmed Eruption,,2.0,1862.0,5.0,26.0,Historical Observations,1864.0,0.0,0.0,-7.54,110.446
354040,Tutupaca,11800,Uncertain Eruption,Volcano Uncertain: reported from Tutupaca,2.0,1862.0,4.0,,Historical Observations,1862.0,5.0,,-17.026,-70.372
357080,Antuco,19909,Uncertain Eruption,,,1862.0,1.0,0.0,,1862.0,3.0,3.0,-37.406,-71.349
343100,San Miguel,10845,Confirmed Eruption,,2.0,1862.0,1.0,0.0,Historical Observations,,,,13.434,-88.269
241080,Tongariro,13551,Confirmed Eruption,Ngauruhoe,2.0,1862.0,1.0,0.0,Historical Observations,,,,-39.157,175.632
233010,Karthala,14188,Uncertain Eruption,,2.0,1862.0,0.0,0.0,,,,,-11.75,43.38
273030,Mayon,16777,Confirmed Eruption,,2.0,1862.0,0.0,0.0,Historical Observations,,,,13.257,123.685
271080,Camiguin,16717,Confirmed Eruption,Hibok-Hibok,2.0,1862.0,0.0,0.0,Historical Observations,,,,9.203,124.673
311320,Akutan,20004,Uncertain Eruption,,,1862.0,0.0,0.0,,,,,54.134,-165.986
357110,Llaima,12028,Confirmed Eruption,,3.0,1862.0,0.0,0.0,Historical Observations,,,,-38.692,-71.729
354020,Ubinas,11786,Confirmed Eruption,,2.0,1862.0,0.0,0.0,Historical Observations,,,,-16.355,-70.903
268070,Makian,16685,Confirmed Eruption,,4.0,1861.0,12.0,28.0,Historical Observations,1862.0,10.0,0.0,0.32,127.4
342090,Fuego,10712,Uncertain Eruption,,2.0,1861.0,11.0,21.0,,,,,14.473,-90.88
357070,"Chillan, Nevados de",11971,Confirmed Eruption,NW flank of Cerro Blanco (Santa Gertrudis),2.0,1861.0,6.0,0.0,Historical Observations,1863.0,0.0,0.0,-36.868,-71.378
241100,Ruapehu,14612,Confirmed Eruption,,2.0,1861.0,5.0,16.0,Historical Observations,,,,-39.28,175.57
221100,Dubbi,13937,Confirmed Eruption,,3.0,1861.0,5.0,8.0,Historical Observations,1861.0,10.0,0.0,13.579,41.809
264180,Lewotobi,16281,Confirmed Eruption,Lewotobi Lakilaki,2.0,1861.0,5.0,4.0,Historical Observations,1861.0,5.0,18.0,-8.542,122.775
373010,Grimsvotn,12816,Uncertain Eruption,,2.0,1861.0,5.0,0.0,,,,,64.416,-17.316
261140,Marapi,15426,Confirmed Eruption,,2.0,1861.0,4.0,0.0,Historical Observations,,,,-0.38,100.474
233020,"Fournaise, Piton de la",14284,Confirmed Eruption,Brulant,2.0,1861.0,3.0,19.0,Historical Observations,1861.0,3.0,19.0,-21.244,55.708
357080,Antuco,19908,Confirmed Eruption,,0.0,1861.0,2.0,0.0,Historical Observations,1861.0,8.0,0.0,-37.406,-71.349
357010,Tupungatito,11890,Confirmed Eruption,,2.0,1861.0,0.0,0.0,Historical Observations,,,,-33.425,-69.797
345070,Turrialba,11244,Uncertain Eruption,,,1861.0,0.0,0.0,,,,,10.025,-83.767
382080,Sete Cidades,13022,Confirmed Eruption,Volcano Uncertain: submarine vent off Sao Miguel,0.0,1861.0,0.0,0.0,,,,,37.87,-25.78
257010,Suretamatai,15213,Confirmed Eruption,,2.0,1861.0,0.0,0.0,Historical Observations,,,,-13.8,167.47
263250,Merapi,15847,Confirmed Eruption,,2.0,1861.0,0.0,0.0,Historical Observations,,,,-7.54,110.446
263320,Lamongan,16080,Confirmed Eruption,,2.0,1861.0,0.0,0.0,Historical Observations,,,,-7.981,113.341
273030,Mayon,16776,Confirmed Eruption,,1.0,1861.0,0.0,0.0,Historical Observations,,,,13.257,123.685
233010,Karthala,14187,Confirmed Eruption,"SE flank (Badjini Massif, 1200 m)",0.0,1860.0,12.0,29.0,Historical Observations,,,,-11.75,43.38
321010,Baker,20459,Uncertain Eruption,Sherman Crater,,1860.0,12.0,0.0,,,,,48.777,-121.813
273090,Cagua,16871,Confirmed Eruption,,2.0,1860.0,10.0,0.0,Historical Observations,,,,18.222,122.123
264050,Sangeang Api,16238,Confirmed Eruption,,2.0,1860.0,9.0,11.0,Historical Observations,1860.0,10.0,0.0,-8.2,119.07
263340,Raung,15920,Confirmed Eruption,,2.0,1860.0,9.0,0.0,Historical Observations,,,,-8.119,114.056
342090,Fuego,10711,Confirmed Eruption,,2.0,1860.0,8.0,18.0,Historical Observations,1860.0,9.0,23.0,14.473,-90.88
357070,"Chillan, Nevados de",11970,Confirmed Eruption,W flank of Volcán Viejo (Volcán Renegado),2.0,1860.0,7.0,25.0,Historical Observations,,,,-36.868,-71.378
290390,Alaid,18882,Confirmed Eruption,,3.0,1860.0,7.0,7.0,Historical Observations,1860.0,7.0,9.0,50.861,155.565
263310,Tengger Caldera,16033,Confirmed Eruption,Bromo,2.0,1860.0,6.0,12.0,Historical Observations,1860.0,6.0,14.0,-7.942,112.95
268060,Gamalama,16642,Uncertain Eruption,,1.0,1860.0,6.0,0.0,,,,,0.8,127.33
372030,Katla,12676,Confirmed Eruption,,4.0,1860.0,5.0,8.0,Historical Observations,1860.0,5.0,27.0,63.633,-19.083
263300,Semeru,15978,Confirmed Eruption,,2.0,1860.0,4.0,0.0,Historical Observations,1860.0,6.0,0.0,-8.108,112.922
263180,Slamet,15735,Confirmed Eruption,,2.0,1860.0,3.0,19.0,Historical Observations,1860.0,4.0,11.0,-7.242,109.208
233020,"Fournaise, Piton de la",14283,Confirmed Eruption,Dolomieu and l'Enclos,2.0,1860.0,1.0,22.0,Historical Observations,1860.0,3.0,20.0,-21.244,55.708
273030,Mayon,16775,Confirmed Eruption,,,1860.0,0.0,0.0,Historical Observations,,,,13.257,123.685
268070,Makian,16684,Uncertain Eruption,,1.0,1860.0,0.0,0.0,,,,,0.32,127.4
274030,Babuyan Claro,16881,Confirmed Eruption,Babuyan Claro,2.0,1860.0,0.0,0.0,Historical Observations,,,,19.523,121.94
282080,Aira,17071,Confirmed Eruption,Minami-dake,1.0,1860.0,0.0,0.0,Historical Observations,,,,31.593,130.657
290090,Chirippusan [Chirip],18759,Confirmed Eruption,SE of Bogdan Khmelinitskii summit,1.0,1860.0,0.0,0.0,Historical Observations,,,,45.338,147.92
334140,Southern EPR-Segment I,10361,Confirmed Eruption,,0.0,1860.0,0.0,0.0,Magnetism,,,,-18.53,-113.42
357040,Planchon-Peteroa,11934,Confirmed Eruption,Peteroa,2.0,1860.0,0.0,0.0,Historical Observations,,,,-35.223,-70.568
351060,Purace,11321,Confirmed Eruption,,2.0,1860.0,0.0,0.0,Historical Observations,,,,2.32,-76.4
352050,Cotopaxi,11569,Confirmed Eruption,,2.0,1860.0,0.0,0.0,Historical Observations,1862.0,0.0,0.0,-0.677,-78.436
353050,"Negra, Sierra",11705,Confirmed Eruption,Volcano Uncertain: Isabela Island,2.0,1860.0,0.0,0.0,,,,,-0.83,-91.17
345040,Poas,11148,Confirmed Eruption,,1.0,1860.0,0.0,0.0,Historical Observations,,,,10.2,-84.233
263340,Raung,15919,Confirmed Eruption,,2.0,1859.0,12.0,14.0,Historical Observations,,,,-8.119,114.056
343030,Izalco,10788,Confirmed Eruption,,0.0,1859.0,12.0,8.0,Historical Observations,1860.0,1.0,22.0,13.813,-89.633
321010,Baker,20458,Confirmed Eruption,Sherman Crater,2.0,1859.0,11.0,0.0,Historical Observations,1860.0,4.0,26.0,48.777,-121.813
290380,Ebeko,18867,Confirmed Eruption,,2.0,1859.0,9.0,27.0,Historical Observations,,,,50.686,156.014
353020,Wolf,20897,Confirmed Eruption,,,1859.0,8.0,26.0,Historical Observations,1859.0,8.0,29.0,0.02,-91.35
344010,Cosiguina,10874,Confirmed Eruption,,,1859.0,8.0,25.0,Historical Observations,,,,12.98,-87.57
322010,Hood,20573,Confirmed Eruption,,2.0,1859.0,8.0,15.0,Historical Observations,1859.0,8.0,17.0,45.374,-121.695
264180,Lewotobi,16280,Uncertain Eruption,Lewotobi Lakilaki,,1859.0,7.0,0.0,,,,,-8.542,122.775
357120,Villarrica,12127,Confirmed Eruption,,2.0,1859.0,5.0,19.0,Historical Observations,1860.0,4.0,12.0,-39.42,-71.93
233020,"Fournaise, Piton de la",14282,Confirmed Eruption,,2.0,1859.0,5.0,8.0,Historical Observations,1859.0,5.0,23.0,-21.244,55.708
241080,Tongariro,13550,Confirmed Eruption,SSE flank (Red Crater),1.0,1859.0,4.0,21.0,Historical Observations,,,,-39.157,175.632
263320,Lamongan,16079,Confirmed Eruption,,2.0,1859.0,2.0,27.0,Historical Observations,1859.0,3.0,0.0,-7.981,113.341
263310,Tengger Caldera,16032,Confirmed Eruption,Bromo,2.0,1859.0,1.0,30.0,Historical Observations,1859.0,3.0,4.0,-7.942,112.95
332020,Mauna Loa,10194,Confirmed Eruption,North flank (2800 m) and Mokuaweoweo,1.0,1859.0,1.0,23.0,Historical Observations,1859.0,11.0,25.0,19.475,-155.608
273030,Mayon,16774,Confirmed Eruption,,,1859.0,0.0,0.0,Historical Observations,,,,13.257,123.685
265070,Serua,16392,Confirmed Eruption,,2.0,1859.0,0.0,0.0,Historical Observations,,,,-6.312,130.017
233010,Karthala,14186,Confirmed Eruption,NW flank (Diboini Plateau fissures),2.0,1859.0,0.0,0.0,Historical Observations,,,,-11.75,43.38
352050,Cotopaxi,11568,Confirmed Eruption,,2.0,1859.0,0.0,0.0,Historical Observations,,,,-0.677,-78.436
344100,Masaya,11019,Confirmed Eruption,"Santiago, San Pedro",2.0,1858.0,11.0,10.0,Historical Observations,1859.0,3.0,27.0,11.985,-86.165
233020,"Fournaise, Piton de la",14281,Confirmed Eruption,,2.0,1858.0,11.0,3.0,Historical Observations,1859.0,1.0,0.0,-21.244,55.708
268060,Gamalama,16641,Uncertain Eruption,,1.0,1858.0,11.0,0.0,,1859.0,9.0,0.0,0.8,127.33
352050,Cotopaxi,11567,Confirmed Eruption,,2.0,1858.0,11.0,0.0,Historical Observations,1858.0,12.0,0.0,-0.677,-78.436
263310,Tengger Caldera,16031,Confirmed Eruption,Bromo,2.0,1858.0,10.0,18.0,Historical Observations,,,,-7.942,112.95
283080,Midagahara,17531,Discredited Eruption,,,1858.0,4.0,8.0,,,,,36.571,137.59
344100,Masaya,11018,Uncertain Eruption,,,1858.0,4.0,0.0,,,,,11.985,-86.165
355100,Lascar,11850,Confirmed Eruption,,2.0,1858.0,4.0,0.0,Historical Observations,1858.0,12.0,0.0,-23.37,-67.73
263310,Tengger Caldera,16030,Confirmed Eruption,Bromo,2.0,1858.0,3.0,4.0,Historical Observations,,,,-7.942,112.95
271060,Ragang,16710,Confirmed Eruption,,2.0,1858.0,2.0,18.0,Historical Observations,,,,7.691,124.507
343030,Izalco,10787,Confirmed Eruption,,2.0,1858.0,2.0,6.0,Historical Observations,1859.0,7.0,0.0,13.813,-89.633
273030,Mayon,13615,Confirmed Eruption,,2.0,1858.0,1.0,0.0,Historical Observations,1858.0,12.0,0.0,13.257,123.685
271040,Makaturing,16703,Uncertain Eruption,,,1858.0,0.0,0.0,,,,,7.644,124.317
265070,Serua,16391,Confirmed Eruption,,2.0,1858.0,0.0,0.0,Historical Observations,,,,-6.312,130.017
233010,Karthala,14185,Confirmed Eruption,Upper NE flank (2200 m),2.0,1858.0,0.0,0.0,Historical Observations,,,,-11.75,43.38
243070,Lateiki,14760,Confirmed Eruption,,2.0,1858.0,0.0,0.0,Historical Observations,,,,-19.18,-174.87
321010,Baker,20457,Confirmed Eruption,Sherman Crater,2.0,1858.0,0.0,0.0,Historical Observations,,,,48.777,-121.813
321030,Rainier,20498,Uncertain Eruption,,2.0,1858.0,0.0,0.0,,,,,46.853,-121.76
344090,Momotombo,10995,Confirmed Eruption,,2.0,1858.0,0.0,0.0,Historical Observations,1866.0,0.0,0.0,12.423,-86.539
343100,San Miguel,10844,Confirmed Eruption,,2.0,1857.0,11.0,0.0,Historical Observations,,,,13.434,-88.269
342090,Fuego,10708,Confirmed Eruption,,2.0,1857.0,9.0,17.0,Historical Observations,,,,14.473,-90.88
352080,Tungurahua,11636,Confirmed Eruption,,2.0,1857.0,9.0,10.0,Historical Observations,,,,-1.467,-78.442
211060,Etna,13741,Uncertain Eruption,Central Crater,1.0,1857.0,9.0,6.0,,,,,37.748,14.999
263300,Semeru,15977,Confirmed Eruption,,2.0,1857.0,8.0,13.0,Historical Observations,1857.0,9.0,0.0,-8.108,112.922
256010,Tinakula,15192,Confirmed Eruption,,2.0,1857.0,8.0,0.0,Historical Observations,,,,-10.386,165.804
290150,Chirpoi,18782,Confirmed Eruption,Cherny,3.0,1857.0,7.0,0.0,Historical Observations,,,,46.532,150.871
384010,Fogo,13134,Confirmed Eruption,SSE caldera floor,2.0,1857.0,6.0,27.0,Historical Observations,1857.0,12.0,15.0,14.95,-24.35
321050,St. Helens,20554,Confirmed Eruption,,2.0,1857.0,4.0,0.0,Historical Observations,,,,46.2,-122.18
343030,Izalco,10786,Confirmed Eruption,,2.0,1857.0,2.0,15.0,Historical Observations,1857.0,2.0,19.0,13.813,-89.633
241080,Tongariro,13549,Confirmed Eruption,Ngauruhoe,2.0,1857.0,2.0,0.0,Historical Observations,1857.0,3.0,0.0,-39.157,175.632
342090,Fuego,10707,Confirmed Eruption,,4.0,1857.0,1.0,15.0,Historical Observations,1857.0,2.0,17.0,14.473,-90.88
285090,Shiretoko-Iozan,18727,Confirmed Eruption,,,1857.0,0.0,0.0,Historical Observations,1858.0,0.0,0.0,44.133,145.161
285050,Tokachidake,18644,Confirmed Eruption,,2.0,1857.0,0.0,0.0,Historical Observations,,,,43.418,142.686
243080,Home Reef,14769,Uncertain Eruption,,2.0,1857.0,0.0,0.0,,,,,-18.992,-174.775
211040,Stromboli,13426,Confirmed Eruption,Summit craters and Sciara del Fuoco,3.0,1857.0,0.0,0.0,Historical Observations,1889.0,6.0,26.0,38.789,15.213
233010,Karthala,14184,Confirmed Eruption,SE flank (Badjini Massif) & summit,2.0,1857.0,0.0,0.0,Historical Observations,,,,-11.75,43.38
263310,Tengger Caldera,16029,Confirmed Eruption,Bromo,2.0,1857.0,0.0,0.0,Historical Observations,,,,-7.942,112.95
273030,Mayon,13614,Confirmed Eruption,,2.0,1857.0,0.0,0.0,Historical Observations,,,,13.257,123.685
274010,Camiguin de Babuyanes,16872,Confirmed Eruption,SW flank,2.0,1857.0,0.0,0.0,Historical Observations,,,,18.83,121.86
352050,Cotopaxi,11566,Confirmed Eruption,,2.0,1857.0,0.0,0.0,Historical Observations,,,,-0.677,-78.436
352010,Reventador,11431,Confirmed Eruption,,3.0,1856.0,12.0,12.0,Historical Observations,1856.0,12.0,13.0,-0.077,-77.656
344100,Masaya,11017,Confirmed Eruption,Santiago or San Pedro,2.0,1856.0,12.0,0.0,Historical Observations,1857.0,1.0,0.0,11.985,-86.165
271060,Ragang,16709,Confirmed Eruption,,2.0,1856.0,11.0,1.0,Historical Observations,,,,7.691,124.507
352050,Cotopaxi,11565,Confirmed Eruption,,2.0,1856.0,10.0,0.0,Historical Observations,1856.0,12.0,0.0,-0.677,-78.436
274020,Didicas,16874,Confirmed Eruption,,2.0,1856.0,9.0,30.0,Historical Observations,1860.0,10.0,0.0,19.077,122.202
342090,Fuego,10706,Confirmed Eruption,,2.0,1856.0,9.0,29.0,Historical Observations,1856.0,9.0,30.0,14.473,-90.88
285020,Hokkaido-Komagatake,18567,Confirmed Eruption,Ansei Crater,4.0,1856.0,9.0,25.0,Historical Observations,,,,42.063,140.677
263310,Tengger Caldera,16028,Confirmed Eruption,Volcano Uncertain,2.0,1856.0,9.0,10.0,,,,,-7.942,112.95
263300,Semeru,15976,Confirmed Eruption,,2.0,1856.0,9.0,10.0,Historical Observations,,,,-8.108,112.922
267010,Ruang,16480,Confirmed Eruption,,1.0,1856.0,9.0,0.0,Historical Observations,,,,2.3,125.37
343030,Izalco,10785,Confirmed Eruption,Summit and south flank,2.0,1856.0,5.0,24.0,Historical Observations,1856.0,9.0,1.0,13.813,-89.633
283270,Iwakisan,18127,Uncertain Eruption,,2.0,1856.0,5.0,20.0,,,,,40.656,140.303
352050,Cotopaxi,11564,Confirmed Eruption,,2.0,1856.0,5.0,0.0,Historical Observations,,,,-0.677,-78.436
261050,"Telong, Bur ni",15398,Confirmed Eruption,,2.0,1856.0,4.0,14.0,Historical Observations,,,,4.769,96.821
282110,Asosan,17285,Confirmed Eruption,Naka-dake,2.0,1856.0,3.0,18.0,Historical Observations,1856.0,6.0,13.0,32.884,131.104
267040,Awu,16557,Confirmed Eruption,,3.0,1856.0,3.0,2.0,Historical Observations,1856.0,3.0,17.0,3.689,125.447
263320,Lamongan,16078,Confirmed Eruption,,2.0,1856.0,3.0,1.0,Historical Observations,1856.0,6.0,14.0,-7.981,113.341
342090,Fuego,10705,Confirmed Eruption,,2.0,1856.0,1.0,9.0,Historical Observations,1856.0,3.0,7.0,14.473,-90.88
342060,Atitlan,10647,Uncertain Eruption,,2.0,1856.0,0.0,0.0,,,,,14.583,-91.186
321010,Baker,20456,Uncertain Eruption,Sherman Crater,,1856.0,0.0,0.0,,,,,48.777,-121.813
300121,Veer,19108,Discredited Eruption,,,1856.0,0.0,0.0,,,,,53.75,158.45
271040,Makaturing,16702,Uncertain Eruption,,,1856.0,0.0,0.0,,,,,7.644,124.317
257010,Suretamatai,15212,Confirmed Eruption,,2.0,1856.0,0.0,0.0,Historical Observations,,,,-13.8,167.47
241040,Whakaari/White Island,14462,Uncertain Eruption,,2.0,1856.0,0.0,0.0,,,,,-37.52,177.18
265090,Banda Api,16416,Uncertain Eruption,,,1855.0,12.0,29.0,,1855.0,12.0,30.0,-4.523,129.881
211020,Vesuvius,13355,Confirmed Eruption,Summit and SW flank (300-225 m),3.0,1855.0,12.0,19.0,Historical Observations,1861.0,12.0,31.0,40.821,14.426
343100,San Miguel,10843,Confirmed Eruption,SSE flank (800 m),2.0,1855.0,12.0,0.0,Historical Observations,,,,13.434,-88.269
352050,Cotopaxi,11563,Confirmed Eruption,,2.0,1855.0,11.0,0.0,Historical Observations,,,,-0.677,-78.436
261140,Marapi,15425,Confirmed Eruption,,2.0,1855.0,10.0,2.0,Historical Observations,1856.0,1.0,0.0,-0.38,100.474
342090,Fuego,10704,Confirmed Eruption,,2.0,1855.0,9.0,29.0,Historical Observations,1855.0,9.0,30.0,14.473,-90.88
332020,Mauna Loa,10193,Confirmed Eruption,NE rift zone (3200 m) and Mokuaweoweo,1.0,1855.0,8.0,11.0,Historical Observations,1856.0,11.0,0.0,19.475,-155.608
256010,Tinakula,15191,Confirmed Eruption,,2.0,1855.0,8.0,0.0,Historical Observations,,,,-10.386,165.804
233010,Karthala,14183,Confirmed Eruption,SE flank,2.0,1855.0,7.0,1.0,Historical Observations,,,,-11.75,43.38
300100,Avachinsky,19092,Confirmed Eruption,,2.0,1855.0,5.0,28.0,Historical Observations,1855.0,9.0,4.0,53.256,158.836
345070,Turrialba,11243,Confirmed Eruption,,2.0,1855.0,5.0,0.0,Historical Observations,,,,10.025,-83.767
300070,Gorely,19016,Uncertain Eruption,,2.0,1855.0,4.0,0.0,,,,,52.559,158.03
273030,Mayon,13613,Confirmed Eruption,,2.0,1855.0,3.0,22.0,Historical Observations,,,,13.257,123.685
282020,Io-Torishima,16915,Confirmed Eruption,,2.0,1855.0,3.0,0.0,Historical Observations,1855.0,5.0,0.0,27.881,128.223
341130,Tacana,10618,Uncertain Eruption,SW side,1.0,1855.0,1.0,12.0,,,,,15.132,-92.109
290290,Sinarka,18836,Confirmed Eruption,,2.0,1855.0,0.0,0.0,Historical Observations,,,,48.873,154.182
222130,Chyulu Hills,13830,Confirmed Eruption,Shaitani and Chaimu,2.0,1855.0,0.0,0.0,Anthropology,,,,-2.68,37.88
213030,Tenduruk Dagi,13532,Confirmed Eruption,,,1855.0,0.0,0.0,Historical Observations,,,,39.356,43.874
241080,Tongariro,13548,Confirmed Eruption,SSE flank (Red Crater),2.0,1855.0,0.0,0.0,Historical Observations,,,,-39.157,175.632
358010,Osorno,12236,Confirmed Eruption,,2.0,1855.0,0.0,0.0,Historical Observations,,,,-41.105,-72.496
283030,Fujisan,17455,Uncertain Eruption,,,1854.0,12.0,23.0,,1855.0,1.0,9.0,35.361,138.728
211020,Vesuvius,13354,Confirmed Eruption,Summit and upper N flank,3.0,1854.0,12.0,14.0,Historical Observations,1855.0,5.0,27.0,40.821,14.426
352050,Cotopaxi,11562,Confirmed Eruption,,2.0,1854.0,9.0,14.0,Historical Observations,,,,-0.677,-78.436
263250,Merapi,15846,Uncertain Eruption,,,1854.0,9.0,0.0,,,,,-7.54,110.446
300130,Karymsky,19158,Confirmed Eruption,,2.0,1854.0,9.0,0.0,Historical Observations,,,,54.049,159.443
261140,Marapi,15422,Confirmed Eruption,,2.0,1854.0,8.0,29.0,Historical Observations,,,,-0.38,100.474
300100,Avachinsky,19091,Confirmed Eruption,,2.0,1854.0,8.0,13.0,Historical Observations,,,,53.256,158.836
322010,Hood,20572,Uncertain Eruption,,,1854.0,8.0,0.0,,,,,45.374,-121.695
290340,Fuss Peak,18842,Confirmed Eruption,,3.0,1854.0,7.0,5.0,Historical Observations,,,,50.267,155.246
290390,Alaid,18881,Confirmed Eruption,,3.0,1854.0,6.0,27.0,Historical Observations,,,,50.861,155.565
290150,Chirpoi,18781,Confirmed Eruption,Snow (or Cherny),2.0,1854.0,6.0,24.0,Historical Observations,,,,46.532,150.871
268070,Makian,16683,Uncertain Eruption,,1.0,1854.0,6.0,18.0,,1854.0,6.0,18.0,0.32,127.4
343030,Izalco,10784,Confirmed Eruption,,2.0,1854.0,5.0,13.0,Historical Observations,1854.0,6.0,8.0,13.813,-89.633
264010,Batur,16183,Confirmed Eruption,Batur I,1.0,1854.0,4.0,28.0,Historical Observations,,,,-8.242,115.375
352050,Cotopaxi,11561,Confirmed Eruption,,2.0,1854.0,4.0,3.0,Historical Observations,,,,-0.677,-78.436
282110,Asosan,17284,Confirmed Eruption,Naka-dake,2.0,1854.0,2.0,26.0,Historical Observations,,,,32.884,131.104
300270,Sheveluch,19572,Confirmed Eruption,,5.0,1854.0,2.0,18.0,Historical Observations,,,,56.653,161.36
355110,Llullaillaco,11879,Confirmed Eruption,,2.0,1854.0,2.0,10.0,Historical Observations,,,,-24.72,-68.53
344090,Momotombo,10994,Confirmed Eruption,,2.0,1854.0,2.0,0.0,Historical Observations,1854.0,3.0,0.0,12.423,-86.539
321050,St. Helens,20553,Confirmed Eruption,North flank,2.0,1854.0,2.0,0.0,Historical Observations,1854.0,4.0,0.0,46.2,-122.18
355100,Lascar,11849,Confirmed Eruption,Lascar or Aguas Calientes,1.0,1854.0,1.0,20.0,Historical Observations,1854.0,1.0,30.0,-23.37,-67.73
281020,Unnamed,16904,Uncertain Eruption,,0.0,1854.0,1.0,15.0,,,,,21.83,121.18
274050,Unnamed,16890,Confirmed Eruption,,0.0,1854.0,1.0,15.0,Historical Observations,,,,20.33,121.75
241030,Taranaki,14459,Uncertain Eruption,,,1854.0,0.0,0.0,Historical Observations,,,,-39.3,174.07
243090,Late,14774,Confirmed Eruption,NE flank,2.0,1854.0,0.0,0.0,Historical Observations,,,,-18.806,-174.65
243060,Tofua,14746,Confirmed Eruption,,2.0,1854.0,0.0,0.0,Historical Observations,,,,-19.75,-175.07
321030,Rainier,20497,Uncertain Eruption,,2.0,1854.0,0.0,0.0,,,,,46.853,-121.76
321010,Baker,20455,Confirmed Eruption,Sherman Crater,2.0,1854.0,0.0,0.0,Historical Observations,,,,48.777,-121.813
300080,Opala,19036,Uncertain Eruption,,,1854.0,0.0,0.0,,,,,52.543,157.339
283090,Niigata-Yakeyama,17541,Confirmed Eruption,NW flank,,1854.0,0.0,0.0,Historical Observations,,,,36.921,138.036
345020,Rincon de la Vieja,11091,Confirmed Eruption,,2.0,1854.0,0.0,0.0,Historical Observations,1863.0,8.0,0.0,10.83,-85.324
343100,San Miguel,10842,Uncertain Eruption,,2.0,1854.0,0.0,0.0,,,,,13.434,-88.269
373010,Grimsvotn,12815,Confirmed Eruption,,2.0,1854.0,0.0,0.0,Historical Observations,,,,64.416,-17.316
300100,Avachinsky,19090,Confirmed Eruption,,2.0,1853.0,12.0,21.0,Historical Observations,1854.0,3.0,14.0,53.256,158.836
300060,Mutnovsky,18961,Confirmed Eruption,,2.0,1853.0,12.0,18.0,Historical Observations,1854.0,3.0,0.0,52.449,158.196
290360,Chikurachki,18846,Confirmed Eruption,,3.0,1853.0,12.0,0.0,Historical Observations,1859.0,0.0,0.0,50.324,155.461
261220,Kaba,15539,Confirmed Eruption,,2.0,1853.0,11.0,0.0,Historical Observations,,,,-3.522,102.615
357120,Villarrica,12126,Confirmed Eruption,,2.0,1853.0,11.0,0.0,Historical Observations,,,,-39.42,-71.93
281030,Unnamed,16907,Confirmed Eruption,,2.0,1853.0,10.0,29.0,Historical Observations,1853.0,11.0,0.0,24.132,121.926
300260,Klyuchevskoy,19421,Confirmed Eruption,,2.0,1853.0,10.0,0.0,Historical Observations,1854.0,2.0,17.0,56.056,160.642
352050,Cotopaxi,11560,Confirmed Eruption,,3.0,1853.0,9.0,13.0,Historical Observations,1853.0,9.0,15.0,-0.677,-78.436
273030,Mayon,13612,Confirmed Eruption,,3.0,1853.0,7.0,13.0,Historical Observations,1853.0,8.0,26.0,13.257,123.685
322070,Three Sisters,20595,Discredited Eruption,,,1853.0,7.0,0.0,,,,,44.133,-121.767
243110,Niuafo'ou,14787,Confirmed Eruption,SW caldera rim (Ahau village area),0.0,1853.0,6.0,24.0,Historical Observations,1853.0,6.0,24.0,-15.6,-175.63
342060,Atitlan,10646,Confirmed Eruption,,3.0,1853.0,5.0,3.0,Historical Observations,,,,14.583,-91.186
285030,Toya,18598,Confirmed Eruption,O-Usu,4.0,1853.0,4.0,22.0,Historical Observations,1853.0,9.0,0.0,42.544,140.839
344100,Masaya,11016,Confirmed Eruption,Santiago,1.0,1853.0,4.0,9.0,Historical Observations,1853.0,9.0,15.0,11.985,-86.165
321050,St. Helens,20552,Confirmed Eruption,North flank,2.0,1853.0,3.0,15.0,Historical Observations,1853.0,8.0,0.0,46.2,-122.18
263060,Gede-Pangrango,15651,Confirmed Eruption,,3.0,1853.0,3.0,14.0,Historical Observations,1853.0,3.0,14.0,-6.77,106.965
357100,Lonquimay,12012,Confirmed Eruption,,3.0,1853.0,2.0,0.0,Historical Observations,,,,-38.379,-71.586
261230,Dempo,15551,Confirmed Eruption,,2.0,1853.0,1.0,1.0,Historical Observations,,,,-4.016,103.121
300060,Mutnovsky,18960,Confirmed Eruption,,2.0,1853.0,1.0,0.0,Historical Observations,,,,52.449,158.196
322010,Hood,20571,Uncertain Eruption,,,1853.0,0.0,0.0,,,,,45.374,-121.695
355100,Lascar,11848,Uncertain Eruption,,2.0,1853.0,0.0,0.0,,,,,-23.37,-67.73
345020,Rincon de la Vieja,11090,Confirmed Eruption,,2.0,1853.0,0.0,0.0,Historical Observations,,,,10.83,-85.324
345070,Turrialba,11242,Confirmed Eruption,,2.0,1853.0,0.0,0.0,Historical Observations,,,,10.025,-83.767
321010,Baker,20454,Confirmed Eruption,Sherman Crater,2.0,1852.0,12.0,1.0,Historical Observations,1853.0,1.0,0.0,48.777,-121.813
344010,Cosiguina,10873,Confirmed Eruption,,2.0,1852.0,12.0,0.0,Historical Observations,,,,12.98,-87.57
283090,Niigata-Yakeyama,17540,Confirmed Eruption,NW flank,2.0,1852.0,11.0,1.0,Historical Observations,1853.0,5.0,0.0,36.921,138.036
357080,Antuco,19907,Confirmed Eruption,NE flank fissure and summit,3.0,1852.0,11.0,0.0,Historical Observations,1853.0,1.0,0.0,-37.406,-71.349
264230,Lewotolo,16332,Confirmed Eruption,K2 crater,2.0,1852.0,10.0,5.0,Historical Observations,1852.0,10.0,6.0,-8.272,123.505
211060,Etna,13740,Confirmed Eruption,East (Valle del Bove 1950-1700 m),2.0,1852.0,8.0,20.0,Historical Observations,1853.0,5.0,27.0,37.748,14.999
300260,Klyuchevskoy,19420,Confirmed Eruption,,2.0,1852.0,8.0,0.0,Historical Observations,,,,56.056,160.642
344100,Masaya,11015,Confirmed Eruption,Between Masaya and Nindirí Craters,2.0,1852.0,6.0,0.0,Historical Observations,1852.0,7.0,0.0,11.985,-86.165
263060,Gede-Pangrango,15650,Confirmed Eruption,,2.0,1852.0,5.0,28.0,Historical Observations,1852.0,5.0,28.0,-6.77,106.965
300140,Maly Semyachik,17638,Confirmed Eruption,Ceno-Semiachik (Troitsky Crater),2.0,1852.0,4.0,15.0,Historical Observations,1852.0,7.0,0.0,54.135,159.674
300060,Mutnovsky,18959,Confirmed Eruption,,2.0,1852.0,3.0,0.0,Historical Observations,,,,52.449,158.196
384010,Fogo,13133,Confirmed Eruption,NNW caldera floor,2.0,1852.0,2.0,19.0,Historical Observations,1852.0,3.0,30.0,14.95,-24.35
332020,Mauna Loa,10192,Confirmed Eruption,NE rift zone (2560 m) and Mokuaweoweo,2.0,1852.0,2.0,17.0,Historical Observations,1852.0,3.0,11.0,19.475,-155.608
300260,Klyuchevskoy,19419,Confirmed Eruption,,2.0,1852.0,2.0,0.0,Historical Observations,1852.0,3.0,0.0,56.056,160.642
311320,Akutan,20003,Confirmed Eruption,NW flank (Lava Point),,1852.0,0.0,0.0,Historical Observations,,,,54.134,-165.986
312030,Pavlof,20118,Uncertain Eruption,Upper north flank,1.0,1852.0,0.0,0.0,,,,,55.417,-161.894
312070,Veniaminof,20159,Uncertain Eruption,Western intracaldera cone,2.0,1852.0,0.0,0.0,,,,,56.17,-159.38
312130,Ugashik-Peulik,20204,Uncertain Eruption,Peulik,,1852.0,0.0,0.0,,,,,57.751,-156.368
312110,Chiginagak,20196,Discredited Eruption,,,1852.0,0.0,0.0,,,,,57.135,-156.99
342060,Atitlan,10645,Uncertain Eruption,,2.0,1852.0,0.0,0.0,,,,,14.583,-91.186
342090,Fuego,10703,Uncertain Eruption,,2.0,1852.0,0.0,0.0,,,,,14.473,-90.88
341090,Popocatepetl,10540,Uncertain Eruption,,1.0,1852.0,0.0,0.0,,,,,19.023,-98.622
300130,Karymsky,19157,Confirmed Eruption,,2.0,1852.0,0.0,0.0,Historical Observations,,,,54.049,159.443
273010,Bulusan,16755,Uncertain Eruption,,,1852.0,0.0,0.0,,,,,12.769,124.056
264270,Sirung,16354,Uncertain Eruption,,2.0,1852.0,0.0,0.0,,,,,-8.508,124.13
224010,Cameroon,14121,Confirmed Eruption,West flank,2.0,1852.0,0.0,0.0,Historical Observations,,,,4.203,9.17
233020,"Fournaise, Piton de la",14280,Confirmed Eruption,Brulant,0.0,1852.0,0.0,0.0,Historical Observations,,,,-21.244,55.708
243070,Lateiki,14759,Uncertain Eruption,,0.0,1852.0,0.0,0.0,,,,,-19.18,-174.87
243080,Home Reef,14768,Confirmed Eruption,,2.0,1852.0,0.0,0.0,Historical Observations,,,,-18.992,-174.775
260010,Barren Island,15382,Uncertain Eruption,,2.0,1852.0,0.0,0.0,,,,,12.278,93.858
344090,Momotombo,10993,Confirmed Eruption,,2.0,1852.0,0.0,0.0,Historical Observations,,,,12.423,-86.539
352050,Cotopaxi,11559,Confirmed Eruption,,2.0,1852.0,0.0,0.0,Historical Observations,,,,-0.677,-78.436
357110,Llaima,12027,Confirmed Eruption,,2.0,1852.0,0.0,0.0,Historical Observations,1853.0,0.0,0.0,-38.692,-71.729
357120,Villarrica,12125,Uncertain Eruption,,,1852.0,0.0,0.0,,,,,-39.42,-71.93
358010,Osorno,12235,Discredited Eruption,,,1852.0,0.0,0.0,,,,,-41.105,-72.496
300100,Avachinsky,19089,Confirmed Eruption,,2.0,1851.0,11.0,26.0,Historical Observations,1852.0,2.0,14.0,53.256,158.836
300140,Maly Semyachik,17637,Confirmed Eruption,Ceno-Semiachik (Troitsky Crater),2.0,1851.0,9.0,0.0,Historical Observations,,,,54.135,159.674
332020,Mauna Loa,10191,Confirmed Eruption,Mokuaweoweo and SW rift zone,0.0,1851.0,8.0,8.0,Historical Observations,1851.0,8.0,11.0,19.475,-155.608
360120,Pelee,12429,Confirmed Eruption,Upper Rivière Claire valley (900 m elevation),2.0,1851.0,8.0,5.0,Historical Observations,1852.0,2.0,1.0,14.809,-61.165
352050,Cotopaxi,11558,Confirmed Eruption,,2.0,1851.0,6.0,0.0,Historical Observations,,,,-0.677,-78.436
273030,Mayon,13611,Confirmed Eruption,,1.0,1851.0,5.0,26.0,Historical Observations,1851.0,6.0,0.0,13.257,123.685
263280,Kelut,15948,Confirmed Eruption,,2.0,1851.0,1.0,24.0,Historical Observations,,,,-7.93,112.308
263300,Semeru,15975,Confirmed Eruption,,2.0,1851.0,1.0,0.0,Historical Observations,,,,-8.108,112.922
243070,Lateiki,14758,Confirmed Eruption,,0.0,1851.0,0.0,0.0,Historical Observations,,,,-19.18,-174.87
233020,"Fournaise, Piton de la",14279,Confirmed Eruption,"Brulant, l'Enclos Velain",0.0,1851.0,0.0,0.0,Historical Observations,,,,-21.244,55.708
345020,Rincon de la Vieja,11089,Uncertain Eruption,,,1851.0,0.0,0.0,,,,,10.83,-85.324
358010,Osorno,12234,Confirmed Eruption,,2.0,1851.0,0.0,0.0,Historical Observations,,,,-41.105,-72.496
376010,Jan Mayen,12969,Confirmed Eruption,"Beerenberg (Kokssletta, NE flank)",,1851.0,0.0,0.0,Historical Observations,,,,71.082,-8.155
233020,"Fournaise, Piton de la",14278,Confirmed Eruption,,0.0,1850.0,11.0,3.0,Historical Observations,1850.0,11.0,12.0,-21.244,55.708
323080,Lassen Volcanic Center,20656,Discredited Eruption,,,1850.0,8.0,0.0,,1851.0,0.0,0.0,40.492,-121.508
344070,"Negro, Cerro",10944,Confirmed Eruption,,2.0,1850.0,4.0,13.0,Historical Observations,1850.0,5.0,27.0,12.506,-86.702
321010,Baker,20453,Uncertain Eruption,Sherman Crater,,1850.0,3.0,0.0,,,,,48.777,-121.813
321050,St. Helens,20551,Confirmed Eruption,North flank,2.0,1850.0,3.0,0.0,Historical Observations,1850.0,5.0,0.0,46.2,-122.18
341120,"Chichon, El",10609,Confirmed Eruption,,,1850.0,0.0,0.0,Anthropology,,,,17.36,-93.228
342090,Fuego,10702,Uncertain Eruption,,2.0,1850.0,0.0,0.0,,,,,14.473,-90.88
304030,Kunlun Volcanic Group,19631,Uncertain Eruption,,,1850.0,0.0,0.0,,,,,35.52,80.2
233010,Karthala,14182,Confirmed Eruption,West-SW flank (400 m),0.0,1850.0,0.0,0.0,Historical Observations,,,,-11.75,43.38
231001,Harrat Ash Shamah,14149,Confirmed Eruption,Jabal Druse,0.0,1850.0,0.0,0.0,Historical Observations,,,,32.333,37.583
252140,Rabaul,15088,Confirmed Eruption,Sulfur Creek,2.0,1850.0,0.0,0.0,Historical Observations,,,,-4.271,152.203
274050,Unnamed,16889,Confirmed Eruption,,0.0,1850.0,0.0,0.0,Historical Observations,,,,20.33,121.75
344040,Telica,10906,Discredited Eruption,,,1850.0,0.0,0.0,,,,,12.606,-86.84
343030,Izalco,10783,Confirmed Eruption,,2.0,1850.0,0.0,0.0,Historical Observations,,,,13.813,-89.633
344110,Mombacho,11044,Discredited Eruption,,,1850.0,0.0,0.0,,,,,11.826,-85.968
352050,Cotopaxi,11557,Confirmed Eruption,,2.0,1850.0,0.0,0.0,Historical Observations,,,,-0.677,-78.436
353060,"Azul, Cerro",11717,Confirmed Eruption,,,1850.0,0.0,0.0,Surface Exposure,,,,-0.92,-91.408
357160,Puntiagudo-Cordon Cenizos,12217,Confirmed Eruption,Cordón Cenizos,,1850.0,0.0,0.0,Historical Observations,,,,-40.969,-72.264
390041,Paulet,13198,Uncertain Eruption,,,1850.0,0.0,0.0,,,,,-63.579,-55.78
390031,Penguin Island,13164,Confirmed Eruption,Deacon Peak,,1850.0,0.0,0.0,Historical Observations,,,,-62.1,-57.93
357120,Villarrica,21006,Confirmed Eruption,,2.0,1850.0,,,Varve Count,,,,-39.42,-71.93
263340,Raung,15918,Confirmed Eruption,,,1849.0,12.0,1.0,Historical Observations,,,,-8.119,114.056
263180,Slamet,15734,Confirmed Eruption,,2.0,1849.0,12.0,1.0,Historical Observations,,,,-7.242,109.208
268060,Gamalama,16640,Confirmed Eruption,,2.0,1849.0,11.0,27.0,Historical Observations,1850.0,11.0,19.0,0.8,127.33
264230,Lewotolo,16331,Confirmed Eruption,,2.0,1849.0,10.0,6.0,Historical Observations,,,,-8.272,123.505
353020,Wolf,20898,Confirmed Eruption,Volcano Uncertain: either Wolf or Darwin,0.0,1849.0,9.0,27.0,Historical Observations,1849.0,9.0,27.0,0.02,-91.35
263250,Merapi,15876,Confirmed Eruption,,3.0,1849.0,9.0,14.0,Historical Observations,1849.0,9.0,24.0,-7.54,110.446
263320,Lamongan,16077,Confirmed Eruption,Summit and north flank,2.0,1849.0,6.0,0.0,Historical Observations,1849.0,9.0,0.0,-7.981,113.341
332020,Mauna Loa,10190,Confirmed Eruption,Mokuaweoweo,0.0,1849.0,5.0,0.0,Historical Observations,,,,19.475,-155.608
263250,Merapi,15875,Confirmed Eruption,,2.0,1849.0,4.0,26.0,Historical Observations,1849.0,4.0,26.0,-7.54,110.446
263130,Guntur,15713,Discredited Eruption,,,1849.0,0.0,0.0,,,,,-7.143,107.84
263300,Semeru,15974,Uncertain Eruption,,,1849.0,0.0,0.0,,,,,-8.108,112.922
263280,Kelut,15947,Uncertain Eruption,,,1849.0,0.0,0.0,,,,,-7.93,112.308
264010,Batur,16182,Confirmed Eruption,,2.0,1849.0,0.0,0.0,Historical Observations,,,,-8.242,115.375
233020,"Fournaise, Piton de la",14277,Confirmed Eruption,,0.0,1849.0,0.0,0.0,Historical Observations,,,,-21.244,55.708
321050,St. Helens,20550,Uncertain Eruption,North flank,2.0,1849.0,0.0,0.0,,,,,46.2,-122.18
290161,Milna,18788,Confirmed Eruption,Goriaschaia Sopka,2.0,1849.0,0.0,0.0,Historical Observations,,,,46.815,151.786
344090,Momotombo,10992,Confirmed Eruption,,2.0,1849.0,0.0,0.0,Historical Observations,,,,12.423,-86.539
345020,Rincon de la Vieja,11088,Confirmed Eruption,Volcano Uncertain: more likely Rincón de la Vieja than Orosí,2.0,1849.0,0.0,0.0,,,,,10.83,-85.324
263300,Semeru,15973,Confirmed Eruption,,2.0,1848.0,8.0,4.0,Historical Observations,,,,-8.108,112.922
263280,Kelut,15946,Confirmed Eruption,,3.0,1848.0,5.0,16.0,Historical Observations,1848.0,5.0,17.0,-7.93,112.308
263060,Gede-Pangrango,15649,Confirmed Eruption,,2.0,1848.0,5.0,8.0,Historical Observations,,,,-6.77,106.965
251070,Ritter Island,14968,Uncertain Eruption,,,1848.0,4.0,13.0,,1848.0,7.0,10.0,-5.519,148.115
321050,St. Helens,20549,Confirmed Eruption,,2.0,1848.0,4.0,1.0,Historical Observations,,,,46.2,-122.18
311320,Akutan,20002,Confirmed Eruption,,2.0,1848.0,3.0,5.0,Historical Observations,,,,54.134,-165.986
263300,Semeru,15972,Confirmed Eruption,,2.0,1848.0,2.0,0.0,Historical Observations,,,,-8.108,112.922
283270,Iwakisan,18126,Uncertain Eruption,,2.0,1848.0,1.0,18.0,,,,,40.656,140.303
263250,Merapi,15874,Uncertain Eruption,,,1848.0,1.0,8.0,,,,,-7.54,110.446
233020,"Fournaise, Piton de la",14276,Confirmed Eruption,,0.0,1848.0,0.0,0.0,Historical Observations,,,,-21.244,55.708
233010,Karthala,14181,Confirmed Eruption,SE flank,0.0,1848.0,0.0,0.0,Historical Observations,,,,-11.75,43.38
290300,Kharimkotan,17618,Confirmed Eruption,Severgin,2.0,1848.0,0.0,0.0,Historical Observations,,,,49.12,154.508
290010,Tomariyama [Golovnin],18735,Confirmed Eruption,Eastern explosion crater,1.0,1848.0,0.0,0.0,Historical Observations,,,,43.844,145.504
300060,Mutnovsky,18958,Confirmed Eruption,,3.0,1848.0,0.0,0.0,Historical Observations,,,,52.449,158.196
300260,Klyuchevskoy,19418,Confirmed Eruption,,2.0,1848.0,0.0,0.0,Historical Observations,,,,56.056,160.642
341021,Socorro,10371,Uncertain Eruption,,2.0,1848.0,0.0,0.0,,,,,18.78,-110.95
357080,Antuco,19906,Uncertain Eruption,,2.0,1848.0,0.0,0.0,,,,,-37.406,-71.349
355100,Lascar,11847,Confirmed Eruption,Lascar or Agua Calientes,2.0,1848.0,0.0,0.0,Historical Observations,,,,-23.37,-67.73
263200,Dieng Volcanic Complex,15775,Confirmed Eruption,Pakuwaja,2.0,1847.0,12.0,4.0,Historical Observations,,,,-7.2,109.879
351060,Purace,11320,Confirmed Eruption,,3.0,1847.0,10.0,27.0,Historical Observations,1852.0,0.0,0.0,2.32,-76.4
263060,Gede-Pangrango,15648,Confirmed Eruption,,2.0,1847.0,10.0,17.0,Historical Observations,1847.0,10.0,18.0,-6.77,106.965
263130,Guntur,15712,Confirmed Eruption,,2.0,1847.0,10.0,16.0,Historical Observations,1847.0,10.0,28.0,-7.143,107.84
263320,Lamongan,16076,Confirmed Eruption,,2.0,1847.0,9.0,25.0,Historical Observations,,,,-7.981,113.341
268060,Gamalama,16639,Confirmed Eruption,,,1847.0,9.0,7.0,Historical Observations,1847.0,9.0,7.0,0.8,127.33
243061,Kao,22255,Confirmed Eruption,,2.0,1847.0,7.0,10.0,Historical Observations,,,,-19.668,-175.016
243060,Tofua,22253,Confirmed Eruption,,1.0,1847.0,7.0,10.0,Historical Observations,,,,-19.75,-175.07
345060,Irazu,11210,Confirmed Eruption,,2.0,1847.0,5.0,18.0,Historical Observations,,,,9.979,-83.852
384010,Fogo,13132,Confirmed Eruption,North caldera floor,2.0,1847.0,4.0,9.0,Historical Observations,1847.0,5.0,2.0,14.95,-24.35
263320,Lamongan,16075,Confirmed Eruption,,2.0,1847.0,3.0,26.0,Historical Observations,1847.0,6.0,26.0,-7.981,113.341
321050,St. Helens,20548,Confirmed Eruption,North flank (Goat Rocks),2.0,1847.0,3.0,26.0,Historical Observations,1847.0,3.0,30.0,46.2,-122.18
263180,Slamet,15733,Confirmed Eruption,,2.0,1847.0,3.0,20.0,Historical Observations,,,,-7.242,109.208
268060,Gamalama,16637,Confirmed Eruption,,2.0,1847.0,2.0,7.0,Historical Observations,1847.0,2.0,7.0,0.8,127.33
264260,"Tara, Batu",16351,Confirmed Eruption,,2.0,1847.0,0.0,0.0,Historical Observations,1852.0,8.0,31.0,-7.791,123.585
264010,Batur,16181,Uncertain Eruption,,,1847.0,0.0,0.0,,,,,-8.242,115.375
233020,"Fournaise, Piton de la",14275,Confirmed Eruption,,0.0,1847.0,0.0,0.0,Historical Observations,,,,-21.244,55.708
345070,Turrialba,11241,Uncertain Eruption,,,1847.0,0.0,0.0,,,,,10.025,-83.767
357060,"Azul, Cerro",11950,Confirmed Eruption,Quizapu,2.0,1846.0,11.0,26.0,Historical Observations,1853.0,0.0,0.0,-35.653,-70.761
285011,Esan,18551,Confirmed Eruption,,1.0,1846.0,11.0,18.0,Historical Observations,,,,41.805,141.166
353010,Fernandina,11658,Confirmed Eruption,East flank,0.0,1846.0,11.0,6.0,Historical Observations,1846.0,11.0,24.0,-0.37,-91.55
211070,Campi Flegrei del Mar di Sicilia,13868,Confirmed Eruption,Pinne,2.0,1846.0,10.0,4.0,Historical Observations,1846.0,10.0,5.0,37.1,12.7
264030,Rinjani,16211,Confirmed Eruption,Gunung Barujari,2.0,1846.0,9.0,10.0,Historical Observations,1846.0,9.0,12.0,-8.42,116.47
263250,Merapi,15873,Confirmed Eruption,Summit and upper SE flank (2600 m),3.0,1846.0,9.0,2.0,Historical Observations,1847.0,10.0,0.0,-7.54,110.446
265070,Serua,16390,Confirmed Eruption,,2.0,1846.0,9.0,0.0,Historical Observations,,,,-6.312,130.017
221020,Zubair Group,13925,Uncertain Eruption,Saddle Island,2.0,1846.0,8.0,14.0,,,,,15.05,42.18
283150,Nasudake,17881,Confirmed Eruption,Chausu-dake,1.0,1846.0,8.0,0.0,Historical Observations,,,,37.125,139.963
312030,Pavlof,20117,Confirmed Eruption,,2.0,1846.0,8.0,0.0,Historical Observations,1846.0,8.0,0.0,55.417,-161.894
243100,Fonualei,14779,Confirmed Eruption,,4.0,1846.0,6.0,11.0,Historical Observations,1846.0,10.0,10.0,-18.023,-174.317
263090,Tangkuban Parahu,15671,Confirmed Eruption,Kawah Ratu B,2.0,1846.0,5.0,27.0,Historical Observations,,,,-6.77,107.6
268060,Gamalama,16636,Confirmed Eruption,,2.0,1846.0,5.0,19.0,Historical Observations,1846.0,5.0,19.0,0.8,127.33
273030,Mayon,13610,Confirmed Eruption,,3.0,1846.0,5.0,11.0,Historical Observations,1846.0,5.0,11.0,13.257,123.685
263250,Merapi,15872,Confirmed Eruption,,2.0,1846.0,4.0,6.0,Historical Observations,,,,-7.54,110.446
342110,Pacaya,10758,Confirmed Eruption,Cerro Chino,2.0,1846.0,2.0,0.0,Historical Observations,,,,14.382,-90.601
341100,"Orizaba, Pico de",10581,Confirmed Eruption,,2.0,1846.0,0.0,0.0,Historical Observations,,,,19.03,-97.27
321010,Baker,20452,Uncertain Eruption,,,1846.0,0.0,0.0,,,,,48.777,-121.813
284010,Izu-Oshima,18203,Confirmed Eruption,Mihara-yama,2.0,1846.0,0.0,0.0,Historical Observations,,,,34.724,139.394
290300,Kharimkotan,17617,Confirmed Eruption,Severgin,2.0,1846.0,0.0,0.0,Historical Observations,,,,49.12,154.508
290290,Sinarka,18835,Confirmed Eruption,,3.0,1846.0,0.0,0.0,Historical Observations,,,,48.873,154.182
290220,Rasshua,18801,Confirmed Eruption,Eastern cone ?,3.0,1846.0,0.0,0.0,Historical Observations,,,,47.77,153.02
266110,Mahawu,16466,Confirmed Eruption,,2.0,1846.0,0.0,0.0,Historical Observations,,,,1.352,124.865
233020,"Fournaise, Piton de la",14274,Confirmed Eruption,,0.0,1846.0,0.0,0.0,Historical Observations,,,,-21.244,55.708
261140,Marapi,15421,Confirmed Eruption,,2.0,1845.0,11.0,16.0,Historical Observations,1845.0,11.0,18.0,-0.38,100.474
372070,Hekla,12746,Confirmed Eruption,"Summit, SW and NE flanks",4.0,1845.0,9.0,2.0,Historical Observations,1846.0,4.0,5.0,63.983,-19.666
312030,Pavlof,20116,Confirmed Eruption,,2.0,1845.0,8.0,12.0,Historical Observations,,,,55.417,-161.894
243060,Tofua,22254,Confirmed Eruption,,0.0,1845.0,7.0,1.0,Historical Observations,,,,-19.75,-175.07
268060,Gamalama,16635,Uncertain Eruption,,1.0,1845.0,4.0,23.0,,1845.0,9.0,3.0,0.8,127.33
261160,Talang,15486,Confirmed Eruption,NE flank,2.0,1845.0,4.0,22.0,Historical Observations,,,,-0.979,100.681
283270,Iwakisan,18125,Confirmed Eruption,,2.0,1845.0,4.0,4.0,Historical Observations,,,,40.656,140.303
352050,Cotopaxi,11556,Confirmed Eruption,,2.0,1845.0,4.0,0.0,Historical Observations,,,,-0.677,-78.436
357080,Antuco,19905,Confirmed Eruption,,2.0,1845.0,2.0,26.0,Historical Observations,1845.0,3.0,1.0,-37.406,-71.349
351020,"Ruiz, Nevado del",11287,Confirmed Eruption,Arenas and La Olleta(?) craters,3.0,1845.0,2.0,19.0,Historical Observations,,,,4.892,-75.324
266030,Soputan,16425,Confirmed Eruption,,2.0,1845.0,2.0,8.0,Historical Observations,,,,1.112,124.737
263060,Gede-Pangrango,15647,Confirmed Eruption,,2.0,1845.0,1.0,23.0,Historical Observations,1845.0,3.0,5.0,-6.77,106.965
273030,Mayon,13609,Confirmed Eruption,,3.0,1845.0,1.0,20.0,Historical Observations,1845.0,1.0,30.0,13.257,123.685
263300,Semeru,15971,Confirmed Eruption,,2.0,1845.0,1.0,0.0,Historical Observations,1845.0,7.0,0.0,-8.108,112.922
266020,Ambang,16424,Confirmed Eruption,,,1845.0,0.0,0.0,Historical Observations,,,,0.75,124.42
265070,Serua,16389,Uncertain Eruption,,2.0,1845.0,0.0,0.0,,,,,-6.312,130.017
233020,"Fournaise, Piton de la",14273,Confirmed Eruption,,0.0,1845.0,0.0,0.0,Historical Observations,,,,-21.244,55.708
290120,Kolokol Group,18767,Confirmed Eruption,Berg,2.0,1845.0,0.0,0.0,Historical Observations,1846.0,0.0,0.0,46.042,150.083
311370,Isanotski,20106,Uncertain Eruption,,,1845.0,0.0,0.0,,,,,54.765,-163.723
311320,Akutan,20001,Uncertain Eruption,,,1845.0,0.0,0.0,,,,,54.134,-165.986
233020,"Fournaise, Piton de la",14272,Confirmed Eruption,,2.0,1844.0,12.0,0.0,Historical Observations,,,,-21.244,55.708
263310,Tengger Caldera,16027,Confirmed Eruption,Bromo,2.0,1844.0,11.0,9.0,Historical Observations,,,,-7.942,112.95
241080,Tongariro,13547,Confirmed Eruption,Ngauruhoe,2.0,1844.0,10.0,0.0,Historical Observations,1845.0,1.0,0.0,-39.157,175.632
263300,Semeru,15970,Confirmed Eruption,,2.0,1844.0,9.0,25.0,Historical Observations,1844.0,9.0,27.0,-8.108,112.922
265070,Serua,16388,Confirmed Eruption,,2.0,1844.0,8.0,0.0,Historical Observations,1844.0,9.0,0.0,-6.312,130.017
343100,San Miguel,10841,Confirmed Eruption,NNW (1120 m) and upper east flanks,2.0,1844.0,7.0,25.0,Historical Observations,1848.0,0.0,0.0,13.434,-88.269
343030,Izalco,10782,Confirmed Eruption,,2.0,1844.0,6.0,0.0,Historical Observations,1844.0,10.0,0.0,13.813,-89.633
345060,Irazu,11209,Uncertain Eruption,,2.0,1844.0,5.0,0.0,,,,,9.979,-83.852
345020,Rincon de la Vieja,11087,Confirmed Eruption,Volcano Uncertain: more likely Rincón de la Vieja than Orosí,2.0,1844.0,5.0,0.0,,,,,10.83,-85.324
264110,Iya,13707,Confirmed Eruption,,2.0,1844.0,5.0,0.0,Historical Observations,,,,-8.891,121.641
283270,Iwakisan,18124,Confirmed Eruption,Summit and south flank?,2.0,1844.0,4.0,7.0,Historical Observations,,,,40.656,140.303
268060,Gamalama,16634,Uncertain Eruption,,1.0,1844.0,3.0,24.0,,1844.0,11.0,14.0,0.8,127.33
233020,"Fournaise, Piton de la",14271,Confirmed Eruption,Summit and Piton de Crac,2.0,1844.0,3.0,19.0,Historical Observations,1844.0,5.0,11.0,-21.244,55.708
283180,Azumayama,17927,Uncertain Eruption,Issaikyo (Oana),1.0,1844.0,0.0,0.0,,,,,37.735,140.244
311310,Makushin,19542,Uncertain Eruption,,,1844.0,0.0,0.0,,,,,53.891,-166.923
311161,Korovin,19753,Uncertain Eruption,,,1844.0,0.0,0.0,,,,,52.381,-174.166
352010,Reventador,11430,Confirmed Eruption,,3.0,1844.0,0.0,0.0,Historical Observations,,,,-0.077,-77.656
352050,Cotopaxi,11555,Confirmed Eruption,,2.0,1844.0,0.0,0.0,Historical Observations,,,,-0.677,-78.436
353050,"Negra, Sierra",11704,Confirmed Eruption,Volcano Uncertain: Isabela Island,0.0,1844.0,0.0,0.0,,,,,-0.83,-91.17
352010,Reventador,11429,Confirmed Eruption,,3.0,1843.0,12.0,7.0,Historical Observations,,,,-0.077,-77.656
263130,Guntur,15711,Confirmed Eruption,,2.0,1843.0,11.0,26.0,Historical Observations,1843.0,11.0,26.0,-7.143,107.84
211060,Etna,13739,Confirmed Eruption,"West flank (2400-1900 m), Central Crater",2.0,1843.0,11.0,17.0,Historical Observations,1843.0,12.0,16.0,37.748,14.999
261160,Talang,15485,Confirmed Eruption,NE flank (some reports list 1842 date),2.0,1843.0,10.0,21.0,Historical Observations,,,,-0.979,100.681
263320,Lamongan,16074,Confirmed Eruption,,2.0,1843.0,8.0,0.0,Historical Observations,1844.0,9.0,0.0,-7.981,113.341
263060,Gede-Pangrango,15632,Confirmed Eruption,,2.0,1843.0,7.0,28.0,Historical Observations,,,,-6.77,106.965
342060,Atitlan,10644,Confirmed Eruption,,2.0,1843.0,7.0,0.0,Historical Observations,,,,14.583,-91.186
290200,Ketoi,18793,Confirmed Eruption,Pallas Peak,2.0,1843.0,7.0,0.0,Historical Observations,1846.0,0.0,0.0,47.35,152.475
268060,Gamalama,16633,Confirmed Eruption,,2.0,1843.0,4.0,10.0,Historical Observations,1843.0,5.0,27.0,0.8,127.33
360030,Liamuiga,12341,Uncertain Eruption,,,1843.0,2.0,8.0,,,,,17.37,-62.8
332020,Mauna Loa,10189,Confirmed Eruption,"North flank, Mokuaweoweo and NE rift",0.0,1843.0,1.0,9.0,Historical Observations,1843.0,4.0,10.0,19.475,-155.608
263130,Guntur,15710,Confirmed Eruption,,3.0,1843.0,1.0,4.0,Historical Observations,1843.0,1.0,4.0,-7.143,107.84
263310,Tengger Caldera,16026,Confirmed Eruption,Bromo,2.0,1843.0,1.0,0.0,Historical Observations,,,,-7.942,112.95
264020,Agung,16209,Confirmed Eruption,,5.0,1843.0,0.0,0.0,Historical Observations,,,,-8.343,115.508
266130,Tangkoko-Duasudara,16476,Confirmed Eruption,Batu Angus,2.0,1843.0,0.0,0.0,Historical Observations,1846.0,0.0,0.0,1.518,125.185
273050,Banahaw,16823,Uncertain Eruption,Banáhao,,1843.0,0.0,0.0,,,,,14.07,121.48
233020,"Fournaise, Piton de la",14167,Confirmed Eruption,,0.0,1843.0,0.0,0.0,Historical Observations,,,,-21.244,55.708
321010,Baker,20451,Confirmed Eruption,Sherman Crater,3.0,1843.0,0.0,0.0,Historical Observations,,,,48.777,-121.813
321030,Rainier,20496,Uncertain Eruption,,2.0,1843.0,0.0,0.0,,,,,46.853,-121.76
313020,Iliamna,20282,Uncertain Eruption,,,1843.0,0.0,0.0,,,,,60.032,-153.09
290090,Chirippusan [Chirip],18758,Confirmed Eruption,,2.0,1843.0,0.0,0.0,Historical Observations,,,,45.338,147.92
352010,Reventador,11428,Confirmed Eruption,,2.0,1843.0,0.0,0.0,Historical Observations,,,,-0.077,-77.656
321050,St. Helens,20547,Confirmed Eruption,North flank (Goat Rocks),3.0,1842.0,11.0,22.0,Historical Observations,1845.0,9.0,18.0,46.2,-122.18
211060,Etna,13738,Confirmed Eruption,Central Crater (south & east slopes),2.0,1842.0,11.0,18.0,Historical Observations,1842.0,12.0,29.0,37.748,14.999
268060,Gamalama,16632,Confirmed Eruption,,1.0,1842.0,10.0,6.0,Historical Observations,1842.0,12.0,31.0,0.8,127.33
290161,Milna,18787,Confirmed Eruption,Goriaschaia Sopka,3.0,1842.0,6.0,0.0,Historical Observations,,,,46.815,151.786
233020,"Fournaise, Piton de la",14166,Confirmed Eruption,,0.0,1842.0,4.0,0.0,Historical Observations,,,,-21.244,55.708
255020,Bagana,15114,Confirmed Eruption,,1.0,1842.0,3.0,15.0,Historical Observations,,,,-6.137,155.196
390030,Deception Island,13188,Confirmed Eruption,S caldera rim (flanks of Mt Kirkwood),2.0,1842.0,2.0,0.0,Historical Observations,,,,-63.001,-60.652
263310,Tengger Caldera,16025,Confirmed Eruption,Bromo,2.0,1842.0,1.0,24.0,Historical Observations,1842.0,6.0,0.0,-7.942,112.95
263300,Semeru,15969,Confirmed Eruption,,2.0,1842.0,1.0,0.0,Historical Observations,1842.0,3.0,0.0,-8.108,112.922
263090,Tangkuban Parahu,15670,Confirmed Eruption,,,1842.0,0.0,0.0,Historical Observations,,,,-6.77,107.6
261170,Kerinci,15501,Confirmed Eruption,,2.0,1842.0,0.0,0.0,Historical Observations,,,,-1.697,101.264
273070,Taal,16845,Confirmed Eruption,,2.0,1842.0,0.0,0.0,Historical Observations,,,,14.002,120.993
311360,Shishaldin,20064,Confirmed Eruption,,2.0,1842.0,0.0,0.0,Historical Observations,,,,54.756,-163.97
345060,Irazu,11208,Confirmed Eruption,,2.0,1842.0,0.0,0.0,Historical Observations,,,,9.979,-83.852
343030,Izalco,10781,Confirmed Eruption,,2.0,1842.0,0.0,0.0,Historical Observations,,,,13.813,-89.633
357040,Planchon-Peteroa,11933,Uncertain Eruption,,,1842.0,0.0,0.0,,,,,-35.223,-70.568
263130,Guntur,15709,Confirmed Eruption,,2.0,1841.0,11.0,14.0,Historical Observations,1841.0,11.0,14.0,-7.143,107.84
211020,Vesuvius,13353,Confirmed Eruption,"Summit, upper N and E flanks",2.0,1841.0,9.0,20.0,Historical Observations,1850.0,2.0,16.0,40.821,14.426
263320,Lamongan,16073,Confirmed Eruption,,2.0,1841.0,7.0,16.0,Historical Observations,1842.0,8.0,0.0,-7.981,113.341
282050,Kuchinoerabujima,16966,Confirmed Eruption,Shindake,2.0,1841.0,5.0,23.0,Historical Observations,1841.0,8.0,1.0,30.443,130.217
268060,Gamalama,16631,Uncertain Eruption,,1.0,1841.0,3.0,30.0,,1841.0,11.0,20.0,0.8,127.33
258020,Hunter Island,15365,Confirmed Eruption,,,1841.0,3.0,15.0,Historical Observations,,,,-22.4,172.05
390020,Erebus,13152,Confirmed Eruption,,1.0,1841.0,1.0,28.0,Historical Observations,1841.0,2.0,0.0,-77.53,167.17
257010,Suretamatai,15211,Uncertain Eruption,,,1841.0,0.0,0.0,,,,,-13.8,167.47
241080,Tongariro,14562,Confirmed Eruption,Ngauruhoe,2.0,1841.0,0.0,0.0,Historical Observations,,,,-39.157,175.632
357120,Villarrica,21007,Confirmed Eruption,,2.0,1841.0,,,Varve Count,,,,-39.42,-71.93
263060,Gede-Pangrango,15631,Confirmed Eruption,,3.0,1840.0,11.0,12.0,Historical Observations,1840.0,12.0,11.0,-6.77,106.965
213040,Ararat,13539,Confirmed Eruption,Upper northern flank,3.0,1840.0,7.0,2.0,Historical Observations,,,,39.7,44.3
332010,Kilauea,10065,Confirmed Eruption,East rift zone (230-950 m),0.0,1840.0,5.0,30.0,Historical Observations,1840.0,6.0,25.0,19.421,-155.287
263130,Guntur,15708,Confirmed Eruption,,2.0,1840.0,5.0,20.0,Historical Observations,1840.0,5.0,24.0,-7.143,107.84
268060,Gamalama,16630,Confirmed Eruption,,3.0,1840.0,2.0,2.0,Historical Observations,1840.0,9.0,29.0,0.8,127.33
271060,Ragang,16708,Confirmed Eruption,,2.0,1840.0,1.0,20.0,Historical Observations,1840.0,4.0,5.0,7.691,124.507
263250,Merapi,15871,Confirmed Eruption,,1.0,1840.0,1.0,4.0,Historical Observations,,,,-7.54,110.446
267010,Ruang,16479,Confirmed Eruption,,2.0,1840.0,0.0,0.0,Historical Observations,,,,2.3,125.37
282050,Kuchinoerabujima,16965,Confirmed Eruption,Shindake,2.0,1840.0,0.0,0.0,Historical Observations,,,,30.443,130.217
243110,Niuafo'ou,14786,Discredited Eruption,,,1840.0,0.0,0.0,,,,,-15.6,-175.63
256010,Tinakula,15190,Confirmed Eruption,,3.0,1840.0,0.0,0.0,Historical Observations,,,,-10.386,165.804
334120,Southern EPR-Segment K,10354,Confirmed Eruption,North of Aldo-Kiri lava flow,0.0,1840.0,0.0,0.0,Magnetism,,,,-17.436,-113.206
300260,Klyuchevskoy,19417,Confirmed Eruption,,2.0,1840.0,0.0,0.0,Historical Observations,,,,56.056,160.642
351060,Purace,11319,Confirmed Eruption,,2.0,1840.0,0.0,0.0,Historical Observations,,,,2.32,-76.4
283080,Midagahara,17530,Confirmed Eruption,Jigoku-dani,2.0,1839.0,6.0,10.0,Historical Observations,,,,36.571,137.59
390010,Buckle Island,19969,Confirmed Eruption,,2.0,1839.0,2.0,9.0,Historical Observations,,,,-66.78,163.25
241080,Tongariro,14561,Confirmed Eruption,Ngauruhoe,1.0,1839.0,2.0,0.0,Historical Observations,1839.0,3.0,0.0,-39.157,175.632
268060,Gamalama,16629,Confirmed Eruption,,2.0,1839.0,1.0,29.0,Historical Observations,1839.0,3.0,26.0,0.8,127.33
261050,"Telong, Bur ni",15397,Confirmed Eruption,,2.0,1839.0,1.0,12.0,Historical Observations,1839.0,1.0,13.0,4.769,96.821
261020,Seulawah Agam,15390,Confirmed Eruption,NNE flank (van Heutsz crater),2.0,1839.0,1.0,12.0,Historical Observations,1839.0,1.0,13.0,5.448,95.658
273030,Mayon,13608,Confirmed Eruption,,2.0,1839.0,0.0,0.0,Historical Observations,,,,13.257,123.685
263060,Gede-Pangrango,15630,Uncertain Eruption,,,1839.0,0.0,0.0,,,,,-6.77,106.965
261230,Dempo,15550,Confirmed Eruption,,2.0,1839.0,0.0,0.0,Historical Observations,,,,-4.016,103.121
390030,Deception Island,13187,Uncertain Eruption,Crater Lake--Mt. Kirkwood area,,1839.0,0.0,0.0,,,,,-63.001,-60.652
357080,Antuco,19904,Uncertain Eruption,,2.0,1839.0,0.0,0.0,,,,,-37.406,-71.349
224010,Cameroon,14120,Confirmed Eruption,Near Fako,2.0,1838.0,12.0,31.0,Historical Observations,,,,4.203,9.17
263320,Lamongan,15950,Confirmed Eruption,,2.0,1838.0,10.0,18.0,Historical Observations,,,,-7.981,113.341
312070,Veniaminof,20158,Confirmed Eruption,Western intracaldera cone,3.0,1838.0,8.0,4.0,Historical Observations,1839.0,4.0,0.0,56.17,-159.38
211060,Etna,13737,Confirmed Eruption,Central Crater,2.0,1838.0,7.0,8.0,Historical Observations,1839.0,2.0,0.0,37.748,14.999
263320,Lamongan,16072,Confirmed Eruption,,2.0,1838.0,7.0,4.0,Historical Observations,1838.0,7.0,6.0,-7.981,113.341
263300,Semeru,15968,Confirmed Eruption,,2.0,1838.0,7.0,0.0,Historical Observations,1838.0,10.0,18.0,-8.108,112.922
375010,Kolbeinsey Ridge,12964,Discredited Eruption,,,1838.0,6.0,11.0,,,,,66.67,-18.5
373010,Grimsvotn,12814,Confirmed Eruption,,2.0,1838.0,6.0,0.0,Historical Observations,,,,64.416,-17.316
282110,Asosan,17283,Confirmed Eruption,Naka-dake,2.0,1838.0,3.0,4.0,Historical Observations,,,,32.884,131.104
268060,Gamalama,16628,Confirmed Eruption,,2.0,1838.0,2.0,26.0,Historical Observations,1838.0,5.0,0.0,0.8,127.33
263340,Raung,16114,Confirmed Eruption,,2.0,1838.0,0.0,0.0,Historical Observations,,,,-8.119,114.056
261220,Kaba,15538,Uncertain Eruption,,,1838.0,0.0,0.0,,,,,-3.522,102.615
261170,Kerinci,15500,Confirmed Eruption,,2.0,1838.0,0.0,0.0,Historical Observations,,,,-1.697,101.264
312030,Pavlof,20115,Confirmed Eruption,,1.0,1838.0,0.0,0.0,Historical Observations,,,,55.417,-161.894
311360,Shishaldin,20063,Confirmed Eruption,,2.0,1838.0,0.0,0.0,Historical Observations,,,,54.756,-163.97
311320,Akutan,20000,Uncertain Eruption,,,1838.0,0.0,0.0,,,,,54.134,-165.986
311230,Carlisle,19799,Uncertain Eruption,,,1838.0,0.0,0.0,,,,,52.894,-170.054
341110,San Martin,10596,Uncertain Eruption,,,1838.0,0.0,0.0,,,,,18.57,-95.2
357020,San Jose,11915,Confirmed Eruption,,1.0,1838.0,0.0,0.0,Historical Observations,,,,-33.789,-69.895
343030,Izalco,10780,Confirmed Eruption,,2.0,1838.0,0.0,0.0,Historical Observations,1840.0,0.0,0.0,13.813,-89.633
345040,Poas,11147,Uncertain Eruption,,2.0,1838.0,0.0,0.0,,,,,10.2,-84.233
357120,Villarrica,12124,Confirmed Eruption,,2.0,1837.0,11.0,7.0,Historical Observations,1837.0,11.0,21.0,-39.42,-71.93
358010,Osorno,12233,Confirmed Eruption,,2.0,1837.0,11.0,7.0,Historical Observations,,,,-41.105,-72.496
282110,Asosan,17282,Confirmed Eruption,Naka-dake,2.0,1837.0,10.0,8.0,Historical Observations,,,,32.884,131.104
261050,"Telong, Bur ni",15396,Confirmed Eruption,,2.0,1837.0,9.0,25.0,Historical Observations,,,,4.769,96.821
263250,Merapi,15870,Confirmed Eruption,,2.0,1837.0,8.0,10.0,Historical Observations,1838.0,6.0,0.0,-7.54,110.446
342060,Atitlan,10643,Confirmed Eruption,,2.0,1837.0,6.0,0.0,Historical Observations,,,,14.583,-91.186
357040,Planchon-Peteroa,11932,Confirmed Eruption,Peteroa,2.0,1837.0,2.0,0.0,Historical Observations,,,,-35.223,-70.568
357021,Maipo,11907,Uncertain Eruption,,,1837.0,0.0,0.0,,,,,-34.164,-69.832
358020,Calbuco,12251,Discredited Eruption,,,1837.0,0.0,0.0,,1838.0,0.0,0.0,-41.33,-72.618
284010,Izu-Oshima,18202,Uncertain Eruption,Mihara-yama,2.0,1837.0,0.0,0.0,,1838.0,0.0,0.0,34.724,139.394
300100,Avachinsky,19088,Uncertain Eruption,,,1837.0,0.0,0.0,,,,,53.256,158.836
360060,Soufriere Guadeloupe,12365,Confirmed Eruption,SE to NW sides of summit dome,2.0,1836.0,12.0,3.0,Historical Observations,1837.0,2.0,12.0,16.044,-61.664
385030,Romanche Fracture Zone,13142,Uncertain Eruption,0.58 S 15.83 W,0.0,1836.0,11.0,0.0,,,,,-0.433,-19.596
263130,Guntur,15707,Confirmed Eruption,,2.0,1836.0,10.0,11.0,Historical Observations,,,,-7.143,107.84
263300,Semeru,15967,Confirmed Eruption,,2.0,1836.0,8.0,3.0,Historical Observations,1836.0,8.0,5.0,-8.108,112.922
283080,Midagahara,17529,Confirmed Eruption,Jigoku-dani,1.0,1836.0,7.0,9.0,Historical Observations,,,,36.571,137.59
267010,Ruang,16478,Confirmed Eruption,,2.0,1836.0,4.0,22.0,Historical Observations,1836.0,4.0,24.0,2.3,125.37
241040,Whakaari/White Island,14461,Confirmed Eruption,,2.0,1836.0,0.0,0.0,Historical Observations,,,,-37.52,177.18
343030,Izalco,10779,Confirmed Eruption,,2.0,1836.0,0.0,0.0,Historical Observations,,,,13.813,-89.633
351080,Galeras,11358,Uncertain Eruption,,2.0,1836.0,0.0,0.0,,,,,1.22,-77.37
357120,Villarrica,21008,Confirmed Eruption,,2.0,1836.0,,,Varve Count,,,,-39.42,-71.93
358050,Corcovado,12305,Uncertain Eruption,,2.0,1835.0,11.0,11.0,,,,,-43.189,-72.794
284040,Miyakejima,18267,Confirmed Eruption,West flank (east and SE of Ako),2.0,1835.0,11.0,11.0,Historical Observations,,,,34.094,139.526
265090,Banda Api,16415,Uncertain Eruption,,,1835.0,10.0,0.0,,,,,-4.523,129.881
263180,Slamet,15732,Confirmed Eruption,,2.0,1835.0,9.0,0.0,Historical Observations,1835.0,9.0,0.0,-7.242,109.208
282110,Asosan,17281,Confirmed Eruption,Naka-dake,2.0,1835.0,5.0,1.0,Historical Observations,,,,32.884,131.104
267030,Banua Wuhu,16545,Confirmed Eruption,,2.0,1835.0,4.0,23.0,Historical Observations,1835.0,4.0,26.0,3.138,125.491
321050,St. Helens,20546,Confirmed Eruption,North flank (Goat Rocks area),2.0,1835.0,3.0,0.0,Historical Observations,,,,46.2,-122.18
358040,Michinmahuida,12274,Confirmed Eruption,,0.0,1835.0,2.0,20.0,Historical Observations,1835.0,3.0,15.0,-42.799,-72.445
358049,Yanteles,12277,Uncertain Eruption,,,1835.0,2.0,20.0,,,,,-43.497,-72.81
351060,Purace,11318,Confirmed Eruption,,2.0,1835.0,1.0,23.0,Historical Observations,,,,2.32,-76.4
344010,Cosiguina,10872,Confirmed Eruption,,5.0,1835.0,1.0,20.0,Historical Observations,1835.0,1.0,25.0,12.98,-87.57
268060,Gamalama,16627,Confirmed Eruption,,2.0,1835.0,1.0,4.0,Historical Observations,,,,0.8,127.33
211020,Vesuvius,13352,Confirmed Eruption,"Summit, upper east and west flanks",3.0,1835.0,1.0,0.0,Historical Observations,1839.0,1.0,3.0,40.821,14.426
258020,Hunter Island,15364,Confirmed Eruption,,,1835.0,0.0,0.0,Historical Observations,,,,-22.4,172.05
255070,Savo,15177,Confirmed Eruption,,3.0,1835.0,0.0,0.0,Historical Observations,1847.0,0.0,0.0,-9.13,159.82
282021,Yokoate-jima,16911,Confirmed Eruption,,2.0,1835.0,0.0,0.0,Historical Observations,,,,28.797,128.997
263310,Tengger Caldera,16024,Confirmed Eruption,Bromo,2.0,1835.0,0.0,0.0,Historical Observations,,,,-7.942,112.95
263280,Kelut,15945,Confirmed Eruption,,2.0,1835.0,0.0,0.0,Historical Observations,,,,-7.93,112.308
358023,Hornopiren,12238,Uncertain Eruption,,,1835.0,0.0,0.0,,,,,-41.874,-72.431
357021,Maipo,11906,Uncertain Eruption,,,1835.0,0.0,0.0,,,,,-34.164,-69.832
357040,Planchon-Peteroa,11931,Confirmed Eruption,Peteroa,2.0,1835.0,0.0,0.0,Historical Observations,,,,-35.223,-70.568
357010,Tupungatito,11889,Uncertain Eruption,,2.0,1835.0,0.0,0.0,,,,,-33.425,-69.797
263130,Guntur,15706,Confirmed Eruption,,2.0,1834.0,12.0,0.0,Historical Observations,1835.0,1.0,0.0,-7.143,107.84
358010,Osorno,12232,Confirmed Eruption,Summit & SSW side (Negrillar de Ensenada),3.0,1834.0,11.0,29.0,Historical Observations,1835.0,2.0,24.0,-41.105,-72.496
358040,Michinmahuida,12177,Confirmed Eruption,,2.0,1834.0,11.0,25.0,Historical Observations,,,,-42.799,-72.445
358050,Corcovado,12304,Uncertain Eruption,,2.0,1834.0,11.0,0.0,,,,,-43.189,-72.794
261220,Kaba,15537,Confirmed Eruption,,2.0,1834.0,11.0,0.0,Historical Observations,,,,-3.522,102.615
283220,Chokaisan,18033,Confirmed Eruption,,2.0,1834.0,7.0,9.0,Historical Observations,1834.0,7.0,0.0,39.099,140.049
341090,Popocatepetl,10539,Uncertain Eruption,,1.0,1834.0,0.0,0.0,,,,,19.023,-98.622
273030,Mayon,13607,Confirmed Eruption,,3.0,1834.0,0.0,0.0,Historical Observations,1835.0,5.0,0.0,13.257,123.685
271060,Ragang,16707,Confirmed Eruption,,2.0,1834.0,0.0,0.0,Historical Observations,,,,7.691,124.507
345040,Poas,11146,Confirmed Eruption,,2.0,1834.0,0.0,0.0,Historical Observations,,,,10.2,-84.233
351080,Galeras,11357,Confirmed Eruption,,2.0,1834.0,0.0,0.0,Historical Observations,,,,1.22,-77.37
221010,"Tair, Jebel at",13920,Confirmed Eruption,,2.0,1833.0,12.0,31.0,Historical Observations,,,,15.55,41.83
290380,Ebeko,18866,Confirmed Eruption,,2.0,1833.0,12.0,31.0,Historical Observations,,,,50.686,156.014
261220,Kaba,15536,Confirmed Eruption,,2.0,1833.0,11.0,24.0,Historical Observations,1833.0,11.0,25.0,-3.522,102.615
261160,Talang,15484,Confirmed Eruption,NE flank,2.0,1833.0,10.0,0.0,Historical Observations,,,,-0.979,100.681
263130,Guntur,15705,Confirmed Eruption,,2.0,1833.0,9.0,1.0,Historical Observations,,,,-7.143,107.84
268060,Gamalama,16626,Confirmed Eruption,,2.0,1833.0,6.0,15.0,Historical Observations,,,,0.8,127.33
283270,Iwakisan,18123,Uncertain Eruption,,2.0,1833.0,4.0,11.0,,,,,40.656,140.303
283190,Zaozan [Zaosan],17975,Confirmed Eruption,Okama,2.0,1833.0,0.0,0.0,Historical Observations,,,,38.144,140.44
342060,Atitlan,10642,Confirmed Eruption,,2.0,1833.0,0.0,0.0,Historical Observations,,,,14.583,-91.186
266030,Soputan,15830,Confirmed Eruption,,2.0,1833.0,0.0,0.0,Historical Observations,,,,1.112,124.737
261140,Marapi,15420,Confirmed Eruption,,2.0,1833.0,0.0,0.0,Historical Observations,1834.0,0.0,0.0,-0.38,100.474
233010,Karthala,14180,Confirmed Eruption,Summit caldera ?,,1833.0,0.0,0.0,Historical Observations,,,,-11.75,43.38
351020,"Ruiz, Nevado del",11286,Uncertain Eruption,,2.0,1833.0,0.0,0.0,,,,,4.892,-75.324
357021,Maipo,11905,Uncertain Eruption,,2.0,1833.0,0.0,0.0,,,,,-34.164,-69.832
263250,Merapi,15869,Confirmed Eruption,,2.0,1832.0,12.0,25.0,Historical Observations,1836.0,0.0,0.0,-7.54,110.446
357120,Villarrica,12123,Confirmed Eruption,,2.0,1832.0,12.0,24.0,Historical Observations,,,,-39.42,-71.93
211060,Etna,13736,Confirmed Eruption,"SSE, W flanks (3000-1700? m), Mt.  Nunziata",2.0,1832.0,10.0,31.0,Historical Observations,1832.0,11.0,22.0,37.748,14.999
263060,Gede-Pangrango,15629,Confirmed Eruption,,3.0,1832.0,8.0,29.0,Historical Observations,1832.0,8.0,29.0,-6.77,106.965
263130,Guntur,15704,Confirmed Eruption,,2.0,1832.0,8.0,8.0,Historical Observations,1832.0,8.0,13.0,-7.143,107.84
332020,Mauna Loa,10188,Confirmed Eruption,Mokuaweoweo and adjacent vents,0.0,1832.0,6.0,20.0,Historical Observations,1832.0,7.0,15.0,19.475,-155.608
282090,Kirishimayama,17141,Confirmed Eruption,Shinmoe-dake,2.0,1832.0,4.0,20.0,Historical Observations,,,,31.934,130.862
263300,Semeru,15966,Confirmed Eruption,,2.0,1832.0,4.0,18.0,Historical Observations,,,,-8.108,112.922
233020,"Fournaise, Piton de la",14270,Confirmed Eruption,L'Enclos and NE rift zone,0.0,1832.0,3.0,0.0,Historical Observations,,,,-21.244,55.708
260010,Barren Island,15381,Confirmed Eruption,,2.0,1832.0,3.0,0.0,Historical Observations,,,,12.278,93.858
300070,Gorely,19015,Confirmed Eruption,,3.0,1832.0,2.0,0.0,Historical Observations,,,,52.559,158.03
263130,Guntur,15703,Confirmed Eruption,,2.0,1832.0,1.0,16.0,Historical Observations,,,,-7.143,107.84
332010,Kilauea,10064,Confirmed Eruption,East rim of caldera (Byron's Ledge),0.0,1832.0,1.0,14.0,Historical Observations,,,,19.421,-155.287
283190,Zaozan [Zaosan],17974,Confirmed Eruption,Okama,2.0,1831.0,11.0,22.0,Historical Observations,,,,38.144,140.44
321050,St. Helens,20545,Confirmed Eruption,North Flank (Goat Rocks area),3.0,1831.0,8.0,0.0,Historical Observations,,,,46.2,-122.18
354010,"Misti, El",11771,Uncertain Eruption,,1.0,1831.0,8.0,0.0,,,,,-16.294,-71.409
211070,Campi Flegrei del Mar di Sicilia,13867,Confirmed Eruption,Giulia Ferdinandeo (Graham Island),3.0,1831.0,6.0,28.0,Historical Observations,1831.0,8.0,11.0,37.1,12.7
268060,Gamalama,16625,Confirmed Eruption,,2.0,1831.0,5.0,27.0,Historical Observations,1831.0,6.0,27.0,0.8,127.33
311370,Isanotski,20105,Uncertain Eruption,,,1831.0,3.0,0.0,,1831.0,5.0,6.0,54.765,-163.723
357021,Maipo,11904,Uncertain Eruption,,2.0,1831.0,2.0,16.0,,,,,-34.164,-69.832
351020,"Ruiz, Nevado del",11285,Confirmed Eruption,,2.0,1831.0,0.0,0.0,Historical Observations,,,,4.892,-75.324
352020,Guagua Pichincha,11485,Confirmed Eruption,,3.0,1831.0,0.0,0.0,Historical Observations,,,,-0.171,-78.598
274030,Babuyan Claro,16880,Confirmed Eruption,Babuyan Claro,4.0,1831.0,0.0,0.0,Historical Observations,,,,19.523,121.94
264150,Paluweh,16265,Uncertain Eruption,,,1831.0,0.0,0.0,,,,,-8.32,121.708
211071,Pantelleria,13861,Uncertain Eruption,Off the northern coast,,1831.0,0.0,0.0,,,,,36.77,12.02
211050,Vulcano,13478,Uncertain Eruption,Fossa,1.0,1831.0,0.0,0.0,,,,,38.404,14.962
263310,Tengger Caldera,16023,Confirmed Eruption,Bromo,2.0,1830.0,12.0,15.0,Historical Observations,1830.0,12.0,16.0,-7.942,112.95
263300,Semeru,15965,Confirmed Eruption,,2.0,1830.0,12.0,15.0,Historical Observations,1830.0,12.0,16.0,-8.108,112.922
311370,Isanotski,20104,Uncertain Eruption,,2.0,1830.0,11.0,0.0,,,,,54.765,-163.723
311360,Shishaldin,20062,Confirmed Eruption,,3.0,1830.0,11.0,0.0,Historical Observations,1830.0,12.0,0.0,54.756,-163.97
233020,"Fournaise, Piton de la",14269,Confirmed Eruption,Cratere Faujas,0.0,1830.0,10.0,0.0,Historical Observations,,,,-21.244,55.708
390110,Hodson,13226,Uncertain Eruption,,,1830.0,9.0,22.0,,,,,-56.712,-27.176
390130,Zavodovski,13230,Uncertain Eruption,,1.0,1830.0,9.0,0.0,,,,,-56.3,-27.57
282110,Asosan,17280,Confirmed Eruption,Naka-dake,2.0,1830.0,8.0,11.0,Historical Observations,1832.0,8.0,0.0,32.884,131.104
311350,Fisher,20052,Confirmed Eruption,Mount Finch,2.0,1830.0,8.0,0.0,Historical Observations,,,,54.65,-164.43
354010,"Misti, El",11770,Uncertain Eruption,,1.0,1830.0,8.0,0.0,,,,,-16.294,-71.409
371020,Reykjanes,12506,Confirmed Eruption,Reykjaneshryggur (Eldeyjarbodi),3.0,1830.0,3.0,13.0,Historical Observations,1831.0,3.0,0.0,63.85,-22.566
263310,Tengger Caldera,16022,Confirmed Eruption,Bromo,2.0,1830.0,3.0,3.0,Historical Observations,,,,-7.942,112.95
282110,Asosan,17278,Confirmed Eruption,Naka-dake,2.0,1830.0,2.0,16.0,Historical Observations,1830.0,3.0,0.0,32.884,131.104
263320,Lamongan,16071,Confirmed Eruption,,2.0,1830.0,2.0,0.0,Historical Observations,1830.0,3.0,0.0,-7.981,113.341
264100,Ebulobo,16157,Confirmed Eruption,,2.0,1830.0,0.0,0.0,Historical Observations,,,,-8.817,121.191
268060,Gamalama,16624,Uncertain Eruption,,,1830.0,0.0,0.0,,,,,0.8,127.33
233010,Karthala,14179,Confirmed Eruption,,2.0,1830.0,0.0,0.0,Historical Observations,,,,-11.75,43.38
251030,Karkar,14942,Uncertain Eruption,,,1830.0,0.0,0.0,,,,,-4.649,145.964
251020,Manam,14895,Confirmed Eruption,,2.0,1830.0,0.0,0.0,Historical Observations,,,,-4.08,145.037
251001,Blup Blup,14862,Discredited Eruption,,,1830.0,0.0,0.0,,,,,-3.507,144.605
312070,Veniaminof,20157,Uncertain Eruption,,2.0,1830.0,0.0,0.0,,1838.0,0.0,0.0,56.17,-159.38
311270,Vsevidof,19829,Confirmed Eruption,SW end of Umnak Island,,1830.0,0.0,0.0,Historical Observations,,,,53.13,-168.693
311210,Yunaska,19793,Confirmed Eruption,,2.0,1830.0,0.0,0.0,Historical Observations,,,,52.643,-170.629
311060,Semisopochnoi,19569,Uncertain Eruption,Cerberus,,1830.0,0.0,0.0,,,,,51.93,179.58
342110,Pacaya,10757,Uncertain Eruption,,,1830.0,0.0,0.0,,,,,14.382,-90.601
283190,Zaozan [Zaosan],17973,Confirmed Eruption,Okama,2.0,1830.0,0.0,0.0,Historical Observations,,,,38.144,140.44
300130,Karymsky,19156,Confirmed Eruption,,2.0,1830.0,0.0,0.0,Historical Observations,,,,54.049,159.443
354020,Ubinas,11785,Confirmed Eruption,,2.0,1830.0,0.0,0.0,Historical Observations,,,,-16.355,-70.903
352020,Guagua Pichincha,11484,Confirmed Eruption,,2.0,1830.0,0.0,0.0,Historical Observations,,,,-0.171,-78.598
282020,Io-Torishima,16914,Confirmed Eruption,,1.0,1829.0,12.0,1.0,Historical Observations,1829.0,12.0,16.0,27.881,128.223
263310,Tengger Caldera,16021,Confirmed Eruption,Bromo,2.0,1829.0,11.0,5.0,Historical Observations,1829.0,11.0,11.0,-7.942,112.95
357021,Maipo,11903,Confirmed Eruption,,2.0,1829.0,9.0,26.0,Historical Observations,,,,-34.164,-69.832
300260,Klyuchevskoy,19416,Confirmed Eruption,,4.0,1829.0,9.0,9.0,Historical Observations,,,,56.056,160.642
351020,"Ruiz, Nevado del",11284,Confirmed Eruption,,2.0,1829.0,6.0,18.0,Historical Observations,,,,4.892,-75.324
282110,Asosan,17277,Confirmed Eruption,Naka-dake,2.0,1829.0,6.0,0.0,Historical Observations,,,,32.884,131.104
263090,Tangkuban Parahu,15669,Confirmed Eruption,Kawah Ratu and Kawah Domas,2.0,1829.0,4.0,1.0,Historical Observations,1829.0,4.0,4.0,-6.77,107.6
266100,Lokon-Empung,16443,Confirmed Eruption,Tompaluan,2.0,1829.0,3.0,0.0,Historical Observations,,,,1.358,124.792
263300,Semeru,15964,Confirmed Eruption,,2.0,1829.0,2.0,0.0,Historical Observations,,,,-8.108,112.922
263320,Lamongan,16070,Confirmed Eruption,,2.0,1829.0,1.0,0.0,Historical Observations,1829.0,2.0,0.0,-7.981,113.341
263130,Guntur,15702,Confirmed Eruption,,2.0,1829.0,0.0,0.0,Historical Observations,,,,-7.143,107.84
261120,Sorikmarapi,15406,Confirmed Eruption,,2.0,1829.0,0.0,0.0,Historical Observations,,,,0.686,99.539
311161,Korovin,19752,Uncertain Eruption,,,1829.0,0.0,0.0,,1830.0,0.0,0.0,52.381,-174.166
311120,Great Sitkin,19731,Uncertain Eruption,,,1829.0,0.0,0.0,,,,,52.076,-176.13
311080,Tanaga,19696,Confirmed Eruption,,,1829.0,0.0,0.0,Historical Observations,,,,51.885,-178.146
311110,Kanaga,19716,Uncertain Eruption,,,1829.0,0.0,0.0,,,,,51.923,-177.168
342090,Fuego,10701,Confirmed Eruption,,2.0,1829.0,0.0,0.0,Historical Observations,,,,14.473,-90.88
357010,Tupungatito,11888,Confirmed Eruption,,2.0,1829.0,0.0,0.0,Historical Observations,,,,-33.425,-69.797
390030,Deception Island,13186,Discredited Eruption,,,1829.0,0.0,0.0,,,,,-63.001,-60.652
357080,Antuco,19903,Confirmed Eruption,,2.0,1828.0,12.0,18.0,Historical Observations,,,,-37.406,-71.349
263250,Merapi,15868,Confirmed Eruption,,2.0,1828.0,12.0,18.0,Historical Observations,1828.0,12.0,19.0,-7.54,110.446
351080,Galeras,11356,Confirmed Eruption,,3.0,1828.0,10.0,24.0,Historical Observations,1834.0,3.0,0.0,1.22,-77.37
351020,"Ruiz, Nevado del",11283,Confirmed Eruption,,2.0,1828.0,6.0,0.0,Historical Observations,,,,4.892,-75.324
282110,Asosan,17276,Confirmed Eruption,Naka-dake,2.0,1828.0,6.0,0.0,Historical Observations,,,,32.884,131.104
300070,Gorely,19014,Confirmed Eruption,,3.0,1828.0,6.0,0.0,Historical Observations,,,,52.559,158.03
263130,Guntur,15701,Confirmed Eruption,,2.0,1828.0,5.0,14.0,Historical Observations,1828.0,7.0,8.0,-7.143,107.84
233010,Karthala,14178,Confirmed Eruption,,2.0,1828.0,5.0,0.0,Historical Observations,,,,-11.75,43.38
300100,Avachinsky,19087,Confirmed Eruption,,2.0,1828.0,4.0,17.0,Historical Observations,,,,53.256,158.836
258010,Matthew Island,15357,Uncertain Eruption,,,1828.0,1.0,0.0,,,,,-22.33,171.32
221170,Adwa,13949,Uncertain Eruption,,2.0,1828.0,0.0,0.0,,,,,10.07,40.84
311120,Great Sitkin,19730,Uncertain Eruption,,,1828.0,0.0,0.0,,,,,52.076,-176.13
311130,Kasatochi,19743,Uncertain Eruption,,,1828.0,0.0,0.0,,,,,52.177,-175.508
311230,Carlisle,19798,Confirmed Eruption,,,1828.0,0.0,0.0,Historical Observations,,,,52.894,-170.054
311050,Little Sitkin,19669,Confirmed Eruption,Summit and west flank,,1828.0,0.0,0.0,Historical Observations,1830.0,0.0,0.0,51.95,178.543
311070,Gareloi,19678,Uncertain Eruption,,2.0,1828.0,0.0,0.0,,1829.0,0.0,0.0,51.79,-178.794
311320,Akutan,19999,Uncertain Eruption,,,1828.0,0.0,0.0,,,,,54.134,-165.986
345040,Poas,11145,Confirmed Eruption,,1.0,1828.0,0.0,0.0,Historical Observations,,,,10.2,-84.233
351060,Purace,11317,Confirmed Eruption,,2.0,1827.0,11.0,18.0,Historical Observations,,,,2.32,-76.4
282110,Asosan,17275,Confirmed Eruption,Naka-dake,2.0,1827.0,11.0,12.0,Historical Observations,1828.0,1.0,0.0,32.884,131.104
342060,Atitlan,10641,Confirmed Eruption,,3.0,1827.0,9.0,1.0,Historical Observations,1828.0,1.0,0.0,14.583,-91.186
300100,Avachinsky,19086,Confirmed Eruption,,4.0,1827.0,6.0,27.0,Historical Observations,1827.0,6.0,29.0,53.256,158.836
273030,Mayon,13606,Confirmed Eruption,,2.0,1827.0,6.0,27.0,Historical Observations,1828.0,2.0,28.0,13.257,123.685
263130,Guntur,15700,Confirmed Eruption,,2.0,1827.0,5.0,13.0,Historical Observations,,,,-7.143,107.84
282110,Asosan,17274,Confirmed Eruption,Naka-dake,2.0,1827.0,5.0,0.0,Historical Observations,,,,32.884,131.104
342060,Atitlan,10640,Confirmed Eruption,,2.0,1827.0,3.0,27.0,Historical Observations,,,,14.583,-91.186
341090,Popocatepetl,10538,Uncertain Eruption,,1.0,1827.0,0.0,0.0,,,,,19.023,-98.622
311310,Makushin,10443,Uncertain Eruption,,2.0,1827.0,0.0,0.0,,1838.0,0.0,0.0,53.891,-166.923
311340,Westdahl,20042,Confirmed Eruption,Pogromni or (more likely) Westdahl,2.0,1827.0,0.0,0.0,Historical Observations,1830.0,0.0,0.0,54.516,-164.65
311360,Shishaldin,20061,Confirmed Eruption,,2.0,1827.0,0.0,0.0,Historical Observations,1829.0,0.0,0.0,54.756,-163.97
311180,Seguam,19775,Uncertain Eruption,,,1827.0,0.0,0.0,,,,,52.315,-172.51
311130,Kasatochi,19742,Uncertain Eruption,,,1827.0,0.0,0.0,,,,,52.177,-175.508
311110,Kanaga,19715,Uncertain Eruption,,,1827.0,0.0,0.0,,,,,51.923,-177.168
300080,Opala,19035,Uncertain Eruption,,,1827.0,0.0,0.0,,,,,52.543,157.339
284010,Izu-Oshima,18201,Uncertain Eruption,Mihara-yama,,1827.0,0.0,0.0,,,,,34.724,139.394
271080,Camiguin,16716,Confirmed Eruption,Hibok-Hibok,2.0,1827.0,0.0,0.0,Historical Observations,,,,9.203,124.673
390030,Deception Island,13183,Confirmed Eruption,NE side caldera bay (Pendulum Cove),,1827.0,0.0,0.0,Historical Observations,,,,-63.001,-60.652
241040,Whakaari/White Island,14460,Confirmed Eruption,,2.0,1826.0,12.0,1.0,Historical Observations,,,,-37.52,177.18
342060,Atitlan,10639,Confirmed Eruption,,2.0,1826.0,11.0,0.0,Historical Observations,,,,14.583,-91.186
311350,Fisher,20051,Confirmed Eruption,Mount Finch,3.0,1826.0,10.0,11.0,Historical Observations,1827.0,1.0,0.0,54.65,-164.43
263090,Tangkuban Parahu,15668,Confirmed Eruption,,2.0,1826.0,10.0,11.0,Historical Observations,1826.0,10.0,11.0,-6.77,107.6
263200,Dieng Volcanic Complex,15774,Confirmed Eruption,Pakuwaja,2.0,1826.0,10.0,11.0,Historical Observations,1826.0,10.0,15.0,-7.2,109.879
263280,Kelut,15944,Confirmed Eruption,,4.0,1826.0,10.0,11.0,Historical Observations,1826.0,10.0,25.0,-7.93,112.308
282110,Asosan,17273,Confirmed Eruption,Naka-dake,2.0,1826.0,10.0,3.0,Historical Observations,1826.0,11.0,22.0,32.884,131.104
354010,"Misti, El",11769,Uncertain Eruption,,1.0,1826.0,8.0,0.0,,,,,-16.294,-71.409
311310,Makushin,10442,Confirmed Eruption,,3.0,1826.0,6.0,0.0,Historical Observations,,,,53.891,-166.923
351030,"Tolima, Nevado del",11302,Confirmed Eruption,,2.0,1826.0,5.0,0.0,Historical Observations,1826.0,6.0,17.0,4.658,-75.33
357021,Maipo,11902,Confirmed Eruption,East flank (Riso Patrón),2.0,1826.0,3.0,1.0,Historical Observations,,,,-34.164,-69.832
354020,Ubinas,11784,Uncertain Eruption,,,1826.0,0.0,0.0,,,,,-16.355,-70.903
351020,"Ruiz, Nevado del",11282,Uncertain Eruption,,2.0,1826.0,0.0,0.0,,,,,4.892,-75.324
345060,Irazu,11207,Uncertain Eruption,,,1826.0,0.0,0.0,,,,,9.979,-83.852
311360,Shishaldin,20060,Confirmed Eruption,,0.0,1826.0,0.0,0.0,Historical Observations,,,,54.756,-163.97
342090,Fuego,10700,Confirmed Eruption,,2.0,1826.0,0.0,0.0,Historical Observations,,,,14.473,-90.88
263320,Lamongan,16069,Confirmed Eruption,,2.0,1826.0,0.0,0.0,Historical Observations,,,,-7.981,113.341
357120,Villarrica,21009,Confirmed Eruption,,2.0,1826.0,,,Varve Count,,,,-39.42,-71.93
263310,Tengger Caldera,16020,Confirmed Eruption,Bromo,2.0,1825.0,11.0,5.0,Historical Observations,1825.0,11.0,8.0,-7.942,112.95
263180,Slamet,15731,Confirmed Eruption,,2.0,1825.0,10.0,0.0,Historical Observations,,,,-7.242,109.208
242021,Macauley,14682,Uncertain Eruption,"""Brimstone Island,"" W of Macauley Island",0.0,1825.0,9.0,6.0,,,,,-30.21,-178.475
263130,Guntur,15699,Confirmed Eruption,,2.0,1825.0,6.0,14.0,Historical Observations,1825.0,6.0,15.0,-7.143,107.84
311370,Isanotski,20103,Uncertain Eruption,,4.0,1825.0,3.0,10.0,,,,,54.765,-163.723
351030,"Tolima, Nevado del",11301,Confirmed Eruption,,2.0,1825.0,3.0,2.0,Historical Observations,,,,4.658,-75.33
353010,Fernandina,11657,Confirmed Eruption,East summit and SE flank,3.0,1825.0,2.0,14.0,Historical Observations,1825.0,10.0,0.0,-0.37,-91.55
343030,Izalco,10778,Confirmed Eruption,,2.0,1825.0,0.0,0.0,Historical Observations,,,,13.813,-89.633
355020,Guallatiri,11817,Confirmed Eruption,,2.0,1825.0,0.0,0.0,Historical Observations,,,,-18.42,-69.092
311360,Shishaldin,20059,Confirmed Eruption,NE flank (1300 m),2.0,1825.0,0.0,0.0,Historical Observations,,,,54.756,-163.97
312030,Pavlof,20114,Confirmed Eruption,,2.0,1825.0,0.0,0.0,Historical Observations,,,,55.417,-161.894
321030,Rainier,20495,Discredited Eruption,,,1825.0,0.0,0.0,,,,,46.853,-121.76
290190,Prevo Peak,18792,Confirmed Eruption,,2.0,1825.0,0.0,0.0,Historical Observations,,,,47.02,152.12
284170,Pagan,18506,Confirmed Eruption,North Pagan,2.0,1825.0,0.0,0.0,Historical Observations,,,,18.13,145.8
263200,Dieng Volcanic Complex,13412,Confirmed Eruption,Pakuwaja,2.0,1825.0,0.0,0.0,Historical Observations,,,,-7.2,109.879
263280,Kelut,15942,Confirmed Eruption,,2.0,1825.0,0.0,0.0,Historical Observations,,,,-7.93,112.308
273070,Taal,16844,Confirmed Eruption,,2.0,1825.0,0.0,0.0,Historical Observations,,,,14.002,120.993
267020,Karangetang,16496,Confirmed Eruption,,2.0,1825.0,0.0,0.0,Historical Observations,,,,2.781,125.407
265090,Banda Api,16414,Confirmed Eruption,,1.0,1825.0,0.0,0.0,Historical Observations,1831.0,0.0,0.0,-4.523,129.881
255010,Balbi,15113,Uncertain Eruption,Crater B ?,,1825.0,0.0,0.0,,,,,-5.92,154.98
224010,Cameroon,14119,Confirmed Eruption,,2.0,1825.0,0.0,0.0,Historical Observations,,,,4.203,9.17
233020,"Fournaise, Piton de la",14268,Confirmed Eruption,,0.0,1824.0,12.0,0.0,Historical Observations,,,,-21.244,55.708
383060,Lanzarote,13127,Confirmed Eruption,"Tao, Nuevo del Fuego, Tinguatón",2.0,1824.0,7.0,31.0,Historical Observations,1824.0,10.0,24.0,29.03,-13.63
211020,Vesuvius,13351,Confirmed Eruption,"Summit, upper E and S flanks",3.0,1824.0,7.0,2.0,Historical Observations,1834.0,9.0,2.0,40.821,14.426
265090,Banda Api,16413,Confirmed Eruption,North side,2.0,1824.0,4.0,22.0,Historical Observations,1824.0,6.0,28.0,-4.523,129.881
233020,"Fournaise, Piton de la",14267,Confirmed Eruption,,0.0,1824.0,2.0,0.0,Historical Observations,,,,-21.244,55.708
263320,Lamongan,16068,Confirmed Eruption,,2.0,1824.0,1.0,1.0,Historical Observations,1824.0,1.0,31.0,-7.981,113.341
221020,Zubair Group,13924,Confirmed Eruption,Saddle Island,2.0,1824.0,0.0,0.0,Historical Observations,,,,15.05,42.18
311360,Shishaldin,20058,Confirmed Eruption,,3.0,1824.0,0.0,0.0,Historical Observations,,,,54.756,-163.97
311290,Okmok,19837,Confirmed Eruption,Cone B?,,1824.0,0.0,0.0,Historical Observations,1830.0,0.0,0.0,53.43,-168.13
311210,Yunaska,19792,Confirmed Eruption,,3.0,1824.0,0.0,0.0,Historical Observations,,,,52.643,-170.629
332010,Kilauea,10063,Confirmed Eruption,Halemaumau,0.0,1823.0,8.0,0.0,Historical Observations,1894.0,12.0,6.0,19.421,-155.287
372030,Katla,12675,Confirmed Eruption,Arcuate fissure in south part of caldera,3.0,1823.0,6.0,26.0,Historical Observations,1823.0,7.0,23.0,63.633,-19.083
351080,Galeras,11355,Confirmed Eruption,,2.0,1823.0,6.0,17.0,Historical Observations,1823.0,6.0,24.0,1.22,-77.37
373012,Thordarhyrna,12813,Confirmed Eruption,Grímsvötn-Thordarhyrna,2.0,1823.0,2.0,4.0,Historical Observations,,,,64.267,-17.617
332010,Kilauea,10062,Confirmed Eruption,"SW rift zone (Great Crack, 75-580 m)",0.0,1823.0,2.0,0.0,Historical Observations,1823.0,7.0,0.0,19.421,-155.287
342040,Almolonga,10631,Discredited Eruption,,,1823.0,0.0,0.0,,,,,14.797,-91.519
300040,Zheltovsky,18918,Uncertain Eruption,,,1823.0,0.0,0.0,,,,,51.577,157.328
283240,Iwatesan,18067,Discredited Eruption,,,1823.0,0.0,0.0,,,,,39.853,141.001
390080,Bristol Island,13206,Confirmed Eruption,,2.0,1823.0,0.0,0.0,Historical Observations,,,,-59.017,-26.533
390100,Candlemas Island,13223,Confirmed Eruption,NW flank (Lucifer Hill),2.0,1823.0,0.0,0.0,Historical Observations,,,,-57.08,-26.67
390130,Zavodovski,13229,Uncertain Eruption,,1.0,1823.0,0.0,0.0,,,,,-56.3,-27.57
390090,Saunders,13212,Uncertain Eruption,,2.0,1823.0,0.0,0.0,,,,,-57.8,-26.483
373070,Fremrinamar,12922,Discredited Eruption,,,1823.0,0.0,0.0,,,,,65.416,-16.666
345060,Irazu,11206,Confirmed Eruption,,2.0,1823.0,0.0,0.0,Historical Observations,,,,9.979,-83.852
263310,Tengger Caldera,16019,Confirmed Eruption,Bromo,2.0,1822.0,12.0,28.0,Historical Observations,1823.0,1.0,5.0,-7.942,112.95
263250,Merapi,15867,Confirmed Eruption,,3.0,1822.0,12.0,27.0,Historical Observations,1823.0,4.0,6.0,-7.54,110.446
357020,San Jose,11914,Confirmed Eruption,,2.0,1822.0,11.0,19.0,Historical Observations,1838.0,0.0,0.0,-33.789,-69.895
357120,Villarrica,12122,Confirmed Eruption,,2.0,1822.0,11.0,19.0,Historical Observations,1822.0,11.0,25.0,-39.42,-71.93
351030,"Tolima, Nevado del",11300,Confirmed Eruption,,2.0,1822.0,11.0,0.0,Historical Observations,,,,4.658,-75.33
263140,Galunggung,15718,Confirmed Eruption,,5.0,1822.0,10.0,8.0,Historical Observations,1822.0,12.0,1.0,-7.25,108.058
261140,Marapi,15419,Confirmed Eruption,,2.0,1822.0,7.0,23.0,Historical Observations,1822.0,7.0,31.0,-0.38,100.474
345060,Irazu,11205,Confirmed Eruption,,2.0,1822.0,5.0,7.0,Historical Observations,,,,9.979,-83.852
283190,Zaozan [Zaosan],17972,Confirmed Eruption,,,1822.0,5.0,1.0,Historical Observations,,,,38.144,140.44
285030,Toya,18597,Confirmed Eruption,"Foot of Ko-Usu dome, Ogari-yama",4.0,1822.0,3.0,12.0,Historical Observations,1822.0,9.0,0.0,42.544,140.839
282090,Kirishimayama,17140,Confirmed Eruption,Shinmoe-dake,2.0,1822.0,1.0,12.0,Historical Observations,,,,31.934,130.862
211050,Vulcano,13477,Uncertain Eruption,Fossa,2.0,1822.0,0.0,0.0,,1823.0,0.0,0.0,38.404,14.962
284010,Izu-Oshima,18200,Confirmed Eruption,Mihara-yama,2.0,1822.0,0.0,0.0,Historical Observations,1824.0,0.0,0.0,34.724,139.394
357110,Llaima,12026,Confirmed Eruption,,2.0,1822.0,0.0,0.0,Historical Observations,,,,-38.692,-71.729
357072,Tromen,11962,Confirmed Eruption,,,1822.0,0.0,0.0,Historical Observations,,,,-37.144,-70.033
357021,Maipo,11901,Uncertain Eruption,,,1822.0,0.0,0.0,,,,,-34.164,-69.832
233010,Karthala,14177,Confirmed Eruption,,,1821.0,12.0,31.0,Historical Observations,,,,-11.75,43.38
372020,Eyjafjallajokull,12562,Confirmed Eruption,,2.0,1821.0,12.0,19.0,Historical Observations,1823.0,1.0,1.0,63.633,-19.633
263320,Lamongan,16067,Confirmed Eruption,,2.0,1821.0,12.0,15.0,Historical Observations,1822.0,1.0,5.0,-7.981,113.341
268060,Gamalama,16623,Uncertain Eruption,,1.0,1821.0,8.0,22.0,,,,,0.8,127.33
283220,Chokaisan,18032,Confirmed Eruption,Near Shinzan and Shichiko-zan,2.0,1821.0,5.0,23.0,Historical Observations,,,,39.099,140.049
345060,Irazu,11204,Uncertain Eruption,,2.0,1821.0,5.0,0.0,,,,,9.979,-83.852
264050,Sangeang Api,16237,Confirmed Eruption,,2.0,1821.0,3.0,23.0,Historical Observations,,,,-8.2,119.07
264020,Agung,16208,Uncertain Eruption,,2.0,1821.0,3.0,16.0,,,,,-8.343,115.508
264010,Batur,16180,Confirmed Eruption,Batur I,2.0,1821.0,3.0,16.0,Historical Observations,,,,-8.242,115.375
233020,"Fournaise, Piton de la",14266,Confirmed Eruption,,2.0,1821.0,2.0,27.0,Historical Observations,1821.0,4.0,10.0,-21.244,55.708
283190,Zaozan [Zaosan],17971,Confirmed Eruption,Okama,2.0,1821.0,1.0,27.0,Historical Observations,1821.0,5.0,1.0,38.144,140.44
284010,Izu-Oshima,18199,Confirmed Eruption,,3.0,1821.0,0.0,0.0,Varve Count,,,,34.724,139.394
300070,Gorely,19013,Uncertain Eruption,,,1821.0,0.0,0.0,,,,,52.559,158.03
342020,Tajumulco,10622,Uncertain Eruption,,2.0,1821.0,0.0,0.0,,,,,15.043,-91.903
266130,Tangkoko-Duasudara,16475,Confirmed Eruption,Batu Angus Baru,0.0,1821.0,0.0,0.0,Historical Observations,,,,1.518,125.185
211060,Etna,13735,Confirmed Eruption,Central Crater,2.0,1820.0,12.0,0.0,Historical Observations,1833.0,0.0,0.0,37.748,14.999
358090,Fueguino,12332,Confirmed Eruption,,2.0,1820.0,11.0,25.0,Historical Observations,1820.0,11.0,26.0,-54.97,-70.262
265090,Banda Api,16412,Confirmed Eruption,"Summit, south and NNW flanks",2.0,1820.0,6.0,11.0,Historical Observations,1820.0,8.0,8.0,-4.523,129.881
233020,"Fournaise, Piton de la",14265,Confirmed Eruption,NW rift zone,2.0,1820.0,1.0,0.0,Historical Observations,1820.0,2.0,0.0,-21.244,55.708
221190,Fentale,13953,Confirmed Eruption,Caldera floor and SW flank,0.0,1820.0,0.0,0.0,Historical Observations,,,,8.975,39.93
221200,Kone,13954,Confirmed Eruption,East margin of Gariboldi caldera,1.0,1820.0,0.0,0.0,Historical Observations,,,,8.788,39.701
257040,Ambrym,15240,Confirmed Eruption,West flank,,1820.0,0.0,0.0,Historical Observations,,,,-16.25,168.12
272050,Cabalían,16750,Confirmed Eruption,,,1820.0,0.0,0.0,Radiocarbon (uncorrected),,,,10.285,125.218
263310,Tengger Caldera,16018,Confirmed Eruption,Bromo,2.0,1820.0,0.0,0.0,Historical Observations,,,,-7.942,112.95
334130,Southern EPR-Segment J,10358,Confirmed Eruption,,0.0,1820.0,0.0,0.0,Magnetism,,,,-18.175,-113.35
332010,Kilauea,10061,Confirmed Eruption,Kilauea Caldera,2.0,1820.0,0.0,0.0,Historical Observations,,,,19.421,-155.287
321010,Baker,20450,Confirmed Eruption,,2.0,1820.0,0.0,0.0,Historical Observations,,,,48.777,-121.813
311340,Westdahl,20041,Confirmed Eruption,Pogromni or (more likely) Westdahl,2.0,1820.0,0.0,0.0,Historical Observations,,,,54.516,-164.65
285034,Kuttara,18588,Confirmed Eruption,West flank (Jigoku-dani),1.0,1820.0,0.0,0.0,Tephrochronology,,,,42.491,141.16
357080,Antuco,19902,Confirmed Eruption,,1.0,1820.0,0.0,0.0,Historical Observations,1821.0,0.0,0.0,-37.406,-71.349
390090,Saunders,13211,Confirmed Eruption,,2.0,1819.0,12.0,29.0,Historical Observations,,,,-57.8,-26.483
390130,Zavodovski,13228,Confirmed Eruption,,2.0,1819.0,12.0,0.0,Historical Observations,,,,-56.3,-27.57
264040,Tambora,16232,Confirmed Eruption,,2.0,1819.0,8.0,0.0,Historical Observations,,,,-8.25,118.0
343100,San Miguel,10840,Confirmed Eruption,SSE flank (400 m; near Los Perolitos),2.0,1819.0,7.0,18.0,Historical Observations,,,,13.434,-88.269
211060,Etna,13734,Confirmed Eruption,"Valle del Bove 2850-2375 m, Central Crater",2.0,1819.0,5.0,27.0,Historical Observations,1819.0,8.0,5.0,37.748,14.999
353010,Fernandina,11656,Confirmed Eruption,,2.0,1819.0,5.0,15.0,Historical Observations,1819.0,5.0,18.0,-0.37,-91.55
266040,Riendengan-Sempu,16440,Uncertain Eruption,,,1819.0,0.0,0.0,,,,,1.13,124.758
266030,Soputan,13726,Confirmed Eruption,,2.0,1819.0,0.0,0.0,Historical Observations,,,,1.112,124.737
264230,Lewotolo,16330,Confirmed Eruption,,2.0,1819.0,0.0,0.0,Historical Observations,,,,-8.272,123.505
284190,Guguan,18530,Discredited Eruption,,,1819.0,0.0,0.0,,,,,17.307,145.845
284150,Asuncion,18498,Discredited Eruption,,,1819.0,0.0,0.0,,,,,19.671,145.406
315020,Wrangell,20409,Uncertain Eruption,,2.0,1819.0,0.0,0.0,,,,,62.006,-144.017
313030,Redoubt,20383,Uncertain Eruption,,,1819.0,0.0,0.0,,,,,60.485,-152.742
300260,Klyuchevskoy,19415,Confirmed Eruption,,2.0,1819.0,0.0,0.0,Historical Observations,1822.0,0.0,0.0,56.056,160.642
341040,Colima,10437,Confirmed Eruption,,1.0,1819.0,0.0,0.0,Historical Observations,,,,19.514,-103.62
263300,Semeru,15963,Confirmed Eruption,,2.0,1818.0,11.0,8.0,Historical Observations,,,,-8.108,112.922
263130,Guntur,15698,Confirmed Eruption,,2.0,1818.0,10.0,21.0,Historical Observations,1818.0,10.0,24.0,-7.143,107.84
263320,Lamongan,13676,Confirmed Eruption,,2.0,1818.0,10.0,8.0,Historical Observations,,,,-7.981,113.341
376010,Jan Mayen,12968,Confirmed Eruption,"Beerenberg (Dagnyhaugen, SW flank)",3.0,1818.0,4.0,0.0,Historical Observations,,,,71.082,-8.155
341040,Colima,10436,Confirmed Eruption,,4.0,1818.0,2.0,15.0,Historical Observations,1818.0,2.0,16.0,19.514,-103.62
342040,Almolonga,10630,Confirmed Eruption,East flank of Cerro Quemado,2.0,1818.0,1.0,16.0,Historical Observations,1818.0,6.0,19.0,14.797,-91.519
311310,Makushin,10441,Uncertain Eruption,,,1818.0,0.0,0.0,,,,,53.891,-166.923
263210,Sundoro,15797,Confirmed Eruption,,2.0,1818.0,0.0,0.0,Historical Observations,,,,-7.3,109.992
261230,Dempo,15549,Confirmed Eruption,,2.0,1817.0,12.0,31.0,Historical Observations,,,,-4.016,103.121
311290,Okmok,19836,Confirmed Eruption,Cone E? or B?,3.0,1817.0,3.0,1.0,Historical Observations,1820.0,0.0,0.0,53.43,-168.13
263340,Raung,16113,Confirmed Eruption,,4.0,1817.0,1.0,16.0,Historical Observations,1817.0,2.0,10.0,-8.119,114.056
263350,Ijen,16169,Confirmed Eruption,Kawah Ijen,2.0,1817.0,1.0,15.0,Historical Observations,1817.0,2.0,18.0,-8.058,114.242
233020,"Fournaise, Piton de la",14264,Confirmed Eruption,,0.0,1817.0,1.0,0.0,Historical Observations,1817.0,4.0,0.0,-21.244,55.708
263320,Lamongan,13675,Confirmed Eruption,,2.0,1817.0,0.0,0.0,Historical Observations,,,,-7.981,113.341
311270,Vsevidof,19824,Confirmed Eruption,,3.0,1817.0,0.0,0.0,Historical Observations,,,,53.13,-168.693
312030,Pavlof,20113,Confirmed Eruption,,2.0,1817.0,0.0,0.0,Historical Observations,,,,55.417,-161.894
311210,Yunaska,19791,Uncertain Eruption,,,1817.0,0.0,0.0,,,,,52.643,-170.629
353010,Fernandina,11655,Confirmed Eruption,Volcano Uncertain: Western Galápagos,2.0,1817.0,0.0,0.0,,,,,-0.37,-91.55
353050,"Negra, Sierra",11703,Confirmed Eruption,Volcano Uncertain: Isabela Island,,1817.0,0.0,0.0,,,,,-0.83,-91.17
343030,Izalco,10777,Confirmed Eruption,,2.0,1817.0,0.0,0.0,Historical Observations,,,,13.813,-89.633
384010,Fogo,10362,Confirmed Eruption,,,1816.0,12.0,31.0,Historical Observations,,,,14.95,-24.35
233020,"Fournaise, Piton de la",14263,Confirmed Eruption,,0.0,1816.0,12.0,15.0,Historical Observations,,,,-21.244,55.708
385030,Romanche Fracture Zone,13141,Uncertain Eruption,0.53 S 17.77 W,0.0,1816.0,12.0,8.0,,,,,-0.433,-19.596
265090,Banda Api,16411,Confirmed Eruption,,2.0,1816.0,10.0,11.0,Historical Observations,1816.0,12.0,0.0,-4.523,129.881
263130,Guntur,15697,Confirmed Eruption,,2.0,1816.0,9.0,21.0,Historical Observations,,,,-7.143,107.84
282110,Asosan,17272,Confirmed Eruption,Naka-dake and west flank (Yunotani),2.0,1816.0,6.0,9.0,Historical Observations,1816.0,7.0,6.0,32.884,131.104
373010,Grimsvotn,12812,Confirmed Eruption,,2.0,1816.0,5.0,0.0,Historical Observations,1816.0,6.0,0.0,64.416,-17.316
211060,Etna,13733,Uncertain Eruption,Offshore from Aci-Castello,0.0,1816.0,3.0,6.0,,,,,37.748,14.999
351060,Purace,11316,Confirmed Eruption,,,1816.0,0.0,0.0,Historical Observations,,,,2.32,-76.4
263340,Raung,16112,Confirmed Eruption,,2.0,1815.0,12.0,31.0,Historical Observations,,,,-8.119,114.056
263130,Guntur,15696,Confirmed Eruption,,2.0,1815.0,8.0,15.0,Historical Observations,,,,-7.143,107.84
233020,"Fournaise, Piton de la",14262,Confirmed Eruption,Summit and Plaine des Osmondes,2.0,1815.0,8.0,15.0,Historical Observations,1815.0,8.0,16.0,-21.244,55.708
263310,Tengger Caldera,16017,Confirmed Eruption,Bromo,2.0,1815.0,4.0,5.0,Historical Observations,1815.0,4.0,17.0,-7.942,112.95
283110,Asamayama,17751,Confirmed Eruption,,3.0,1815.0,2.0,28.0,Historical Observations,,,,36.406,138.523
282110,Asosan,17271,Confirmed Eruption,Naka-dake,2.0,1815.0,2.0,10.0,Historical Observations,1815.0,10.0,0.0,32.884,131.104
233020,"Fournaise, Piton de la",14261,Confirmed Eruption,,2.0,1815.0,1.0,21.0,Historical Observations,1815.0,1.0,27.0,-21.244,55.708
268060,Gamalama,16622,Discredited Eruption,,,1815.0,0.0,0.0,,,,,0.8,127.33
357120,Villarrica,12121,Confirmed Eruption,,1.0,1815.0,0.0,0.0,Historical Observations,1818.0,0.0,0.0,-39.42,-71.93
233010,Karthala,14176,Confirmed Eruption,,,1814.0,12.0,31.0,Historical Observations,,,,-11.75,43.38
268060,Gamalama,16621,Confirmed Eruption,,2.0,1814.0,11.0,27.0,Historical Observations,1814.0,11.0,28.0,0.8,127.33
233020,"Fournaise, Piton de la",14260,Confirmed Eruption,,2.0,1814.0,9.0,10.0,Historical Observations,1814.0,10.0,13.0,-21.244,55.708
353010,Fernandina,11654,Confirmed Eruption,,2.0,1814.0,7.0,0.0,Historical Observations,1814.0,8.0,0.0,-0.37,-91.55
242030,Raoul Island,14696,Confirmed Eruption,Denham caldera and Smith Crater,3.0,1814.0,3.0,9.0,Historical Observations,,,,-29.27,-177.92
273030,Mayon,13605,Confirmed Eruption,,4.0,1814.0,2.0,1.0,Historical Observations,1814.0,2.0,15.0,13.257,123.685
360150,Soufriere St. Vincent,12451,Confirmed Eruption,,1.0,1814.0,1.0,9.0,Historical Observations,1814.0,1.0,9.0,13.33,-61.18
282110,Asosan,17270,Confirmed Eruption,Naka-dake,2.0,1814.0,0.0,0.0,Historical Observations,,,,32.884,131.104
243110,Niuafo'ou,14785,Confirmed Eruption,South end of caldera ?,2.0,1814.0,0.0,0.0,Historical Observations,,,,-15.6,-175.63
312130,Ugashik-Peulik,20203,Confirmed Eruption,Peulik,3.0,1814.0,0.0,0.0,Historical Observations,,,,57.751,-156.368
233020,"Fournaise, Piton de la",14259,Confirmed Eruption,,2.0,1813.0,9.0,26.0,Historical Observations,1813.0,11.0,26.0,-21.244,55.708
353010,Fernandina,11653,Confirmed Eruption,South flank,2.0,1813.0,7.0,14.0,Historical Observations,,,,-0.37,-91.55
353050,"Negra, Sierra",11702,Confirmed Eruption,Volcano Uncertain: South end of Isabela Island,2.0,1813.0,7.0,13.0,,,,,-0.83,-91.17
353030,Darwin,11693,Confirmed Eruption,"Volcano Uncertain: more likely Darwin than Wolf, Alcedo",2.0,1813.0,6.0,6.0,Historical Observations,1813.0,6.0,7.0,-0.18,-91.28
300260,Klyuchevskoy,19414,Confirmed Eruption,,2.0,1813.0,2.0,0.0,Historical Observations,,,,56.056,160.642
283170,Adatarayama,17910,Uncertain Eruption,Numanotaira,1.0,1813.0,1.0,10.0,,,,,37.647,140.281
282030,Suwanosejima,16922,Confirmed Eruption,SW ridge fissure and O-take,4.0,1813.0,0.0,0.0,Historical Observations,1814.0,0.0,0.0,29.638,129.714
268060,Gamalama,16620,Confirmed Eruption,,2.0,1812.0,9.0,7.0,Historical Observations,1812.0,9.0,7.0,0.8,127.33
290050,Etorofu-Atosanupuri [Atosanupuri],18747,Confirmed Eruption,,1.0,1812.0,9.0,5.0,Historical Observations,,,,44.808,147.131
300260,Klyuchevskoy,19413,Confirmed Eruption,,2.0,1812.0,9.0,0.0,Historical Observations,,,,56.056,160.642
267040,Awu,16556,Confirmed Eruption,,4.0,1812.0,8.0,6.0,Historical Observations,1812.0,8.0,8.0,3.689,125.447
233020,"Fournaise, Piton de la",14258,Confirmed Eruption,Summit and above Piton de Crac,2.0,1812.0,8.0,5.0,Historical Observations,1812.0,12.0,0.0,-21.244,55.708
290030,Chachadake [Tiatia],18739,Confirmed Eruption,,2.0,1812.0,8.0,0.0,Historical Observations,,,,44.353,146.252
360150,Soufriere St. Vincent,12450,Confirmed Eruption,Old summit crater & new NE rim crater,4.0,1812.0,4.0,27.0,Historical Observations,1812.0,6.0,9.0,13.33,-61.18
360060,Soufriere Guadeloupe,12364,Confirmed Eruption,E-W fissure on summit dome,1.0,1812.0,4.0,0.0,Historical Observations,1812.0,5.0,10.0,16.044,-61.664
290040,Berutarubesan [Berutarube],18746,Uncertain Eruption,,1.0,1812.0,0.0,0.0,,,,,44.462,146.932
311160,Atka,19749,Confirmed Eruption,Sarichef or more probably Kliuchef,3.0,1812.0,0.0,0.0,Historical Observations,,,,52.331,-174.139
313010,Augustine,20265,Confirmed Eruption,,3.0,1812.0,0.0,0.0,Historical Observations,,,,59.363,-153.43
211050,Vulcano,13476,Uncertain Eruption,Fossa,1.0,1812.0,0.0,0.0,,,,,38.404,14.962
263250,Merapi,13422,Confirmed Eruption,,1.0,1812.0,0.0,0.0,Historical Observations,1822.0,0.0,0.0,-7.54,110.446
263340,Raung,16111,Confirmed Eruption,,2.0,1812.0,0.0,0.0,Historical Observations,1814.0,0.0,0.0,-8.119,114.056
264040,Tambora,16231,Confirmed Eruption,,7.0,1812.0,0.0,0.0,Historical Observations,1815.0,7.0,15.0,-8.25,118.0
211060,Etna,13732,Confirmed Eruption,East (Valle del Bove 3000-1975 m),2.0,1811.0,10.0,27.0,Historical Observations,1812.0,5.0,0.0,37.748,14.999
273030,Mayon,13604,Uncertain Eruption,,2.0,1811.0,10.0,5.0,,1811.0,10.0,6.0,13.257,123.685
382080,Sete Cidades,13021,Confirmed Eruption,Submarine vent west of Sete Cidades,3.0,1811.0,6.0,14.0,Historical Observations,1811.0,6.0,22.0,37.87,-25.78
290150,Chirpoi,18780,Confirmed Eruption,Snow,2.0,1811.0,6.0,11.0,Historical Observations,,,,46.532,150.871
263280,Kelut,15941,Confirmed Eruption,,2.0,1811.0,6.0,5.0,Historical Observations,,,,-7.93,112.308
268060,Gamalama,16619,Confirmed Eruption,,2.0,1811.0,2.0,1.0,Historical Observations,1811.0,5.0,0.0,0.8,127.33
382080,Sete Cidades,13020,Confirmed Eruption,Submarine vent west of Sete Cidades,2.0,1811.0,2.0,1.0,Historical Observations,1811.0,2.0,8.0,37.87,-25.78
284040,Miyakejima,18266,Confirmed Eruption,Summit and NE flank?,2.0,1811.0,1.0,27.0,Historical Observations,1811.0,1.0,28.0,34.094,139.526
343100,San Miguel,10839,Uncertain Eruption,,2.0,1811.0,0.0,0.0,,,,,13.434,-88.269
233020,"Fournaise, Piton de la",14257,Confirmed Eruption,,2.0,1810.0,11.0,20.0,Historical Observations,1810.0,11.0,28.0,-21.244,55.708
231080,"Yar, Jabal",14136,Confirmed Eruption,,2.0,1810.0,0.0,0.0,Historical Observations,,,,17.05,42.83
253030,Victory,15106,Uncertain Eruption,,2.0,1810.0,0.0,0.0,,,,,-9.2,149.07
263250,Merapi,13421,Confirmed Eruption,,1.0,1810.0,0.0,0.0,Historical Observations,,,,-7.54,110.446
355090,Putana,11841,Confirmed Eruption,,,1810.0,0.0,0.0,Historical Observations,,,,-22.557,-67.853
233020,"Fournaise, Piton de la",14256,Confirmed Eruption,,2.0,1809.0,7.0,17.0,Historical Observations,1809.0,8.0,8.0,-21.244,55.708
283190,Zaozan [Zaosan],17970,Confirmed Eruption,Okama,2.0,1809.0,6.0,12.0,Historical Observations,1809.0,12.0,29.0,38.144,140.44
263130,Guntur,15695,Confirmed Eruption,,2.0,1809.0,5.0,9.0,Historical Observations,,,,-7.143,107.84
344010,Cosiguina,10871,Uncertain Eruption,,2.0,1809.0,3.0,28.0,,1809.0,3.0,31.0,12.98,-87.57
211060,Etna,13731,Confirmed Eruption,"Central Crater, N & NE flanks (3000-1325 m)",2.0,1809.0,3.0,27.0,Historical Observations,1809.0,4.0,9.0,37.748,14.999
263320,Lamongan,13674,Confirmed Eruption,,2.0,1808.0,12.0,8.0,Historical Observations,,,,-7.981,113.341
600000,Unknown Source,13307,Confirmed Eruption,"Tropical latitude (SP, 365 ppb sulfate)",6.0,1808.0,12.0,4.0,Historical Observations,,,,0.0,0.0
382030,San Jorge,12994,Confirmed Eruption,Sao Jorge,1.0,1808.0,5.0,1.0,Historical Observations,1808.0,6.0,10.0,38.65,-28.08
273070,Taal,16843,Confirmed Eruption,,2.0,1808.0,2.0,0.0,Historical Observations,1808.0,4.0,0.0,14.002,120.993
267010,Ruang,16477,Confirmed Eruption,,2.0,1808.0,0.0,0.0,Historical Observations,,,,2.3,125.37
264020,Agung,16207,Confirmed Eruption,,2.0,1808.0,0.0,0.0,Historical Observations,,,,-8.343,115.508
233010,Karthala,14175,Confirmed Eruption,,,1808.0,0.0,0.0,Historical Observations,,,,-11.75,43.38
283160,Bandaisan,17899,Confirmed Eruption,Numanotaira,2.0,1808.0,0.0,0.0,Historical Observations,,,,37.601,140.072
285070,Akan,18686,Confirmed Eruption,Me-Akan,,1808.0,0.0,0.0,Historical Observations,,,,43.384,144.013
263130,Guntur,15694,Confirmed Eruption,,2.0,1807.0,9.0,1.0,Historical Observations,1807.0,9.0,6.0,-7.143,107.84
283270,Iwakisan,18122,Uncertain Eruption,,2.0,1807.0,3.0,31.0,,,,,40.656,140.303
233020,"Fournaise, Piton de la",14255,Confirmed Eruption,,2.0,1807.0,3.0,23.0,Historical Observations,1807.0,6.0,13.0,-21.244,55.708
300260,Klyuchevskoy,19412,Confirmed Eruption,,2.0,1807.0,2.0,1.0,Historical Observations,,,,56.056,160.642
224010,Cameroon,14118,Confirmed Eruption,South flank (2600 m),3.0,1807.0,0.0,0.0,Historical Observations,,,,4.203,9.17
263250,Merapi,15812,Confirmed Eruption,,1.0,1807.0,0.0,0.0,Historical Observations,,,,-7.54,110.446
261140,Marapi,15418,Confirmed Eruption,,2.0,1807.0,0.0,0.0,Historical Observations,,,,-0.38,100.474
373030,Bardarbunga,12882,Uncertain Eruption,NW-Vatnajökull,,1807.0,0.0,0.0,,,,,64.633,-17.516
283190,Zaozan [Zaosan],17969,Confirmed Eruption,Okama,2.0,1806.0,7.0,12.0,Historical Observations,,,,38.144,140.44
282110,Asosan,17269,Confirmed Eruption,Naka-dake,2.0,1806.0,6.0,0.0,Historical Observations,1806.0,10.0,0.0,32.884,131.104
263320,Lamongan,16066,Confirmed Eruption,,2.0,1806.0,5.0,0.0,Historical Observations,,,,-7.981,113.341
357080,Antuco,19901,Confirmed Eruption,,2.0,1806.0,5.0,0.0,Historical Observations,,,,-37.406,-71.349
357120,Villarrica,12120,Confirmed Eruption,,2.0,1806.0,4.0,0.0,Historical Observations,1806.0,5.0,0.0,-39.42,-71.93
343050,San Salvador,10828,Uncertain Eruption,El Playón ?,0.0,1806.0,0.0,0.0,,,,,13.734,-89.294
263210,Sundoro,15796,Confirmed Eruption,,2.0,1806.0,0.0,0.0,Historical Observations,,,,-7.3,109.992
311300,Bogoslof,19854,Confirmed Eruption,Old Bogoslof (Castle Rock),2.0,1806.0,0.0,0.0,Historical Observations,1823.0,0.0,0.0,53.93,-168.03
341040,Colima,10435,Confirmed Eruption,,2.0,1806.0,0.0,0.0,Historical Observations,1809.0,0.0,0.0,19.514,-103.62
263170,Cereme,15727,Confirmed Eruption,,2.0,1805.0,4.0,0.0,Historical Observations,,,,-6.895,108.408
351020,"Ruiz, Nevado del",11281,Confirmed Eruption,,2.0,1805.0,3.0,14.0,Historical Observations,,,,4.892,-75.324
343030,Izalco,10776,Confirmed Eruption,,2.0,1805.0,0.0,0.0,Historical Observations,1807.0,0.0,0.0,13.813,-89.633
342110,Pacaya,10756,Confirmed Eruption,,2.0,1805.0,0.0,0.0,Historical Observations,,,,14.382,-90.601
311290,Okmok,19835,Confirmed Eruption,,,1805.0,0.0,0.0,Historical Observations,,,,53.43,-168.13
283120,Kusatsu-Shiranesan,17823,Confirmed Eruption,Yu-gama,2.0,1805.0,0.0,0.0,Historical Observations,,,,36.618,138.528
290240,Sarychev Peak,18805,Confirmed Eruption,,,1805.0,0.0,0.0,Historical Observations,,,,48.092,153.2
282110,Asosan,17268,Confirmed Eruption,Naka-dake,2.0,1804.0,9.0,5.0,Historical Observations,,,,32.884,131.104
263310,Tengger Caldera,16016,Confirmed Eruption,Bromo,2.0,1804.0,9.0,0.0,Historical Observations,,,,-7.942,112.95
283190,Zaozan [Zaosan],17968,Confirmed Eruption,Okama,2.0,1804.0,5.0,0.0,Historical Observations,,,,38.144,140.44
285040,Shikotsu,18613,Confirmed Eruption,Tarumai,3.0,1804.0,0.0,0.0,Historical Observations,1817.0,0.0,0.0,42.688,141.38
300140,Maly Semyachik,17636,Confirmed Eruption,Ceno-Semiachik (Troitsky Crater),3.0,1804.0,0.0,0.0,Historical Observations,,,,54.135,159.674
341040,Colima,10433,Confirmed Eruption,,2.0,1804.0,0.0,0.0,Historical Observations,,,,19.514,-103.62
264010,Batur,16179,Confirmed Eruption,Batur I,2.0,1804.0,0.0,0.0,Historical Observations,,,,-8.242,115.375
263340,Raung,16110,Confirmed Eruption,,2.0,1804.0,0.0,0.0,Historical Observations,,,,-8.119,114.056
283110,Asamayama,17750,Confirmed Eruption,,2.0,1803.0,11.0,7.0,Historical Observations,1803.0,11.0,21.0,36.406,138.523
260010,Barren Island,15380,Confirmed Eruption,,2.0,1803.0,11.0,0.0,Historical Observations,1804.0,1.0,31.0,12.278,93.858
284010,Izu-Oshima,18198,Confirmed Eruption,Mihara-yama,2.0,1803.0,9.0,26.0,Historical Observations,1803.0,11.0,14.0,34.724,139.394
283110,Asamayama,17749,Confirmed Eruption,,2.0,1803.0,7.0,4.0,Historical Observations,,,,36.406,138.523
263130,Guntur,15693,Confirmed Eruption,,2.0,1803.0,4.0,3.0,Historical Observations,1803.0,4.0,15.0,-7.143,107.84
352050,Cotopaxi,11554,Confirmed Eruption,,3.0,1803.0,1.0,4.0,Historical Observations,1803.0,1.0,5.0,-0.677,-78.436
211060,Etna,13730,Confirmed Eruption,Central Crater,2.0,1803.0,1.0,1.0,Historical Observations,1819.0,0.0,0.0,37.748,14.999
233020,"Fournaise, Piton de la",14254,Confirmed Eruption,,2.0,1802.0,12.0,0.0,Historical Observations,,,,-21.244,55.708
211060,Etna,13729,Confirmed Eruption,"Central Crater, E flank (1950-1700 m)",2.0,1802.0,11.0,15.0,Historical Observations,1802.0,11.0,18.0,37.748,14.999
354040,Tutupaca,11799,Confirmed Eruption,,4.0,1802.0,3.0,20.0,Historical Observations,1802.0,8.0,20.0,-17.026,-70.372
343030,Izalco,10775,Confirmed Eruption,,2.0,1802.0,0.0,0.0,Historical Observations,1803.0,0.0,0.0,13.813,-89.633
341090,Popocatepetl,10537,Confirmed Eruption,,1.0,1802.0,0.0,0.0,Historical Observations,1804.0,0.0,0.0,19.023,-98.622
311310,Makushin,19493,Confirmed Eruption,,3.0,1802.0,0.0,0.0,Historical Observations,,,,53.891,-166.923
233020,"Fournaise, Piton de la",14253,Confirmed Eruption,Mammelon Central,2.0,1801.0,10.0,27.0,Historical Observations,1802.0,4.0,28.0,-21.244,55.708
266130,Tangkoko-Duasudara,16474,Confirmed Eruption,Summit and east flank (Batu Angus),2.0,1801.0,0.0,0.0,Historical Observations,,,,1.518,125.185
352030,Antisana,11427,Confirmed Eruption,Volcano Uncertain: possibly Reventador,2.0,1801.0,0.0,0.0,,1802.0,5.0,0.0,-0.481,-78.141
283220,Chokaisan,18031,Confirmed Eruption,Shinzan (foot of Kojin-yama),2.0,1800.0,12.0,0.0,Historical Observations,1804.0,7.0,0.0,39.099,140.049
233020,"Fournaise, Piton de la",14252,Confirmed Eruption,SE rift zone,0.0,1800.0,11.0,2.0,Historical Observations,1800.0,11.0,8.0,-21.244,55.708
273030,Mayon,13603,Confirmed Eruption,,2.0,1800.0,10.0,30.0,Historical Observations,1800.0,10.0,31.0,13.257,123.685
353020,Wolf,11682,Confirmed Eruption,,2.0,1800.0,8.0,21.0,Historical Observations,1800.0,8.0,21.0,0.02,-91.35
382030,San Jorge,12993,Confirmed Eruption,Subm. vent ca. 20 km SW of Terceira,2.0,1800.0,6.0,24.0,Historical Observations,1800.0,6.0,25.0,38.65,-28.08
283270,Iwakisan,18121,Uncertain Eruption,,2.0,1800.0,5.0,11.0,,,,,40.656,140.303
321050,St. Helens,20544,Confirmed Eruption,N flank--Goat Rocks area,5.0,1800.0,1.0,15.0,Dendrochronology,,,,46.2,-122.18
320090,Iskut-Unuk River Cones,20438,Confirmed Eruption,Lava Fork,,1800.0,0.0,0.0,Radiocarbon (uncorrected),,,,56.58,-130.55
332040,Hualalai,10254,Confirmed Eruption,NW rift zone (520 m),0.0,1800.0,0.0,0.0,Historical Observations,1801.0,0.0,0.0,19.692,-155.87
300270,Sheveluch,19571,Uncertain Eruption,,3.0,1800.0,0.0,0.0,,,,,56.653,161.36
283180,Azumayama,17926,Confirmed Eruption,Issaikyo (Oana),,1800.0,0.0,0.0,Historical Observations,,,,37.735,140.244
284170,Pagan,18505,Confirmed Eruption,North Pagan (west flank maar),,1800.0,0.0,0.0,Radiocarbon (uncorrected),,,,18.13,145.8
285082,Rausudake,18719,Confirmed Eruption,,3.0,1800.0,0.0,0.0,Tephrochronology,,,,44.076,145.122
263130,Guntur,15692,Confirmed Eruption,,,1800.0,0.0,0.0,Historical Observations,,,,-7.143,107.84
222170,Kyejo,14035,Confirmed Eruption,Sarabwe and Fiteko,2.0,1800.0,0.0,0.0,Historical Observations,,,,-9.229,33.792
252080,Witori,15022,Confirmed Eruption,,4.0,1800.0,0.0,0.0,Tephrochronology,,,,-5.576,150.516
241030,Taranaki,13348,Confirmed Eruption,,,1800.0,0.0,0.0,Tephrochronology,,,,-39.3,174.07
390030,Deception Island,13182,Confirmed Eruption,N side caldera bay (near Telefon Bay),,1800.0,0.0,0.0,Historical Observations,,,,-63.001,-60.652
344120,Concepcion,11046,Uncertain Eruption,,2.0,1800.0,0.0,0.0,,,,,11.538,-85.622
354031,Ticsani,11793,Confirmed Eruption,,,1800.0,0.0,0.0,Tephrochronology,,,,-16.755,-70.595
384010,Fogo,13131,Confirmed Eruption,North caldera floor,2.0,1799.0,6.0,2.0,Historical Observations,1799.0,6.0,28.0,14.95,-24.35
282080,Aira,17070,Confirmed Eruption,Minami-dake,2.0,1799.0,3.0,27.0,Historical Observations,,,,31.593,130.657
263320,Lamongan,16065,Confirmed Eruption,,2.0,1799.0,0.0,0.0,Historical Observations,,,,-7.981,113.341
342090,Fuego,10699,Confirmed Eruption,,3.0,1799.0,0.0,0.0,Historical Observations,,,,14.473,-90.88
282100,Unzendake,17178,Uncertain Eruption,Fugen-dake,,1798.0,11.0,13.0,,1798.0,12.0,0.0,32.761,130.299
383030,Tenerife,13111,Confirmed Eruption,SW flank of Pico Viejo (Chahorra),3.0,1798.0,6.0,9.0,Historical Observations,1798.0,9.0,14.0,28.271,-16.641
343030,Izalco,10774,Confirmed Eruption,,2.0,1798.0,4.0,0.0,Historical Observations,,,,13.813,-89.633
343100,San Miguel,10838,Uncertain Eruption,,2.0,1798.0,0.0,0.0,,,,,13.434,-88.269
357120,Villarrica,21010,Confirmed Eruption,,2.0,1798.0,,,Varve Count,,,,-39.42,-71.93
360060,Soufriere Guadeloupe,12363,Confirmed Eruption,NNW side of summit dome,2.0,1797.0,9.0,29.0,Historical Observations,1798.0,4.0,26.0,16.044,-61.664
353020,Wolf,11681,Confirmed Eruption,,,1797.0,8.0,0.0,Historical Observations,,,,0.02,-91.35
352060,Quilotoa,11602,Uncertain Eruption,,,1797.0,2.0,4.0,,,,,-0.85,-78.9
352010,Reventador,11426,Confirmed Eruption,,3.0,1797.0,1.0,0.0,Historical Observations,,,,-0.077,-77.656
373030,Bardarbunga,12881,Confirmed Eruption,Volcano Uncertain,,1797.0,0.0,0.0,,,,,64.633,-17.516
373060,Askja,12908,Confirmed Eruption,Holuhraun,0.0,1797.0,0.0,0.0,Historical Observations,,,,65.033,-16.783
282080,Aira,17069,Confirmed Eruption,Minami-dake,2.0,1797.0,0.0,0.0,Historical Observations,,,,31.593,130.657
263240,Merbabu,15809,Confirmed Eruption,,2.0,1797.0,0.0,0.0,Historical Observations,,,,-7.454,110.44
263250,Merapi,15811,Confirmed Eruption,,1.0,1797.0,0.0,0.0,Historical Observations,,,,-7.54,110.446
258020,Hunter Island,15363,Uncertain Eruption,,,1797.0,0.0,0.0,,,,,-22.4,172.05
256010,Tinakula,15189,Confirmed Eruption,,1.0,1797.0,0.0,0.0,Historical Observations,,,,-10.386,165.804
233020,"Fournaise, Piton de la",14251,Confirmed Eruption,,0.0,1797.0,0.0,0.0,Historical Observations,,,,-21.244,55.708
341110,San Martin,10595,Uncertain Eruption,,2.0,1797.0,0.0,0.0,,1805.0,0.0,0.0,18.57,-95.2
351080,Galeras,11354,Confirmed Eruption,,2.0,1796.0,11.0,0.0,Historical Observations,1801.0,0.0,0.0,1.22,-77.37
282020,Io-Torishima,16913,Confirmed Eruption,Iwo-dake,2.0,1796.0,10.0,0.0,Historical Observations,1796.0,11.0,0.0,27.881,128.223
373010,Grimsvotn,12811,Discredited Eruption,,,1796.0,6.0,0.0,,,,,64.416,-17.316
311300,Bogoslof,19853,Confirmed Eruption,Old Bogoslof (Castle Rock),3.0,1796.0,5.0,0.0,Historical Observations,1804.0,0.0,0.0,53.93,-168.03
283190,Zaozan [Zaosan],17967,Confirmed Eruption,Okama,2.0,1796.0,3.0,24.0,Historical Observations,,,,38.144,140.44
211020,Vesuvius,13350,Confirmed Eruption,Summit and upper flanks,3.0,1796.0,1.0,0.0,Historical Observations,1822.0,11.0,16.0,40.821,14.426
263350,Ijen,16168,Confirmed Eruption,Kawah Ijen,2.0,1796.0,0.0,0.0,Historical Observations,,,,-8.058,114.242
311340,Westdahl,20040,Confirmed Eruption,Pogromni or (more likely) Westdahl,0.0,1796.0,0.0,0.0,Historical Observations,,,,54.516,-164.65
311390,Amak,20110,Confirmed Eruption,,,1796.0,0.0,0.0,Historical Observations,,,,55.424,-163.149
260010,Barren Island,15379,Confirmed Eruption,,2.0,1795.0,12.0,20.0,Historical Observations,1795.0,12.0,21.0,12.278,93.858
341040,Colima,10432,Confirmed Eruption,,2.0,1795.0,3.0,0.0,Historical Observations,1795.0,9.0,0.0,19.514,-103.62
311350,Fisher,20050,Confirmed Eruption,,,1795.0,0.0,0.0,Historical Observations,,,,54.65,-164.43
311370,Isanotski,20102,Uncertain Eruption,,3.0,1795.0,0.0,0.0,,,,,54.765,-163.723
311340,Westdahl,20039,Confirmed Eruption,Pogromni or (more likely) Westdahl,4.0,1795.0,0.0,0.0,Historical Observations,,,,54.516,-164.65
233020,"Fournaise, Piton de la",14250,Confirmed Eruption,,,1795.0,0.0,0.0,Historical Observations,,,,-21.244,55.708
283190,Zaozan [Zaosan],17966,Confirmed Eruption,SE side of Okama,2.0,1794.0,9.0,22.0,Historical Observations,1794.0,12.0,0.0,38.144,140.44
341040,Colima,10431,Confirmed Eruption,,2.0,1794.0,8.0,0.0,Historical Observations,,,,19.514,-103.62
373010,Grimsvotn,12810,Uncertain Eruption,,,1794.0,7.0,15.0,,,,,64.416,-17.316
341110,San Martin,10594,Confirmed Eruption,,2.0,1794.0,5.0,0.0,Historical Observations,1796.0,0.0,0.0,18.57,-95.2
283270,Iwakisan,18120,Uncertain Eruption,,2.0,1794.0,4.0,3.0,,,,,40.656,140.303
233020,"Fournaise, Piton de la",14249,Confirmed Eruption,,0.0,1794.0,1.0,0.0,Historical Observations,1794.0,1.0,0.0,-21.244,55.708
282080,Aira,17068,Confirmed Eruption,Minami-dake,2.0,1794.0,0.0,0.0,Historical Observations,,,,31.593,130.657
373030,Bardarbunga,12880,Confirmed Eruption,,,1794.0,0.0,0.0,Historical Observations,,,,64.633,-17.516
251070,Ritter Island,14967,Confirmed Eruption,,2.0,1793.0,6.0,29.0,Historical Observations,,,,-5.519,148.115
383020,Hierro,13064,Uncertain Eruption,NW rift (Volcán de Lomo Negro)?,0.0,1793.0,5.0,0.0,,1793.0,6.0,0.0,27.73,-18.03
283270,Iwakisan,18119,Uncertain Eruption,,2.0,1793.0,4.0,2.0,,,,,40.656,140.303
343030,Izalco,10773,Confirmed Eruption,,2.0,1793.0,3.0,29.0,Historical Observations,1793.0,9.0,0.0,13.813,-89.633
341110,San Martin,10593,Confirmed Eruption,Cinder cones in summit crater,4.0,1793.0,3.0,2.0,Historical Observations,1793.0,12.0,0.0,18.57,-95.2
313020,Iliamna,20281,Uncertain Eruption,,,1793.0,0.0,0.0,,,,,60.032,-153.09
300240,Tolbachik,19298,Confirmed Eruption,,2.0,1793.0,0.0,0.0,Historical Observations,,,,55.832,160.326
290380,Ebeko,18865,Confirmed Eruption,,2.0,1793.0,0.0,0.0,Historical Observations,,,,50.686,156.014
234002,St. Paul,14394,Confirmed Eruption,SW flank (near Cape West),2.0,1793.0,0.0,0.0,Historical Observations,,,,-38.72,77.53
211060,Etna,13728,Confirmed Eruption,Central Crater,3.0,1793.0,0.0,0.0,Historical Observations,1802.0,0.0,0.0,37.748,14.999
263340,Raung,16109,Confirmed Eruption,,2.0,1793.0,0.0,0.0,Historical Observations,,,,-8.119,114.056
233020,"Fournaise, Piton de la",14248,Confirmed Eruption,,0.0,1792.0,12.0,19.0,Historical Observations,,,,-21.244,55.708
321010,Baker,20449,Uncertain Eruption,,,1792.0,6.0,0.0,,,,,48.777,-121.813
311120,Great Sitkin,19729,Confirmed Eruption,,,1792.0,5.0,26.0,Historical Observations,,,,52.076,-176.13
211060,Etna,13727,Confirmed Eruption,"Summit, SE flank (2825-1500 m)",3.0,1792.0,5.0,25.0,Historical Observations,1793.0,5.0,26.0,37.748,14.999
211060,Etna,13725,Confirmed Eruption,"Central Crater, west slope",2.0,1792.0,3.0,0.0,Historical Observations,1792.0,5.0,24.0,37.748,14.999
311310,Makushin,10434,Uncertain Eruption,,,1792.0,2.0,14.0,,,,,53.891,-166.923
282100,Unzendake,17177,Confirmed Eruption,"Fugen-dake (summit, NNE), Mayu-yama",2.0,1792.0,2.0,10.0,Historical Observations,1792.0,7.0,22.0,32.761,130.299
360120,Pelee,12428,Confirmed Eruption,Upper Rivière Claire valley,1.0,1792.0,1.0,22.0,Historical Observations,1792.0,4.0,0.0,14.809,-61.165
358020,Calbuco,12250,Confirmed Eruption,,,1792.0,0.0,0.0,Historical Observations,,,,-41.33,-72.618
282080,Aira,17067,Uncertain Eruption,Minami-dake,2.0,1792.0,0.0,0.0,,,,,31.593,130.657
243060,Tofua,14745,Confirmed Eruption,,0.0,1792.0,0.0,0.0,Historical Observations,,,,-19.75,-175.07
311070,Gareloi,19677,Confirmed Eruption,,2.0,1792.0,0.0,0.0,Historical Observations,,,,51.79,-178.794
311060,Semisopochnoi,19568,Uncertain Eruption,Cerberus,,1792.0,0.0,0.0,,,,,51.93,179.58
284010,Izu-Oshima,18197,Confirmed Eruption,Mihara-yama,2.0,1792.0,0.0,0.0,Historical Observations,,,,34.724,139.394
282080,Aira,17066,Confirmed Eruption,Minami-dake,2.0,1791.0,9.0,11.0,Historical Observations,,,,31.593,130.657
300260,Klyuchevskoy,19411,Confirmed Eruption,,2.0,1791.0,8.0,0.0,Historical Observations,,,,56.056,160.642
311080,Tanaga,19695,Uncertain Eruption,,,1791.0,6.0,7.0,,,,,51.885,-178.146
233020,"Fournaise, Piton de la",14247,Confirmed Eruption,"Dolomieu, Mamelon Central ?",2.0,1791.0,6.0,5.0,Historical Observations,1791.0,7.0,27.0,-21.244,55.708
252140,Rabaul,15087,Confirmed Eruption,Tavurvur,2.0,1791.0,5.0,22.0,Historical Observations,,,,-4.271,152.203
300260,Klyuchevskoy,19410,Confirmed Eruption,,2.0,1791.0,4.0,0.0,Historical Observations,,,,56.056,160.642
211060,Etna,13724,Confirmed Eruption,Central Crater,2.0,1791.0,2.0,0.0,Historical Observations,1791.0,9.0,0.0,37.748,14.999
344040,Telica,10905,Confirmed Eruption,,,1791.0,1.0,24.0,Historical Observations,,,,12.606,-86.84
243100,Fonualei,14778,Confirmed Eruption,,2.0,1791.0,0.0,0.0,Historical Observations,,,,-18.023,-174.317
263250,Merapi,15866,Confirmed Eruption,,2.0,1791.0,0.0,0.0,Historical Observations,,,,-7.54,110.446
311070,Gareloi,19676,Confirmed Eruption,,2.0,1791.0,0.0,0.0,Historical Observations,,,,51.79,-178.794
332010,Kilauea,10060,Confirmed Eruption,Kilauea Caldera (Keanakakoi ash),4.0,1790.0,11.0,0.0,Historical Observations,,,,19.421,-155.287
283270,Iwakisan,18118,Confirmed Eruption,,2.0,1790.0,10.0,9.0,Historical Observations,,,,40.656,140.303
282080,Aira,17065,Confirmed Eruption,Minami-dake,2.0,1790.0,7.0,29.0,Historical Observations,,,,31.593,130.657
311310,Makushin,19761,Uncertain Eruption,,,1790.0,6.0,7.0,,,,,53.891,-166.923
311270,Vsevidof,19823,Uncertain Eruption,,,1790.0,5.0,30.0,,,,,53.13,-168.693
358010,Osorno,12231,Confirmed Eruption,SE base,2.0,1790.0,3.0,9.0,Historical Observations,1791.0,12.0,26.0,-41.105,-72.496
357120,Villarrica,12119,Confirmed Eruption,,1.0,1790.0,1.0,0.0,Historical Observations,1801.0,0.0,0.0,-39.42,-71.93
285010,Oshima-Oshima,18558,Confirmed Eruption,Nishi-yama,2.0,1790.0,1.0,0.0,Historical Observations,,,,41.51,139.367
290150,Chirpoi,18779,Confirmed Eruption,Snow,,1790.0,0.0,0.0,Historical Observations,,,,46.532,150.871
290390,Alaid,18880,Confirmed Eruption,,4.0,1790.0,0.0,0.0,Historical Observations,1793.0,0.0,0.0,50.861,155.565
300240,Tolbachik,19297,Confirmed Eruption,,2.0,1790.0,0.0,0.0,Historical Observations,,,,55.832,160.326
311320,Akutan,19998,Uncertain Eruption,,,1790.0,0.0,0.0,,,,,54.134,-165.986
311360,Shishaldin,20057,Uncertain Eruption,,,1790.0,0.0,0.0,,,,,54.756,-163.97
312030,Pavlof,20112,Confirmed Eruption,,2.0,1790.0,0.0,0.0,Historical Observations,,,,55.417,-161.894
311070,Gareloi,19675,Confirmed Eruption,,2.0,1790.0,0.0,0.0,Historical Observations,,,,51.79,-178.794
311060,Semisopochnoi,19671,Uncertain Eruption,Cerberus,,1790.0,0.0,0.0,,,,,51.93,179.58
311110,Kanaga,19714,Discredited Eruption,,,1790.0,0.0,0.0,,1791.0,0.0,0.0,51.923,-177.168
332010,Kilauea,10059,Confirmed Eruption,Lower east rift zone (230-375 m),0.0,1790.0,0.0,0.0,Historical Observations,,,,19.421,-155.287
323110,Mono Lake Volcanic Field,20654,Confirmed Eruption,Paoha Island,,1790.0,0.0,0.0,Tephrochronology,,,,38.0,-119.03
273070,Taal,16842,Confirmed Eruption,,2.0,1790.0,0.0,0.0,Historical Observations,,,,14.002,120.993
243090,Late,14773,Confirmed Eruption,NE flank?,2.0,1790.0,0.0,0.0,Historical Observations,,,,-18.806,-174.65
266110,Mahawu,16465,Confirmed Eruption,,2.0,1789.0,12.0,31.0,Historical Observations,,,,1.352,124.865
300260,Klyuchevskoy,19409,Confirmed Eruption,,2.0,1789.0,12.0,1.0,Historical Observations,1790.0,2.0,0.0,56.056,160.642
233020,"Fournaise, Piton de la",14246,Confirmed Eruption,East side of summit cone and Bory crater,2.0,1789.0,6.0,0.0,Historical Observations,1789.0,7.0,0.0,-21.244,55.708
260010,Barren Island,15378,Confirmed Eruption,,2.0,1789.0,3.0,24.0,Historical Observations,,,,12.278,93.858
300240,Tolbachik,19296,Confirmed Eruption,,2.0,1789.0,0.0,0.0,Historical Observations,,,,55.832,160.326
300100,Avachinsky,19085,Uncertain Eruption,,,1789.0,0.0,0.0,,,,,53.256,158.836
284010,Izu-Oshima,18196,Confirmed Eruption,Mihara-yama,2.0,1789.0,0.0,0.0,Historical Observations,,,,34.724,139.394
300260,Klyuchevskoy,19408,Confirmed Eruption,,2.0,1788.0,8.0,0.0,Historical Observations,,,,56.056,160.642
300260,Klyuchevskoy,19407,Confirmed Eruption,,2.0,1788.0,2.0,0.0,Historical Observations,,,,56.056,160.642
300240,Tolbachik,19295,Confirmed Eruption,,2.0,1788.0,0.0,0.0,Historical Observations,,,,55.832,160.326
266110,Mahawu,16464,Confirmed Eruption,,,1788.0,0.0,0.0,Historical Observations,,,,1.352,124.865
357021,Maipo,11900,Uncertain Eruption,,,1788.0,0.0,0.0,,,,,-34.164,-69.832
343100,San Miguel,10837,Confirmed Eruption,"Summit, north and SE flanks",2.0,1787.0,9.0,21.0,Historical Observations,1787.0,9.0,23.0,13.434,-88.269
300260,Klyuchevskoy,19406,Confirmed Eruption,,2.0,1787.0,9.0,0.0,Historical Observations,,,,56.056,160.642
354010,"Misti, El",11768,Confirmed Eruption,,1.0,1787.0,7.0,28.0,Historical Observations,1787.0,10.0,10.0,-16.294,-71.409
233020,"Fournaise, Piton de la",14245,Confirmed Eruption,Bory,2.0,1787.0,6.0,14.0,Historical Observations,1787.0,8.0,1.0,-21.244,55.708
211060,Etna,13723,Confirmed Eruption,Central Crater,4.0,1787.0,6.0,4.0,Historical Observations,1787.0,8.0,11.0,37.748,14.999
260010,Barren Island,15377,Confirmed Eruption,,2.0,1787.0,5.0,12.0,Historical Observations,,,,12.278,93.858
283290,Osorezan,18136,Confirmed Eruption,,,1787.0,0.0,0.0,Historical Observations,,,,41.279,141.12
283160,Bandaisan,17898,Confirmed Eruption,,2.0,1787.0,0.0,0.0,Historical Observations,,,,37.601,140.072
357120,Villarrica,12118,Confirmed Eruption,,2.0,1787.0,0.0,0.0,Historical Observations,,,,-39.42,-71.93
354040,Tutupaca,11798,Confirmed Eruption,,2.0,1787.0,,,Historical Observations,1789.0,,,-17.026,-70.372
263250,Merapi,15865,Confirmed Eruption,,1.0,1786.0,7.0,17.0,Historical Observations,,,,-7.54,110.446
233020,"Fournaise, Piton de la",14244,Confirmed Eruption,,2.0,1786.0,6.0,5.0,Historical Observations,1786.0,8.0,4.0,-21.244,55.708
311190,Amukta,19784,Confirmed Eruption,,3.0,1786.0,6.0,0.0,Historical Observations,1791.0,0.0,0.0,52.5,-171.252
311180,Seguam,19774,Confirmed Eruption,,,1786.0,0.0,0.0,Historical Observations,1790.0,0.0,0.0,52.315,-172.51
313020,Iliamna,20280,Uncertain Eruption,,,1786.0,0.0,0.0,,,,,60.032,-153.09
323010,Shasta,20639,Discredited Eruption,,,1786.0,0.0,0.0,Historical Observations,,,,41.409,-122.193
285010,Oshima-Oshima,18557,Uncertain Eruption,Nishi-yama,2.0,1786.0,0.0,0.0,,,,,41.51,139.367
284150,Asuncion,18497,Discredited Eruption,,,1786.0,0.0,0.0,,,,,19.671,145.406
211050,Vulcano,13475,Uncertain Eruption,Fossa,3.0,1786.0,0.0,0.0,,,,,38.404,14.962
263200,Dieng Volcanic Complex,15773,Confirmed Eruption,Butak Petarangan (Butak),2.0,1786.0,0.0,0.0,Historical Observations,,,,-7.2,109.879
266030,Soputan,16303,Confirmed Eruption,,2.0,1785.0,12.0,31.0,Historical Observations,,,,1.112,124.737
282080,Aira,17064,Confirmed Eruption,,2.0,1785.0,11.0,20.0,Historical Observations,,,,31.593,130.657
300260,Klyuchevskoy,19405,Confirmed Eruption,,2.0,1785.0,11.0,0.0,Historical Observations,,,,56.056,160.642
352006,Cayambe,11417,Confirmed Eruption,Upper SE flank,2.0,1785.0,2.0,0.0,Historical Observations,1786.0,3.0,0.0,0.029,-77.986
384010,Fogo,13130,Confirmed Eruption,North caldera floor,2.0,1785.0,1.0,24.0,Historical Observations,1785.0,2.0,25.0,14.95,-24.35
342040,Almolonga,10629,Discredited Eruption,,,1785.0,0.0,0.0,,,,,14.797,-91.519
281031,Kueishantao,16905,Confirmed Eruption,,0.0,1785.0,0.0,0.0,Historical Observations,,,,24.841,121.953
263280,Kelut,15940,Confirmed Eruption,,2.0,1785.0,0.0,0.0,Historical Observations,,,,-7.93,112.308
354010,"Misti, El",11767,Confirmed Eruption,,2.0,1784.0,7.0,9.0,Historical Observations,,,,-16.294,-71.409
354006,Sabancaya,11746,Confirmed Eruption,,,1784.0,7.0,0.0,Historical Observations,,,,-15.787,-71.857
315020,Wrangell,20408,Uncertain Eruption,,2.0,1784.0,7.0,0.0,,,,,62.006,-144.017
360150,Soufriere St. Vincent,12449,Confirmed Eruption,,0.0,1784.0,3.0,0.0,Historical Observations,,,,13.33,-61.18
285020,Hokkaido-Komagatake,18566,Uncertain Eruption,,2.0,1784.0,2.0,8.0,,,,,42.063,140.677
311270,Vsevidof,19822,Uncertain Eruption,,,1784.0,0.0,0.0,,,,,53.13,-168.693
311120,Great Sitkin,19728,Uncertain Eruption,,,1784.0,0.0,0.0,,,,,52.076,-176.13
332040,Hualalai,10253,Confirmed Eruption,NW rift zone (1400-1900 m),0.0,1784.0,0.0,0.0,Historical Observations,,,,19.692,-155.87
233020,"Fournaise, Piton de la",14243,Confirmed Eruption,,2.0,1784.0,0.0,0.0,Historical Observations,1785.0,0.0,0.0,-21.244,55.708
354020,Ubinas,11783,Confirmed Eruption,,2.0,1784.0,0.0,0.0,Historical Observations,,,,-16.355,-70.903
283270,Iwakisan,18117,Uncertain Eruption,,2.0,1783.0,12.0,3.0,,,,,40.656,140.303
282080,Aira,17063,Confirmed Eruption,,3.0,1783.0,9.0,3.0,Historical Observations,,,,31.593,130.657
211020,Vesuvius,13349,Confirmed Eruption,Summit and SW flank (550-300 m),3.0,1783.0,8.0,18.0,Historical Observations,1794.0,7.0,5.0,40.821,14.426
343030,Izalco,10772,Confirmed Eruption,,0.0,1783.0,7.0,0.0,Historical Observations,,,,13.813,-89.633
283110,Asamayama,17748,Confirmed Eruption,,4.0,1783.0,5.0,9.0,Historical Observations,1783.0,8.0,5.0,36.406,138.523
371020,Reykjanes,12505,Confirmed Eruption,Reykjaneshryggur (Nyey),3.0,1783.0,5.0,1.0,Historical Observations,1783.0,8.0,15.0,63.85,-22.566
373010,Grimsvotn,12809,Confirmed Eruption,Lakagigar (Skaftar) and Grímsvötn,4.0,1783.0,5.0,0.0,Historical Observations,1785.0,5.0,26.0,64.416,-17.316
375010,Kolbeinsey Ridge,12963,Discredited Eruption,,,1783.0,0.0,0.0,,,,,66.67,-18.5
283210,Kurikomayama,17999,Uncertain Eruption,,,1783.0,0.0,0.0,,,,,38.961,140.788
284010,Izu-Oshima,18195,Confirmed Eruption,Mihara-yama,2.0,1783.0,0.0,0.0,Historical Observations,1786.0,0.0,0.0,34.724,139.394
311110,Kanaga,19713,Confirmed Eruption,,,1783.0,0.0,0.0,Historical Observations,1787.0,0.0,0.0,51.923,-177.168
213040,Ararat,13536,Uncertain Eruption,,,1783.0,0.0,0.0,,,,,39.7,44.3
283270,Iwakisan,18116,Confirmed Eruption,,2.0,1782.0,12.0,1.0,Historical Observations,1783.0,3.0,12.0,40.656,140.303
283270,Iwakisan,18115,Uncertain Eruption,South flank,2.0,1782.0,4.0,12.0,,,,,40.656,140.303
282080,Aira,17062,Confirmed Eruption,NE flank (offshore),2.0,1782.0,1.0,18.0,Historical Observations,,,,31.593,130.657
322010,Hood,20570,Confirmed Eruption,Crater Rock,,1781.0,10.0,15.0,Dendrochronology,1801.0,0.0,0.0,45.374,-121.695
211060,Etna,13722,Confirmed Eruption,Central Crater,2.0,1781.0,3.0,0.0,Historical Observations,1781.0,5.0,10.0,37.748,14.999
243070,Lateiki,14757,Confirmed Eruption,,2.0,1781.0,0.0,0.0,Historical Observations,,,,-19.18,-174.87
243050,Fonuafo'ou,14734,Uncertain Eruption,,0.0,1781.0,0.0,0.0,,,,,-20.32,-175.42
282110,Asosan,17267,Confirmed Eruption,Naka-dake,1.0,1781.0,0.0,0.0,Historical Observations,1788.0,0.0,0.0,32.884,131.104
268060,Gamalama,16618,Uncertain Eruption,,,1781.0,0.0,0.0,,,,,0.8,127.33
352080,Tungurahua,11635,Uncertain Eruption,,2.0,1781.0,0.0,0.0,,,,,-1.467,-78.442
341040,Colima,10430,Confirmed Eruption,,2.0,1780.0,11.0,26.0,Historical Observations,,,,19.514,-103.62
284060,Aogashima,18308,Confirmed Eruption,"Maru-yama, SW part of Ikenosawa crater",3.0,1780.0,7.0,27.0,Historical Observations,1785.0,5.0,0.0,32.458,139.759
211060,Etna,13721,Confirmed Eruption,"Summit, S & SSW flanks (2360-1850 m)",2.0,1780.0,4.0,20.0,Historical Observations,1780.0,7.0,0.0,37.748,14.999
211050,Vulcano,13474,Confirmed Eruption,Fossa,2.0,1780.0,0.0,0.0,Historical Observations,,,,38.404,14.962
243100,Fonualei,14777,Uncertain Eruption,,,1780.0,0.0,0.0,,,,,-18.023,-174.317
263130,Guntur,15691,Confirmed Eruption,,2.0,1780.0,0.0,0.0,Historical Observations,,,,-7.143,107.84
263050,Salak,15643,Confirmed Eruption,Kawah Ratu,2.0,1780.0,0.0,0.0,Historical Observations,,,,-6.72,106.73
284110,Kita-Ioto,18377,Confirmed Eruption,Funka-Asane,0.0,1780.0,0.0,0.0,Historical Observations,,,,25.424,141.284
290120,Kolokol Group,18766,Confirmed Eruption,,2.0,1780.0,0.0,0.0,Historical Observations,,,,46.042,150.083
285070,Akan,18685,Confirmed Eruption,Me-Akan,1.0,1780.0,0.0,0.0,Historical Observations,,,,43.384,144.013
354040,Tutupaca,11797,Uncertain Eruption,Volcano Uncertain: reported from Tutupaca,2.0,1780.0,0.0,0.0,Historical Observations,1780.0,,,-17.026,-70.372
357120,Villarrica,12117,Confirmed Eruption,,1.0,1780.0,0.0,0.0,Historical Observations,,,,-39.42,-71.93
282080,Aira,17061,Confirmed Eruption,"NE flank, off NE coast, south flank",4.0,1779.0,11.0,8.0,Historical Observations,1781.0,5.0,0.0,31.593,130.657
283110,Asamayama,17747,Uncertain Eruption,,,1779.0,9.0,0.0,,,,,36.406,138.523
300100,Avachinsky,19084,Confirmed Eruption,,3.0,1779.0,6.0,15.0,Historical Observations,1779.0,6.0,16.0,53.256,158.836
290100,Moyorodake [Medvezhia],18761,Confirmed Eruption,Kudriavy,2.0,1778.0,12.0,31.0,Historical Observations,,,,45.389,148.838
290250,Raikoke,18822,Confirmed Eruption,,4.0,1778.0,0.0,0.0,Historical Observations,,,,48.292,153.25
313030,Redoubt,20382,Discredited Eruption,,,1778.0,0.0,0.0,,,,,60.485,-152.742
313020,Iliamna,20279,Confirmed Eruption,,,1778.0,0.0,0.0,Historical Observations,1779.0,0.0,0.0,60.032,-153.09
265090,Banda Api,16410,Confirmed Eruption,,2.0,1778.0,0.0,0.0,Historical Observations,,,,-4.523,129.881
284010,Izu-Oshima,18194,Confirmed Eruption,Mihara-yama & flanks,3.0,1777.0,8.0,31.0,Historical Observations,1779.0,0.0,0.0,34.724,139.394
283110,Asamayama,17746,Confirmed Eruption,,2.0,1777.0,0.0,0.0,Historical Observations,,,,36.406,138.523
263130,Guntur,15690,Confirmed Eruption,,2.0,1777.0,0.0,0.0,Historical Observations,,,,-7.143,107.84
357120,Villarrica,12116,Confirmed Eruption,,1.0,1777.0,0.0,0.0,Historical Observations,1779.0,0.0,0.0,-39.42,-71.93
352080,Tungurahua,11634,Uncertain Eruption,,2.0,1777.0,0.0,0.0,,,,,-1.467,-78.442
300080,Opala,19034,Confirmed Eruption,,2.0,1776.0,10.0,23.0,Historical Observations,,,,52.543,157.339
300120,Zhupanovsky,19131,Confirmed Eruption,,2.0,1776.0,10.0,0.0,Historical Observations,,,,53.589,159.15
283110,Asamayama,17745,Confirmed Eruption,,2.0,1776.0,9.0,5.0,Historical Observations,,,,36.406,138.523
352080,Tungurahua,11633,Confirmed Eruption,,2.0,1776.0,1.0,3.0,Historical Observations,,,,-1.467,-78.442
311050,Little Sitkin,19668,Confirmed Eruption,,1.0,1776.0,0.0,0.0,Historical Observations,,,,51.95,178.543
305030,Wudalianchi,19636,Confirmed Eruption,Laoheishan,2.0,1776.0,0.0,0.0,Historical Observations,,,,48.72,126.12
263200,Dieng Volcanic Complex,15772,Uncertain Eruption,,,1776.0,0.0,0.0,,,,,-7.2,109.879
263280,Kelut,15939,Confirmed Eruption,,2.0,1776.0,0.0,0.0,Historical Observations,,,,-7.93,112.308
211060,Etna,13720,Confirmed Eruption,Central Crater,,1776.0,0.0,0.0,Historical Observations,,,,37.748,14.999
233020,"Fournaise, Piton de la",14242,Confirmed Eruption,SE rift zone (Piton Takamaka),0.0,1776.0,0.0,0.0,Historical Observations,,,,-21.244,55.708
268060,Gamalama,16617,Confirmed Eruption,Summit and NW flank (100 m),3.0,1775.0,8.0,20.0,Historical Observations,1775.0,11.0,6.0,0.8,127.33
342110,Pacaya,10755,Confirmed Eruption,Cerro Chino (SW flank and summit),3.0,1775.0,7.0,1.0,Historical Observations,1775.0,7.0,23.0,14.382,-90.601
263170,Cereme,15726,Confirmed Eruption,,2.0,1775.0,1.0,4.0,Historical Observations,,,,-6.895,108.408
263310,Tengger Caldera,16015,Uncertain Eruption,Bromo,,1775.0,0.0,0.0,,,,,-7.942,112.95
265090,Banda Api,16409,Confirmed Eruption,,2.0,1775.0,0.0,0.0,Historical Observations,,,,-4.523,129.881
266100,Lokon-Empung,16442,Confirmed Eruption,Empung,3.0,1775.0,0.0,0.0,Historical Observations,,,,1.358,124.792
233020,"Fournaise, Piton de la",14241,Confirmed Eruption,East side of summit cone,2.0,1775.0,0.0,0.0,Historical Observations,,,,-21.244,55.708
221250,Tullu Moje,13955,Confirmed Eruption,Giano lava flow,,1775.0,0.0,0.0,Anthropology,,,,8.159,39.137
211050,Vulcano,13473,Uncertain Eruption,Fossa,,1775.0,0.0,0.0,,,,,38.404,14.962
311360,Shishaldin,20056,Uncertain Eruption,,,1775.0,0.0,0.0,,1778.0,0.0,0.0,54.756,-163.97
284150,Asuncion,18496,Uncertain Eruption,,2.0,1775.0,0.0,0.0,,,,,19.671,145.406
344100,Masaya,11014,Discredited Eruption,,,1775.0,0.0,0.0,,,,,11.985,-86.165
345060,Irazu,11203,Confirmed Eruption,,2.0,1775.0,0.0,0.0,Historical Observations,,,,9.979,-83.852
357120,Villarrica,12115,Uncertain Eruption,,2.0,1775.0,0.0,0.0,,,,,-39.42,-71.93
358040,Michinmahuida,22113,Uncertain Eruption,,2.0,1775.0,,,Tephrochronology,,,,-42.799,-72.445
311230,Carlisle,19797,Confirmed Eruption,,,1774.0,7.0,2.0,Historical Observations,,,,52.894,-170.054
233020,"Fournaise, Piton de la",14240,Confirmed Eruption,SE rift zone,0.0,1774.0,7.0,2.0,Historical Observations,,,,-21.244,55.708
257100,Yasur,15355,Confirmed Eruption,,3.0,1774.0,7.0,2.0,Historical Observations,2020.0,4.0,17.0,-19.532,169.447
257040,Ambrym,15239,Confirmed Eruption,,2.0,1774.0,7.0,2.0,Historical Observations,,,,-16.25,168.12
243060,Tofua,14744,Confirmed Eruption,,2.0,1774.0,6.0,0.0,Historical Observations,,,,-19.75,-175.07
373010,Grimsvotn,12808,Confirmed Eruption,,2.0,1774.0,2.0,0.0,Historical Observations,,,,64.416,-17.316
268063,Moti,16596,Discredited Eruption,,,1774.0,0.0,0.0,,,,,0.454,127.411
268060,Gamalama,16616,Confirmed Eruption,,2.0,1773.0,10.0,21.0,Historical Observations,1774.0,1.0,22.0,0.8,127.33
274050,Unnamed,16888,Confirmed Eruption,,0.0,1773.0,10.0,0.0,Historical Observations,,,,20.33,121.75
274020,Didicas,16873,Confirmed Eruption,,1.0,1773.0,10.0,0.0,Historical Observations,,,,19.077,122.202
265090,Banda Api,16408,Confirmed Eruption,,2.0,1773.0,2.0,6.0,Historical Observations,,,,-4.523,129.881
352080,Tungurahua,11632,Confirmed Eruption,,3.0,1773.0,2.0,4.0,Historical Observations,1773.0,7.0,0.0,-1.467,-78.442
268060,Gamalama,16615,Confirmed Eruption,,2.0,1773.0,2.0,2.0,Historical Observations,1773.0,2.0,7.0,0.8,127.33
342090,Fuego,10698,Uncertain Eruption,,2.0,1773.0,0.0,0.0,,,,,14.473,-90.88
283090,Niigata-Yakeyama,17539,Confirmed Eruption,,3.0,1773.0,0.0,0.0,Historical Observations,,,,36.921,138.036
352022,Chacana,11458,Confirmed Eruption,South part of caldera,0.0,1773.0,0.0,0.0,Historical Observations,,,,-0.375,-78.25
233020,"Fournaise, Piton de la",14239,Confirmed Eruption,,2.0,1772.0,11.0,18.0,Historical Observations,,,,-21.244,55.708
263100,Papandayan,15685,Confirmed Eruption,,3.0,1772.0,8.0,12.0,Historical Observations,1772.0,8.0,12.0,-7.32,107.73
263180,Slamet,15730,Confirmed Eruption,,2.0,1772.0,8.0,11.0,Historical Observations,1772.0,8.0,12.0,-7.242,109.208
263170,Cereme,15725,Confirmed Eruption,,2.0,1772.0,8.0,11.0,Historical Observations,1772.0,8.0,12.0,-6.895,108.408
344100,Masaya,11013,Confirmed Eruption,North side of Old Masaya Crater,2.0,1772.0,3.0,16.0,Historical Observations,1772.0,3.0,25.0,11.985,-86.165
233020,"Fournaise, Piton de la",14238,Confirmed Eruption,,2.0,1772.0,2.0,0.0,Historical Observations,,,,-21.244,55.708
282110,Asosan,17266,Confirmed Eruption,Naka-dake,2.0,1772.0,0.0,0.0,Historical Observations,1780.0,0.0,0.0,32.884,131.104
300100,Avachinsky,19083,Confirmed Eruption,,2.0,1772.0,0.0,0.0,Historical Observations,,,,53.256,158.836
311060,Semisopochnoi,19670,Uncertain Eruption,Cerberus,,1772.0,0.0,0.0,,,,,51.93,179.58
300260,Klyuchevskoy,19404,Confirmed Eruption,,2.0,1772.0,0.0,0.0,Historical Observations,,,,56.056,160.642
343030,Izalco,10771,Confirmed Eruption,,2.0,1772.0,0.0,0.0,Historical Observations,,,,13.813,-89.633
268060,Gamalama,16614,Confirmed Eruption,,3.0,1771.0,8.0,28.0,Historical Observations,1772.0,10.0,9.0,0.8,127.33
211050,Vulcano,13472,Confirmed Eruption,Fossa,3.0,1771.0,2.0,17.0,Historical Observations,1771.0,5.0,0.0,38.404,14.962
263280,Kelut,15938,Confirmed Eruption,,2.0,1771.0,1.0,10.0,Historical Observations,,,,-7.93,112.308
282090,Kirishimayama,17139,Confirmed Eruption,Shinmoe-dake,2.0,1771.0,0.0,0.0,Historical Observations,1772.0,0.0,0.0,31.934,130.862
233020,"Fournaise, Piton de la",14237,Confirmed Eruption,,,1771.0,0.0,0.0,Historical Observations,,,,-21.244,55.708
341040,Colima,10429,Confirmed Eruption,,3.0,1771.0,0.0,0.0,Historical Observations,,,,19.514,-103.62
300130,Karymsky,19155,Confirmed Eruption,,2.0,1771.0,0.0,0.0,Historical Observations,,,,54.049,159.443
357120,Villarrica,21011,Confirmed Eruption,,2.0,1771.0,,,Varve Count,,,,-39.42,-71.93
283030,Fujisan,17454,Uncertain Eruption,South flank?,,1770.0,9.0,16.0,,,,,35.361,138.728
268060,Gamalama,16613,Confirmed Eruption,,3.0,1770.0,7.0,6.0,Historical Observations,1770.0,12.0,9.0,0.8,127.33
211060,Etna,13719,Uncertain Eruption,Central Crater,,1770.0,5.0,28.0,,,,,37.748,14.999
300260,Klyuchevskoy,19403,Confirmed Eruption,,2.0,1770.0,5.0,0.0,Historical Observations,,,,56.056,160.642
341040,Colima,10428,Confirmed Eruption,,3.0,1770.0,3.0,10.0,Historical Observations,1770.0,3.0,12.0,19.514,-103.62
343030,Izalco,10770,Confirmed Eruption,,2.0,1770.0,2.0,23.0,Historical Observations,,,,13.813,-89.633
211020,Vesuvius,13346,Confirmed Eruption,"Summit, N, NE, SE and E flanks",3.0,1770.0,2.0,15.0,Historical Observations,1779.0,10.0,4.0,40.821,14.426
222090,Olkaria,13993,Confirmed Eruption,Ololbutot,,1770.0,0.0,0.0,Radiocarbon (uncorrected),,,,-0.904,36.292
261140,Marapi,15417,Confirmed Eruption,,2.0,1770.0,0.0,0.0,Historical Observations,,,,-0.38,100.474
311190,Amukta,19783,Uncertain Eruption,,,1770.0,0.0,0.0,,,,,52.5,-171.252
283110,Asamayama,17744,Confirmed Eruption,Volcano Uncertain,,1769.0,8.0,6.0,,,,,36.406,138.523
384010,Fogo,13129,Confirmed Eruption,SW side,,1769.0,4.0,0.0,Historical Observations,,,,14.95,-24.35
300240,Tolbachik,19294,Confirmed Eruption,,2.0,1769.0,2.0,15.0,Historical Observations,1769.0,10.0,15.0,55.832,160.326
285030,Toya,18596,Confirmed Eruption,Ko-Usu,4.0,1769.0,1.0,23.0,Historical Observations,,,,42.544,140.839
290210,Ushishur,18799,Confirmed Eruption,Center of caldera bay,,1769.0,0.0,0.0,Historical Observations,,,,47.52,152.8
283270,Iwakisan,18114,Uncertain Eruption,,2.0,1769.0,0.0,0.0,,,,,40.656,140.303
341040,Colima,10427,Confirmed Eruption,,2.0,1769.0,0.0,0.0,Historical Observations,,,,19.514,-103.62
282090,Kirishimayama,17138,Confirmed Eruption,Ohachi,2.0,1769.0,0.0,0.0,Historical Observations,,,,31.934,130.862
373030,Bardarbunga,12879,Confirmed Eruption,Volcano Uncertain: Bárdarbunga or Grímsvötn,2.0,1769.0,0.0,0.0,,,,,64.633,-17.516
343100,San Miguel,10836,Confirmed Eruption,East flank ?,2.0,1769.0,0.0,0.0,Historical Observations,,,,13.434,-88.269
263250,Merapi,15864,Confirmed Eruption,,2.0,1768.0,8.0,19.0,Historical Observations,,,,-7.54,110.446
352050,Cotopaxi,11553,Confirmed Eruption,,4.0,1768.0,4.0,4.0,Historical Observations,,,,-0.677,-78.436
373010,Grimsvotn,12807,Confirmed Eruption,Volcano Uncertain: Vatnajökull,2.0,1768.0,0.0,0.0,,,,,64.416,-17.316
282090,Kirishimayama,17137,Confirmed Eruption,Iwo-yama (NW flank of Karakuni-dake),0.0,1768.0,0.0,0.0,Historical Observations,,,,31.934,130.862
233020,"Fournaise, Piton de la",14236,Confirmed Eruption,Formica Leo,2.0,1768.0,0.0,0.0,Historical Observations,,,,-21.244,55.708
311110,Kanaga,19712,Discredited Eruption,,,1768.0,0.0,0.0,,,,,51.923,-177.168
311310,Makushin,19760,Confirmed Eruption,,3.0,1768.0,0.0,0.0,Historical Observations,1769.0,0.0,0.0,53.891,-166.923
313020,Iliamna,20278,Uncertain Eruption,,,1768.0,0.0,0.0,,,,,60.032,-153.09
273030,Mayon,13602,Discredited Eruption,,,1767.0,10.0,24.0,,,,,13.257,123.685
252140,Rabaul,15086,Confirmed Eruption,Tavurvur ?,2.0,1767.0,9.0,10.0,Historical Observations,,,,-4.271,152.203
256010,Tinakula,15188,Confirmed Eruption,,2.0,1767.0,8.0,17.0,Historical Observations,,,,-10.386,165.804
211060,Etna,13718,Confirmed Eruption,Central Crater,,1767.0,5.0,2.0,Historical Observations,,,,37.748,14.999
263310,Tengger Caldera,16014,Uncertain Eruption,Bromo,,1767.0,0.0,0.0,,,,,-7.942,112.95
300260,Klyuchevskoy,19402,Confirmed Eruption,,2.0,1767.0,0.0,0.0,Historical Observations,,,,56.056,160.642
283160,Bandaisan,17897,Uncertain Eruption,Mt. Hanzawa (Bandai foothills),,1767.0,0.0,0.0,,,,,37.601,140.072
290270,Ekarma,18831,Confirmed Eruption,Summit dome,2.0,1767.0,0.0,0.0,Historical Observations,1769.0,0.0,0.0,48.958,153.93
357120,Villarrica,21012,Confirmed Eruption,,2.0,1767.0,,,Varve Count,,,,-39.42,-71.93
273030,Mayon,13601,Confirmed Eruption,,3.0,1766.0,7.0,20.0,Historical Observations,1766.0,7.0,25.0,13.257,123.685
373030,Bardarbunga,12878,Confirmed Eruption,,2.0,1766.0,7.0,0.0,Historical Observations,,,,64.633,-17.516
282080,Aira,17060,Discredited Eruption,,,1766.0,6.0,5.0,,,,,31.593,130.657
211060,Etna,13717,Confirmed Eruption,"South flank (2100-1950 m, M. Calcarazzi)",2.0,1766.0,4.0,27.0,Historical Observations,1766.0,11.0,6.0,37.748,14.999
372070,Hekla,12745,Confirmed Eruption,Bjallagigar,4.0,1766.0,4.0,5.0,Historical Observations,1768.0,5.0,0.0,63.983,-19.666
233020,"Fournaise, Piton de la",14235,Confirmed Eruption,,2.0,1766.0,3.0,0.0,Historical Observations,1766.0,5.0,26.0,-21.244,55.708
352050,Cotopaxi,11552,Confirmed Eruption,,3.0,1766.0,2.0,10.0,Historical Observations,1766.0,12.0,0.0,-0.677,-78.436
360140,Qualibou,12433,Confirmed Eruption,Sulphur Springs area,1.0,1766.0,0.0,0.0,Historical Observations,,,,13.83,-61.05
263200,Dieng Volcanic Complex,15771,Uncertain Eruption,,,1766.0,0.0,0.0,,,,,-7.2,109.879
342040,Almolonga,10628,Confirmed Eruption,Cerro Quemado,2.0,1765.0,10.0,24.0,Historical Observations,1765.0,10.0,25.0,14.797,-91.519
265090,Banda Api,16407,Confirmed Eruption,,2.0,1765.0,4.0,19.0,Historical Observations,1766.0,10.0,0.0,-4.523,129.881
282110,Asosan,17265,Confirmed Eruption,Naka-dake,3.0,1765.0,1.0,0.0,Historical Observations,1765.0,10.0,0.0,32.884,131.104
342090,Fuego,10697,Uncertain Eruption,,2.0,1765.0,0.0,0.0,,,,,14.473,-90.88
290240,Sarychev Peak,18804,Confirmed Eruption,,2.0,1765.0,0.0,0.0,Historical Observations,,,,48.092,153.2
290250,Raikoke,18821,Confirmed Eruption,,2.0,1765.0,0.0,0.0,Historical Observations,,,,48.292,153.25
290190,Prevo Peak,18791,Confirmed Eruption,,3.0,1765.0,0.0,0.0,Historical Observations,,,,47.02,152.12
285020,Hokkaido-Komagatake,18565,Uncertain Eruption,,2.0,1765.0,0.0,0.0,,,,,42.063,140.677
358010,Osorno,12230,Confirmed Eruption,,1.0,1765.0,0.0,0.0,Historical Observations,,,,-41.105,-72.496
344040,Telica,10904,Confirmed Eruption,,2.0,1765.0,0.0,0.0,Historical Observations,,,,12.606,-86.84
345020,Rincon de la Vieja,11086,Confirmed Eruption,,2.0,1765.0,0.0,0.0,Historical Observations,,,,10.83,-85.324
344090,Momotombo,10991,Confirmed Eruption,,2.0,1764.0,0.0,0.0,Historical Observations,,,,12.423,-86.539
283220,Chokaisan,18030,Uncertain Eruption,,2.0,1764.0,0.0,0.0,,,,,39.099,140.049
211060,Etna,13716,Confirmed Eruption,NW flank (3125-2500 m?),1.0,1764.0,0.0,0.0,Historical Observations,1765.0,0.0,0.0,37.748,14.999
211020,Vesuvius,13345,Confirmed Eruption,"Summit, upper SW, SE, and NNW flanks",3.0,1764.0,0.0,0.0,Historical Observations,1767.0,10.0,27.0,40.821,14.426
284040,Miyakejima,18265,Confirmed Eruption,"Oyama, SSW flank (Shinmio maar)",4.0,1763.0,8.0,17.0,Historical Observations,1769.0,0.0,0.0,34.094,139.526
211060,Etna,13713,Confirmed Eruption,"South flank (2500-1925 m, Montagnola)",3.0,1763.0,6.0,18.0,Historical Observations,1763.0,9.0,10.0,37.748,14.999
211060,Etna,13712,Confirmed Eruption,"West flank (1725-1580 m, Mt. Nuovo)",2.0,1763.0,2.0,6.0,Historical Observations,1763.0,3.0,10.0,37.748,14.999
268060,Gamalama,16612,Confirmed Eruption,North flank,2.0,1763.0,0.0,0.0,Historical Observations,,,,0.8,127.33
311110,Kanaga,19711,Uncertain Eruption,,,1763.0,0.0,0.0,,,,,51.923,-177.168
311080,Tanaga,19694,Uncertain Eruption,,,1763.0,0.0,0.0,,1770.0,0.0,0.0,51.885,-178.146
357040,Planchon-Peteroa,11930,Confirmed Eruption,Peteroa (2 km S of Planchón summit),4.0,1762.0,12.0,3.0,Historical Observations,,,,-35.223,-70.568
283110,Asamayama,17743,Confirmed Eruption,,2.0,1762.0,4.0,0.0,Historical Observations,,,,36.406,138.523
300260,Klyuchevskoy,19401,Confirmed Eruption,,2.0,1762.0,0.0,0.0,Historical Observations,,,,56.056,160.642
312030,Pavlof,20111,Confirmed Eruption,Volcano Uncertain,4.0,1762.0,0.0,0.0,,1786.0,0.0,0.0,55.417,-161.894
265090,Banda Api,16406,Confirmed Eruption,,2.0,1762.0,0.0,0.0,Historical Observations,,,,-4.523,129.881
343100,San Miguel,10835,Confirmed Eruption,NE flank (400 m),2.0,1762.0,0.0,0.0,Historical Observations,,,,13.434,-88.269
385030,Romanche Fracture Zone,13140,Uncertain Eruption,"0.38 S, 19.17 W",0.0,1761.0,5.0,3.0,,,,,-0.433,-19.596
382050,Terceira,19961,Confirmed Eruption,Fissure zone (east of Santa Barbara),2.0,1761.0,4.0,17.0,Historical Observations,1761.0,4.0,28.0,38.73,-27.32
263060,Gede-Pangrango,15628,Confirmed Eruption,,2.0,1761.0,0.0,0.0,Historical Observations,,,,-6.77,106.965
357120,Villarrica,21013,Confirmed Eruption,,2.0,1761.0,,,Varve Count,,,,-39.42,-71.93
233020,"Fournaise, Piton de la",14234,Confirmed Eruption,East flank,2.0,1760.0,12.0,15.0,Historical Observations,1760.0,12.0,29.0,-21.244,55.708
268070,Makian,16682,Confirmed Eruption,,4.0,1760.0,9.0,22.0,Historical Observations,1761.0,4.0,30.0,0.32,127.4
244040,Savai'i,14814,Confirmed Eruption,Mauga Afi (west-central Toasivi ridge),2.0,1760.0,0.0,0.0,Historical Observations,,,,-13.612,-172.525
311120,Great Sitkin,19727,Uncertain Eruption,,,1760.0,0.0,0.0,,,,,52.076,-176.13
311130,Kasatochi,19741,Confirmed Eruption,,0.0,1760.0,0.0,0.0,Historical Observations,,,,52.177,-175.508
311070,Gareloi,19674,Uncertain Eruption,,,1760.0,0.0,0.0,,,,,51.79,-178.794
342110,Pacaya,10754,Uncertain Eruption,,,1760.0,0.0,0.0,,,,,14.382,-90.601
290260,Chirinkotan,18824,Uncertain Eruption,,2.0,1760.0,0.0,0.0,,,,,48.98,153.48
352022,Chacana,11457,Confirmed Eruption,SW flank,0.0,1760.0,0.0,0.0,Historical Observations,,,,-0.375,-78.25
357120,Villarrica,12114,Confirmed Eruption,,1.0,1759.0,12.0,0.0,Historical Observations,1759.0,12.0,0.0,-39.42,-71.93
357110,Llaima,12025,Confirmed Eruption,,2.0,1759.0,12.0,0.0,Historical Observations,,,,-38.692,-71.729
341060,Michoacan-Guanajuato,10485,Confirmed Eruption,Jorullo,4.0,1759.0,9.0,29.0,Historical Observations,1774.0,0.0,0.0,19.85,-101.75
285010,Oshima-Oshima,18556,Confirmed Eruption,Nishi-yama,2.0,1759.0,8.0,19.0,Historical Observations,,,,41.51,139.367
233020,"Fournaise, Piton de la",14233,Confirmed Eruption,,,1759.0,0.0,0.0,Historical Observations,,,,-21.244,55.708
357090,Copahue,12002,Uncertain Eruption,,,1759.0,0.0,0.0,,,,,-37.856,-71.183
353090,Santiago,11731,Confirmed Eruption,West flank (James Bay),,1759.0,0.0,0.0,Anthropology,,,,-0.22,-90.77
357150,Puyehue-Cordon Caulle,12207,Confirmed Eruption,Cordón Caulle,2.0,1759.0,0.0,0.0,Historical Observations,,,,-40.59,-72.117
352060,Quilotoa,11601,Uncertain Eruption,,2.0,1759.0,0.0,0.0,,,,,-0.85,-78.9
211060,Etna,13711,Confirmed Eruption,"Central Crater, south flank (3000 m)",2.0,1758.0,11.0,3.0,Historical Observations,1759.0,8.0,1.0,37.748,14.999
382030,San Jorge,12992,Confirmed Eruption,Off south coast of Sao Jorge,0.0,1757.0,7.0,9.0,Historical Observations,1757.0,7.0,10.0,38.65,-28.08
352080,Tungurahua,11628,Uncertain Eruption,,2.0,1757.0,0.0,0.0,,,,,-1.467,-78.442
282080,Aira,17059,Confirmed Eruption,Minami-dake,2.0,1756.0,9.0,9.0,Historical Observations,,,,31.593,130.657
271060,Ragang,16706,Confirmed Eruption,,2.0,1756.0,0.0,0.0,Historical Observations,,,,7.691,124.507
263280,Kelut,15937,Uncertain Eruption,,,1756.0,0.0,0.0,,,,,-7.93,112.308
372030,Katla,12674,Confirmed Eruption,E-W fissure in center of caldera,5.0,1755.0,10.0,17.0,Historical Observations,1756.0,2.0,13.0,63.633,-19.083
375010,Kolbeinsey Ridge,12962,Confirmed Eruption,Volcano Uncertain: north of Iceland,,1755.0,9.0,18.0,,,,,66.67,-18.5
283110,Asamayama,17742,Confirmed Eruption,,2.0,1755.0,7.0,5.0,Historical Observations,1755.0,8.0,6.0,36.406,138.523
211060,Etna,13710,Confirmed Eruption,"East flank (Valle del Bove, 1750 m)",3.0,1755.0,3.0,9.0,Historical Observations,1755.0,3.0,15.0,37.748,14.999
241030,Taranaki,13347,Confirmed Eruption,,,1755.0,0.0,0.0,Dendrochronology,,,,-39.3,174.07
263250,Merapi,15863,Confirmed Eruption,,2.0,1755.0,0.0,0.0,Historical Observations,,,,-7.54,110.446
283110,Asamayama,17741,Confirmed Eruption,,2.0,1754.0,8.0,7.0,Historical Observations,1754.0,8.0,19.0,36.406,138.523
273070,Taal,16841,Confirmed Eruption,Summit crater and SE flank,4.0,1754.0,5.0,15.0,Historical Observations,1754.0,12.0,4.0,14.002,120.993
351080,Galeras,11353,Confirmed Eruption,,2.0,1754.0,0.0,0.0,Historical Observations,1756.0,0.0,0.0,1.22,-77.37
373010,Grimsvotn,12806,Confirmed Eruption,NE of Palsfjall,2.0,1753.0,10.0,15.0,Historical Observations,,,,64.416,-17.316
282110,Asosan,17264,Uncertain Eruption,Naka-dake,2.0,1753.0,0.0,0.0,,1754.0,0.0,0.0,32.884,131.104
233020,"Fournaise, Piton de la",14232,Confirmed Eruption,,2.0,1753.0,0.0,0.0,Historical Observations,,,,-21.244,55.708
283110,Asamayama,17740,Confirmed Eruption,,2.0,1752.0,9.0,0.0,Historical Observations,1752.0,10.0,0.0,36.406,138.523
263280,Kelut,15936,Confirmed Eruption,,2.0,1752.0,5.0,1.0,Historical Observations,,,,-7.93,112.308
263260,Lawu,15926,Discredited Eruption,,,1752.0,5.0,1.0,,,,,-7.625,111.192
357080,Antuco,11996,Confirmed Eruption,,3.0,1752.0,1.0,31.0,Historical Observations,1752.0,2.0,1.0,-37.406,-71.349
357070,"Chillan, Nevados de",11969,Confirmed Eruption,Cerro Blanco and Volcán Viejo?,2.0,1752.0,1.0,30.0,Historical Observations,,,,-36.868,-71.378
263250,Merapi,15862,Confirmed Eruption,,2.0,1752.0,0.0,0.0,Historical Observations,,,,-7.54,110.446
357091,Callaqui,19914,Confirmed Eruption,,2.0,1751.0,12.0,31.0,Historical Observations,,,,-37.92,-71.45
357072,Tromen,11961,Confirmed Eruption,,3.0,1751.0,12.0,31.0,Historical Observations,,,,-37.144,-70.033
357110,Llaima,12024,Confirmed Eruption,,2.0,1751.0,12.0,18.0,Historical Observations,1752.0,0.0,0.0,-38.692,-71.729
357120,Villarrica,12113,Confirmed Eruption,,1.0,1751.0,12.0,14.0,Historical Observations,,,,-39.42,-71.93
357040,Planchon-Peteroa,11929,Confirmed Eruption,,2.0,1751.0,11.0,0.0,Historical Observations,1751.0,12.0,0.0,-35.223,-70.568
233020,"Fournaise, Piton de la",14231,Confirmed Eruption,,2.0,1751.0,6.0,0.0,Historical Observations,1751.0,6.0,0.0,-21.244,55.708
342090,Fuego,10696,Uncertain Eruption,,2.0,1751.0,0.0,0.0,,,,,14.473,-90.88
352050,Cotopaxi,11551,Confirmed Eruption,,2.0,1750.0,9.0,2.0,Historical Observations,1750.0,9.0,4.0,-0.677,-78.436
345033,Arenal,11131,Confirmed Eruption,Summit and NW flank (A2 lava flows),0.0,1750.0,0.0,0.0,Tephrochronology,,,,10.463,-84.703
354006,Sabancaya,11745,Confirmed Eruption,,,1750.0,0.0,0.0,Historical Observations,,,,-15.787,-71.857
357123,Huanquihue Group,12087,Confirmed Eruption,Achín-Niellu (Volcán Escorial),,1750.0,0.0,0.0,Radiocarbon (uncorrected),,,,-39.887,-71.58
357080,Antuco,11995,Confirmed Eruption,,2.0,1750.0,0.0,0.0,Historical Observations,,,,-37.406,-71.349
357090,Copahue,12001,Confirmed Eruption,,2.0,1750.0,0.0,0.0,Historical Observations,,,,-37.856,-71.183
373030,Bardarbunga,12877,Confirmed Eruption,,,1750.0,0.0,0.0,Ice Core,,,,64.633,-17.516
332060,Haleakala,10296,Confirmed Eruption,SW rift zone (180-360 m),,1750.0,0.0,0.0,Anthropology,,,,20.708,-156.25
332010,Kilauea,10058,Confirmed Eruption,"East rift zone (Heiheiahulu, 520 m)",0.0,1750.0,0.0,0.0,Historical Observations,,,,19.421,-155.287
332020,Mauna Loa,10187,Confirmed Eruption,North flank (2380 m) and SW rift zone?,0.0,1750.0,0.0,0.0,Historical Observations,,,,19.475,-155.608
300070,Gorely,19012,Confirmed Eruption,,2.0,1750.0,0.0,0.0,Tephrochronology,,,,52.559,158.03
300060,Mutnovsky,18957,Confirmed Eruption,,2.0,1750.0,0.0,0.0,Historical Observations,,,,52.449,158.196
300050,Ksudach,18940,Confirmed Eruption,Stubel,4.0,1750.0,0.0,0.0,Radiocarbon (corrected),,,,51.844,157.572
221010,"Tair, Jebel at",13919,Confirmed Eruption,,2.0,1750.0,0.0,0.0,Historical Observations,,,,15.55,41.83
